[0m03:20:15.412822 [debug] [MainThread]: Sending event: {'category': 'dbt', 'action': 'invocation', 'label': 'start', 'context': [<snowplow_tracker.self_describing_json.SelfDescribingJson object at 0x7879438b07d0>, <snowplow_tracker.self_describing_json.SelfDescribingJson object at 0x7879428cb150>, <snowplow_tracker.self_describing_json.SelfDescribingJson object at 0x7879428c9510>]}


============================== 03:20:15.433064 | 62befc0a-c055-4c92-9abf-33c2297e16b1 ==============================
[0m03:20:15.433064 [info ] [MainThread]: Running with dbt=1.11.7
[0m03:20:15.434053 [debug] [MainThread]: running dbt with arguments {'warn_error_options': 'WarnErrorOptionsV2(error=[], warn=[], silence=[])', 'log_format': 'default', 'use_colors': 'True', 'fail_fast': 'False', 'invocation_command': 'dbt deps', 'cache_selected_only': 'False', 'warn_error': 'None', 'target_path': 'None', 'write_json': 'True', 'partial_parse': 'True', 'no_print': 'None', 'empty': 'None', 'printer_width': '80', 'log_path': 'logs', 'indirect_selection': 'eager', 'log_cache_events': 'False', 'use_experimental_parser': 'False', 'quiet': 'False', 'version_check': 'True', 'introspect': 'True', 'send_anonymous_usage_stats': 'True', 'profiles_dir': '/usr/app/dbt', 'static_parser': 'True', 'debug': 'False'}
[0m03:20:15.434962 [error] [MainThread]: Encountered an error:
Runtime Error
  No dbt_project.yml found at expected path /usr/app/dbt/capstone_support/dbt_project.yml
  Verify that each entry within packages.yml (and their transitive dependencies) contains a file named dbt_project.yml
  
[0m03:20:15.437791 [debug] [MainThread]: Resource report: {"command_name": "deps", "command_success": false, "command_wall_clock_time": 0.09008426, "process_in_blocks": "67984", "process_kernel_time": 0.354322, "process_mem_max_rss": "107168", "process_out_blocks": "3192", "process_user_time": 1.631879}
[0m03:20:15.439234 [debug] [MainThread]: Command `dbt deps` failed at 03:20:15.439080 after 0.09 seconds
[0m03:20:15.441751 [debug] [MainThread]: Sending event: {'category': 'dbt', 'action': 'invocation', 'label': 'end', 'context': [<snowplow_tracker.self_describing_json.SelfDescribingJson object at 0x78794745d010>, <snowplow_tracker.self_describing_json.SelfDescribingJson object at 0x787945a0fd10>, <snowplow_tracker.self_describing_json.SelfDescribingJson object at 0x7879429140d0>]}
[0m03:20:15.442837 [debug] [MainThread]: Flushing usage events
[0m03:20:15.559760 [debug] [MainThread]: An error was encountered while trying to flush usage events
[0m03:23:48.095886 [debug] [MainThread]: Sending event: {'category': 'dbt', 'action': 'invocation', 'label': 'start', 'context': [<snowplow_tracker.self_describing_json.SelfDescribingJson object at 0x76c1accf24d0>, <snowplow_tracker.self_describing_json.SelfDescribingJson object at 0x76c1acb34cd0>, <snowplow_tracker.self_describing_json.SelfDescribingJson object at 0x76c1accf2a10>]}


============================== 03:23:48.099001 | f83348bd-1f43-4220-9100-3a006e7165f8 ==============================
[0m03:23:48.099001 [info ] [MainThread]: Running with dbt=1.11.7
[0m03:23:48.099883 [debug] [MainThread]: running dbt with arguments {'use_experimental_parser': 'False', 'printer_width': '80', 'fail_fast': 'False', 'empty': 'False', 'introspect': 'True', 'write_json': 'True', 'warn_error_options': 'WarnErrorOptionsV2(error=[], warn=[], silence=[])', 'warn_error': 'None', 'debug': 'False', 'log_format': 'default', 'static_parser': 'True', 'invocation_command': 'dbt run --profile customer_support_tickets --profiles-dir /usr/app/dbt', 'quiet': 'False', 'send_anonymous_usage_stats': 'True', 'log_cache_events': 'False', 'partial_parse': 'True', 'no_print': 'None', 'log_path': '/usr/app/dbt/capstone_support/logs', 'version_check': 'True', 'profiles_dir': '/usr/app/dbt', 'target_path': 'None', 'cache_selected_only': 'False', 'use_colors': 'True', 'indirect_selection': 'eager'}
[0m03:23:48.102361 [error] [MainThread]: Encountered an error:
Runtime Error
  Could not find profile named 'customer_support_tickets'
[0m03:23:48.103554 [debug] [MainThread]: Resource report: {"command_name": "run", "command_success": false, "command_wall_clock_time": 0.066110015, "process_in_blocks": "0", "process_kernel_time": 0.262561, "process_mem_max_rss": "104596", "process_out_blocks": "8", "process_user_time": 1.330644}
[0m03:23:48.104055 [debug] [MainThread]: Command `dbt run` failed at 03:23:48.103923 after 0.07 seconds
[0m03:23:48.104455 [debug] [MainThread]: Sending event: {'category': 'dbt', 'action': 'invocation', 'label': 'end', 'context': [<snowplow_tracker.self_describing_json.SelfDescribingJson object at 0x76c1acc21890>, <snowplow_tracker.self_describing_json.SelfDescribingJson object at 0x76c1accebe90>, <snowplow_tracker.self_describing_json.SelfDescribingJson object at 0x76c1accf0390>]}
[0m03:23:48.104835 [debug] [MainThread]: Flushing usage events
[0m03:23:48.211103 [debug] [MainThread]: An error was encountered while trying to flush usage events
[0m03:26:32.042460 [debug] [MainThread]: Sending event: {'category': 'dbt', 'action': 'invocation', 'label': 'start', 'context': [<snowplow_tracker.self_describing_json.SelfDescribingJson object at 0x72b618312b10>, <snowplow_tracker.self_describing_json.SelfDescribingJson object at 0x72b6183d9710>, <snowplow_tracker.self_describing_json.SelfDescribingJson object at 0x72b618312910>]}


============================== 03:26:32.047003 | cd902c8e-3481-44de-853a-8fc0515cc5f7 ==============================
[0m03:26:32.047003 [info ] [MainThread]: Running with dbt=1.11.7
[0m03:26:32.047718 [debug] [MainThread]: running dbt with arguments {'empty': 'None', 'no_print': 'None', 'log_cache_events': 'False', 'static_parser': 'True', 'use_experimental_parser': 'False', 'send_anonymous_usage_stats': 'True', 'profiles_dir': '/usr/app/dbt', 'fail_fast': 'False', 'introspect': 'True', 'warn_error_options': 'WarnErrorOptionsV2(error=[], warn=[], silence=[])', 'log_path': '/usr/app/dbt/capstone_support/logs', 'indirect_selection': 'eager', 'target_path': 'None', 'cache_selected_only': 'False', 'debug': 'False', 'partial_parse': 'True', 'quiet': 'False', 'printer_width': '80', 'invocation_command': 'dbt deps --profiles-dir /usr/app/dbt', 'write_json': 'True', 'use_colors': 'True', 'log_format': 'default', 'version_check': 'True', 'warn_error': 'None'}
[0m03:26:32.187036 [debug] [MainThread]: Sending event: {'category': 'dbt', 'action': 'project_id', 'label': 'cd902c8e-3481-44de-853a-8fc0515cc5f7', 'context': [<snowplow_tracker.self_describing_json.SelfDescribingJson object at 0x72b61822cd10>]}
[0m03:26:32.210070 [debug] [MainThread]: Set downloads directory='/tmp/dbt-downloads-0n2mstte'
[0m03:26:32.210522 [debug] [MainThread]: Making package index registry request: GET https://hub.getdbt.com/api/v1/index.json
[0m03:26:32.385038 [debug] [MainThread]: Response from registry index: GET https://hub.getdbt.com/api/v1/index.json 200
[0m03:26:32.387011 [debug] [MainThread]: Making package registry request: GET https://hub.getdbt.com/api/v1/dbt-labs/dbt_utils.json
[0m03:26:32.518587 [debug] [MainThread]: Response from registry: GET https://hub.getdbt.com/api/v1/dbt-labs/dbt_utils.json 200
[0m03:26:32.523658 [debug] [MainThread]: Making package registry request: GET https://hub.getdbt.com/api/v1/dbt-labs/codegen.json
[0m03:26:32.606854 [debug] [MainThread]: Response from registry: GET https://hub.getdbt.com/api/v1/dbt-labs/codegen.json 200
[0m03:26:32.609557 [info ] [MainThread]: Installing dbt-labs/dbt_utils
[0m03:26:32.756530 [info ] [MainThread]: Installed from version 1.3.3
[0m03:26:32.756972 [info ] [MainThread]: Up to date!
[0m03:26:32.757367 [debug] [MainThread]: Sending event: {'category': 'dbt', 'action': 'package', 'label': 'cd902c8e-3481-44de-853a-8fc0515cc5f7', 'property_': 'install', 'context': [<snowplow_tracker.self_describing_json.SelfDescribingJson object at 0x72b6183b2490>, <snowplow_tracker.self_describing_json.SelfDescribingJson object at 0x72b618219250>]}
[0m03:26:32.758252 [info ] [MainThread]: Installing dbt-labs/codegen
[0m03:26:32.848995 [info ] [MainThread]: Installed from version 0.14.0
[0m03:26:32.849529 [info ] [MainThread]: Up to date!
[0m03:26:32.850363 [debug] [MainThread]: Sending event: {'category': 'dbt', 'action': 'package', 'label': 'cd902c8e-3481-44de-853a-8fc0515cc5f7', 'property_': 'install', 'context': [<snowplow_tracker.self_describing_json.SelfDescribingJson object at 0x72b6181ea1d0>, <snowplow_tracker.self_describing_json.SelfDescribingJson object at 0x72b6183a6d90>]}
[0m03:26:32.852281 [debug] [MainThread]: Resource report: {"command_name": "deps", "command_success": true, "command_wall_clock_time": 0.86897653, "process_in_blocks": "1368", "process_kernel_time": 0.36101, "process_mem_max_rss": "109860", "process_out_blocks": "3176", "process_user_time": 1.624053}
[0m03:26:32.853358 [debug] [MainThread]: Command `dbt deps` succeeded at 03:26:32.853094 after 0.87 seconds
[0m03:26:32.853986 [debug] [MainThread]: Sending event: {'category': 'dbt', 'action': 'invocation', 'label': 'end', 'context': [<snowplow_tracker.self_describing_json.SelfDescribingJson object at 0x72b61938f4d0>, <snowplow_tracker.self_describing_json.SelfDescribingJson object at 0x72b61ceb91d0>, <snowplow_tracker.self_describing_json.SelfDescribingJson object at 0x72b61ceb9190>]}
[0m03:26:32.854687 [debug] [MainThread]: Flushing usage events
[0m03:26:33.031230 [debug] [MainThread]: An error was encountered while trying to flush usage events
[0m03:26:35.976974 [debug] [MainThread]: Sending event: {'category': 'dbt', 'action': 'invocation', 'label': 'start', 'context': [<snowplow_tracker.self_describing_json.SelfDescribingJson object at 0x72bcb2af9450>, <snowplow_tracker.self_describing_json.SelfDescribingJson object at 0x72bcb2c8f950>, <snowplow_tracker.self_describing_json.SelfDescribingJson object at 0x72bcb2c8fa50>]}


============================== 03:26:35.981467 | aba55706-0165-45ce-839c-aac4a6b740d6 ==============================
[0m03:26:35.981467 [info ] [MainThread]: Running with dbt=1.11.7
[0m03:26:35.982271 [debug] [MainThread]: running dbt with arguments {'version_check': 'True', 'use_experimental_parser': 'False', 'log_cache_events': 'False', 'fail_fast': 'False', 'quiet': 'False', 'cache_selected_only': 'False', 'partial_parse': 'True', 'printer_width': '80', 'write_json': 'True', 'warn_error_options': 'WarnErrorOptionsV2(error=[], warn=[], silence=[])', 'static_parser': 'True', 'invocation_command': 'dbt run --profiles-dir /usr/app/dbt --profile customer_support_tickets', 'introspect': 'True', 'log_path': '/usr/app/dbt/capstone_support/logs', 'send_anonymous_usage_stats': 'True', 'profiles_dir': '/usr/app/dbt', 'empty': 'False', 'use_colors': 'True', 'debug': 'False', 'warn_error': 'None', 'no_print': 'None', 'log_format': 'default', 'target_path': 'None', 'indirect_selection': 'eager'}
[0m03:26:35.985211 [error] [MainThread]: Encountered an error:
Runtime Error
  Could not find profile named 'customer_support_tickets'
[0m03:26:35.986370 [debug] [MainThread]: Resource report: {"command_name": "run", "command_success": false, "command_wall_clock_time": 0.06913327, "process_in_blocks": "0", "process_kernel_time": 0.274182, "process_mem_max_rss": "104924", "process_out_blocks": "8", "process_user_time": 1.618805}
[0m03:26:35.986951 [debug] [MainThread]: Command `dbt run` failed at 03:26:35.986825 after 0.07 seconds
[0m03:26:35.987419 [debug] [MainThread]: Sending event: {'category': 'dbt', 'action': 'invocation', 'label': 'end', 'context': [<snowplow_tracker.self_describing_json.SelfDescribingJson object at 0x72bcb76b90d0>, <snowplow_tracker.self_describing_json.SelfDescribingJson object at 0x72bcb2b11490>, <snowplow_tracker.self_describing_json.SelfDescribingJson object at 0x72bcb2e390d0>]}
[0m03:26:35.987884 [debug] [MainThread]: Flushing usage events
[0m03:26:36.083358 [debug] [MainThread]: An error was encountered while trying to flush usage events
[0m03:43:11.426333 [debug] [MainThread]: Sending event: {'category': 'dbt', 'action': 'invocation', 'label': 'start', 'context': [<snowplow_tracker.self_describing_json.SelfDescribingJson object at 0x7b846d5c49d0>, <snowplow_tracker.self_describing_json.SelfDescribingJson object at 0x7b84703cf8d0>, <snowplow_tracker.self_describing_json.SelfDescribingJson object at 0x7b84703db190>]}


============================== 03:43:11.431016 | d052317e-061e-40c1-b7b3-ff6d8aad89fd ==============================
[0m03:43:11.431016 [info ] [MainThread]: Running with dbt=1.11.7
[0m03:43:11.431923 [debug] [MainThread]: running dbt with arguments {'target_path': 'None', 'log_format': 'default', 'use_experimental_parser': 'False', 'warn_error': 'None', 'empty': 'None', 'log_cache_events': 'False', 'quiet': 'False', 'cache_selected_only': 'False', 'debug': 'False', 'profiles_dir': '/usr/app/dbt', 'printer_width': '80', 'version_check': 'True', 'static_parser': 'True', 'partial_parse': 'True', 'send_anonymous_usage_stats': 'True', 'warn_error_options': 'WarnErrorOptionsV2(error=[], warn=[], silence=[])', 'write_json': 'True', 'indirect_selection': 'eager', 'fail_fast': 'False', 'no_print': 'None', 'introspect': 'True', 'invocation_command': 'dbt deps', 'use_colors': 'True', 'log_path': '/usr/app/dbt/capstone_support/logs'}
[0m03:43:11.549919 [debug] [MainThread]: Sending event: {'category': 'dbt', 'action': 'project_id', 'label': 'd052317e-061e-40c1-b7b3-ff6d8aad89fd', 'context': [<snowplow_tracker.self_describing_json.SelfDescribingJson object at 0x7b846d165bd0>]}
[0m03:43:11.567567 [info ] [MainThread]: Warning: No packages were found in packages.yml
[0m03:43:11.587997 [info ] [MainThread]: Warning: No packages were found in packages.yml
[0m03:43:11.589475 [debug] [MainThread]: Resource report: {"command_name": "deps", "command_success": true, "command_wall_clock_time": 0.22287668, "process_in_blocks": "896", "process_kernel_time": 0.275985, "process_mem_max_rss": "107572", "process_out_blocks": "16", "process_user_time": 1.455824}
[0m03:43:11.592972 [debug] [MainThread]: Command `dbt deps` succeeded at 03:43:11.589888 after 0.22 seconds
[0m03:43:11.593484 [debug] [MainThread]: Sending event: {'category': 'dbt', 'action': 'invocation', 'label': 'end', 'context': [<snowplow_tracker.self_describing_json.SelfDescribingJson object at 0x7b846d328150>, <snowplow_tracker.self_describing_json.SelfDescribingJson object at 0x7b8471e24f10>, <snowplow_tracker.self_describing_json.SelfDescribingJson object at 0x7b8471e25090>]}
[0m03:43:11.593965 [debug] [MainThread]: Flushing usage events
[0m03:43:11.760343 [debug] [MainThread]: An error was encountered while trying to flush usage events
[0m03:43:14.423174 [debug] [MainThread]: Sending event: {'category': 'dbt', 'action': 'invocation', 'label': 'start', 'context': [<snowplow_tracker.self_describing_json.SelfDescribingJson object at 0x7b34d31d1110>, <snowplow_tracker.self_describing_json.SelfDescribingJson object at 0x7b34d31d3110>, <snowplow_tracker.self_describing_json.SelfDescribingJson object at 0x7b34d3360450>]}


============================== 03:43:14.427639 | 1bdca7a7-42c8-4d1e-b2df-a17f4329bac2 ==============================
[0m03:43:14.427639 [info ] [MainThread]: Running with dbt=1.11.7
[0m03:43:14.428831 [debug] [MainThread]: running dbt with arguments {'introspect': 'True', 'use_experimental_parser': 'False', 'version_check': 'True', 'log_path': '/usr/app/dbt/capstone_support/logs', 'log_cache_events': 'False', 'partial_parse': 'True', 'fail_fast': 'False', 'indirect_selection': 'eager', 'printer_width': '80', 'log_format': 'default', 'empty': 'False', 'static_parser': 'True', 'warn_error_options': 'WarnErrorOptionsV2(error=[], warn=[], silence=[])', 'write_json': 'True', 'no_print': 'None', 'use_colors': 'True', 'invocation_command': 'dbt run', 'quiet': 'False', 'send_anonymous_usage_stats': 'True', 'warn_error': 'None', 'debug': 'False', 'cache_selected_only': 'False', 'profiles_dir': '/usr/app/dbt', 'target_path': 'None'}
[0m03:43:14.738363 [debug] [MainThread]: Sending event: {'category': 'dbt', 'action': 'project_id', 'label': '1bdca7a7-42c8-4d1e-b2df-a17f4329bac2', 'context': [<snowplow_tracker.self_describing_json.SelfDescribingJson object at 0x7b34d3240910>]}
[0m03:43:14.806503 [debug] [MainThread]: Sending event: {'category': 'dbt', 'action': 'adapter_info', 'label': '1bdca7a7-42c8-4d1e-b2df-a17f4329bac2', 'context': [<snowplow_tracker.self_describing_json.SelfDescribingJson object at 0x7b34d4301ed0>]}
[0m03:43:14.808256 [info ] [MainThread]: Registered adapter: duckdb=1.10.1
[0m03:43:14.935309 [debug] [MainThread]: checksum: b80718358155fc17c3559352095564dd56ada1cc1a1c0ef2e62c857e71583775, vars: {}, profile: , target: , version: 1.11.7
[0m03:43:14.936038 [info ] [MainThread]: Unable to do partial parsing because saved manifest not found. Starting full parse.
[0m03:43:14.936514 [debug] [MainThread]: Sending event: {'category': 'dbt', 'action': 'partial_parser', 'label': '1bdca7a7-42c8-4d1e-b2df-a17f4329bac2', 'context': [<snowplow_tracker.self_describing_json.SelfDescribingJson object at 0x7b34d3223710>]}
[0m03:43:15.834739 [warn ] [MainThread]: [[33mWARNING[0m]: Configuration paths exist in your dbt_project.yml file which do not apply to any resources.
There are 3 unused configuration paths:
- models.customer_support.staging
- models.marts
- models.customer_support.core
[0m03:43:15.839380 [debug] [MainThread]: Sending event: {'category': 'dbt', 'action': 'load_project', 'label': '1bdca7a7-42c8-4d1e-b2df-a17f4329bac2', 'context': [<snowplow_tracker.self_describing_json.SelfDescribingJson object at 0x7b34d31c4550>]}
[0m03:43:15.881073 [debug] [MainThread]: Wrote artifact WritableManifest to /usr/app/dbt/capstone_support/target/manifest.json
[0m03:43:15.883097 [debug] [MainThread]: Wrote artifact SemanticManifest to /usr/app/dbt/capstone_support/target/semantic_manifest.json
[0m03:43:15.904528 [debug] [MainThread]: Sending event: {'category': 'dbt', 'action': 'resource_counts', 'label': '1bdca7a7-42c8-4d1e-b2df-a17f4329bac2', 'context': [<snowplow_tracker.self_describing_json.SelfDescribingJson object at 0x7b34ce2ccd50>]}
[0m03:43:15.905022 [info ] [MainThread]: Found 475 macros
[0m03:43:15.905471 [debug] [MainThread]: Sending event: {'category': 'dbt', 'action': 'runnable_timing', 'label': '1bdca7a7-42c8-4d1e-b2df-a17f4329bac2', 'context': [<snowplow_tracker.self_describing_json.SelfDescribingJson object at 0x7b34ce5f3bd0>]}
[0m03:43:15.906871 [warn ] [MainThread]: Nothing to do. Try checking your model configs and model specification args
[0m03:43:15.907646 [debug] [MainThread]: Command end result
[0m03:43:15.930358 [debug] [MainThread]: Wrote artifact WritableManifest to /usr/app/dbt/capstone_support/target/manifest.json
[0m03:43:15.931901 [debug] [MainThread]: Wrote artifact SemanticManifest to /usr/app/dbt/capstone_support/target/semantic_manifest.json
[0m03:43:15.934881 [debug] [MainThread]: Wrote artifact RunExecutionResult to /usr/app/dbt/capstone_support/target/run_results.json
[0m03:43:15.935779 [debug] [MainThread]: Resource report: {"command_name": "run", "command_success": true, "command_wall_clock_time": 1.6009144, "process_in_blocks": "1912", "process_kernel_time": 0.389863, "process_mem_max_rss": "144116", "process_out_blocks": "3024", "process_user_time": 2.851237}
[0m03:43:15.936202 [debug] [MainThread]: Command `dbt run` succeeded at 03:43:15.936099 after 1.60 seconds
[0m03:43:15.936556 [debug] [MainThread]: Sending event: {'category': 'dbt', 'action': 'invocation', 'label': 'end', 'context': [<snowplow_tracker.self_describing_json.SelfDescribingJson object at 0x7b34d31eab50>, <snowplow_tracker.self_describing_json.SelfDescribingJson object at 0x7b34d7d750d0>, <snowplow_tracker.self_describing_json.SelfDescribingJson object at 0x7b34d7d74610>]}
[0m03:43:15.936918 [debug] [MainThread]: Flushing usage events
[0m03:43:16.131047 [debug] [MainThread]: An error was encountered while trying to flush usage events
[0m03:45:52.656568 [debug] [MainThread]: Sending event: {'category': 'dbt', 'action': 'invocation', 'label': 'start', 'context': [<snowplow_tracker.self_describing_json.SelfDescribingJson object at 0x78c8290e8b10>, <snowplow_tracker.self_describing_json.SelfDescribingJson object at 0x78c8290e04d0>, <snowplow_tracker.self_describing_json.SelfDescribingJson object at 0x78c828f50e10>]}


============================== 03:45:52.659534 | a01b7ebd-2cb1-4e7f-a26c-9c9d185b9935 ==============================
[0m03:45:52.659534 [info ] [MainThread]: Running with dbt=1.11.7
[0m03:45:52.660300 [debug] [MainThread]: running dbt with arguments {'use_experimental_parser': 'False', 'warn_error': 'None', 'profiles_dir': '/usr/app/dbt', 'introspect': 'True', 'use_colors': 'True', 'fail_fast': 'False', 'write_json': 'True', 'log_format': 'default', 'debug': 'False', 'static_parser': 'True', 'partial_parse': 'True', 'indirect_selection': 'eager', 'printer_width': '80', 'cache_selected_only': 'False', 'no_print': 'None', 'version_check': 'True', 'log_cache_events': 'False', 'send_anonymous_usage_stats': 'True', 'target_path': 'None', 'warn_error_options': 'WarnErrorOptionsV2(error=[], warn=[], silence=[])', 'invocation_command': 'dbt run', 'log_path': '/usr/app/dbt/capstone_support/logs', 'quiet': 'False', 'empty': 'False'}
[0m03:45:52.889168 [debug] [MainThread]: Sending event: {'category': 'dbt', 'action': 'project_id', 'label': 'a01b7ebd-2cb1-4e7f-a26c-9c9d185b9935', 'context': [<snowplow_tracker.self_describing_json.SelfDescribingJson object at 0x78c82539ff10>]}
[0m03:45:52.953186 [debug] [MainThread]: Sending event: {'category': 'dbt', 'action': 'adapter_info', 'label': 'a01b7ebd-2cb1-4e7f-a26c-9c9d185b9935', 'context': [<snowplow_tracker.self_describing_json.SelfDescribingJson object at 0x78c82967b9d0>]}
[0m03:45:52.954944 [info ] [MainThread]: Registered adapter: duckdb=1.10.1
[0m03:45:53.142315 [debug] [MainThread]: checksum: b80718358155fc17c3559352095564dd56ada1cc1a1c0ef2e62c857e71583775, vars: {}, profile: , target: , version: 1.11.7
[0m03:45:53.210549 [debug] [MainThread]: Partial parsing enabled: 0 files deleted, 18 files added, 0 files changed.
[0m03:45:53.211075 [debug] [MainThread]: Partial parsing: added file: customer_support_tickets://models/staging/stg_tickets.sql
[0m03:45:53.211438 [debug] [MainThread]: Partial parsing: added file: customer_support_tickets://models/staging/other/stg_tickets.sql
[0m03:45:53.211771 [debug] [MainThread]: Partial parsing: added file: customer_support_tickets://models/marts/other/fct_business_performanceB.sql
[0m03:45:53.212093 [debug] [MainThread]: Partial parsing: added file: customer_support_tickets://models/marts/other/dim_products.sql
[0m03:45:53.212423 [debug] [MainThread]: Partial parsing: added file: customer_support_tickets://models/marts/other/dim_customers.sql
[0m03:45:53.212739 [debug] [MainThread]: Partial parsing: added file: customer_support_tickets://models/marts/other/dim_users.sql
[0m03:45:53.213051 [debug] [MainThread]: Partial parsing: added file: customer_support_tickets://models/marts/other/fact_tickets.sql
[0m03:45:53.213358 [debug] [MainThread]: Partial parsing: added file: customer_support_tickets://models/marts/mart_priority_subjects.sql
[0m03:45:53.213715 [debug] [MainThread]: Partial parsing: added file: customer_support_tickets://models/marts/mart_cx_satisfaction.sql
[0m03:45:53.214065 [debug] [MainThread]: Partial parsing: added file: customer_support_tickets://models/marts/other/dim_agents.sql
[0m03:45:53.214370 [debug] [MainThread]: Partial parsing: added file: customer_support_tickets://models/marts/other/fct_business_performanceA.sql
[0m03:45:53.214715 [debug] [MainThread]: Partial parsing: added file: customer_support_tickets://models/staging/other/stg_streaming_tickets.sql
[0m03:45:53.215167 [debug] [MainThread]: Partial parsing: added file: customer_support_tickets://models/marts/other/fct_ticket_metrics.sql
[0m03:45:53.215503 [debug] [MainThread]: Partial parsing: added file: customer_support_tickets://models/staging/other/oldstg_tickets.sql
[0m03:45:53.215841 [debug] [MainThread]: Partial parsing: added file: customer_support_tickets://models/marts/other/fct_tickets.sql
[0m03:45:53.216147 [debug] [MainThread]: Partial parsing: added file: customer_support_tickets://models/marts/other/dim_date.sql
[0m03:45:53.216469 [debug] [MainThread]: Partial parsing: added file: customer_support_tickets://models/marts/mart_operations_sla.sql
[0m03:45:53.216794 [debug] [MainThread]: Partial parsing: added file: customer_support_tickets://models/marts/mart_fairness.sql
[0m03:45:53.506201 [error] [MainThread]: Encountered an error:
Compilation Error
  dbt found two models with the name "stg_tickets".
  
  Since these resources have the same name, dbt will be unable to find the correct resource
  when looking for ref("stg_tickets").
  
  To fix this, change the name of one of these resources:
  - model.customer_support_tickets.stg_tickets (models/staging/other/stg_tickets.sql)
  - model.customer_support_tickets.stg_tickets (models/staging/stg_tickets.sql)
[0m03:45:53.509657 [debug] [MainThread]: Resource report: {"command_name": "run", "command_success": false, "command_wall_clock_time": 0.9068245, "process_in_blocks": "384", "process_kernel_time": 0.368326, "process_mem_max_rss": "146116", "process_out_blocks": "24", "process_user_time": 1.985417}
[0m03:45:53.510229 [debug] [MainThread]: Command `dbt run` failed at 03:45:53.510085 after 0.91 seconds
[0m03:45:53.511888 [debug] [MainThread]: Sending event: {'category': 'dbt', 'action': 'invocation', 'label': 'end', 'context': [<snowplow_tracker.self_describing_json.SelfDescribingJson object at 0x78c8291844d0>, <snowplow_tracker.self_describing_json.SelfDescribingJson object at 0x78c828f6d0d0>, <snowplow_tracker.self_describing_json.SelfDescribingJson object at 0x78c82db18f50>]}
[0m03:45:53.513935 [debug] [MainThread]: Flushing usage events
[0m03:45:53.645955 [debug] [MainThread]: An error was encountered while trying to flush usage events
[0m03:46:40.828906 [debug] [MainThread]: Sending event: {'category': 'dbt', 'action': 'invocation', 'label': 'start', 'context': [<snowplow_tracker.self_describing_json.SelfDescribingJson object at 0x77c5c2d189d0>, <snowplow_tracker.self_describing_json.SelfDescribingJson object at 0x77c5c5b2f590>, <snowplow_tracker.self_describing_json.SelfDescribingJson object at 0x77c5c5b2f4d0>]}


============================== 03:46:40.831895 | 35b3d6c4-03b9-4232-9323-edbb1a22c51f ==============================
[0m03:46:40.831895 [info ] [MainThread]: Running with dbt=1.11.7
[0m03:46:40.832694 [debug] [MainThread]: running dbt with arguments {'warn_error': 'None', 'fail_fast': 'False', 'quiet': 'False', 'static_parser': 'True', 'indirect_selection': 'eager', 'target_path': 'None', 'partial_parse': 'True', 'profiles_dir': '/usr/app/dbt', 'introspect': 'True', 'printer_width': '80', 'empty': 'False', 'log_path': '/usr/app/dbt/capstone_support/logs', 'cache_selected_only': 'False', 'no_print': 'None', 'use_colors': 'True', 'debug': 'False', 'warn_error_options': 'WarnErrorOptionsV2(error=[], warn=[], silence=[])', 'use_experimental_parser': 'False', 'invocation_command': 'dbt run', 'write_json': 'True', 'send_anonymous_usage_stats': 'True', 'version_check': 'True', 'log_format': 'default', 'log_cache_events': 'False'}
[0m03:46:41.122057 [debug] [MainThread]: Sending event: {'category': 'dbt', 'action': 'project_id', 'label': '35b3d6c4-03b9-4232-9323-edbb1a22c51f', 'context': [<snowplow_tracker.self_describing_json.SelfDescribingJson object at 0x77c5c2a12890>]}
[0m03:46:41.206623 [debug] [MainThread]: Sending event: {'category': 'dbt', 'action': 'adapter_info', 'label': '35b3d6c4-03b9-4232-9323-edbb1a22c51f', 'context': [<snowplow_tracker.self_describing_json.SelfDescribingJson object at 0x77c5c3b15f50>]}
[0m03:46:41.208270 [info ] [MainThread]: Registered adapter: duckdb=1.10.1
[0m03:46:41.339748 [debug] [MainThread]: checksum: b80718358155fc17c3559352095564dd56ada1cc1a1c0ef2e62c857e71583775, vars: {}, profile: , target: , version: 1.11.7
[0m03:46:41.418629 [debug] [MainThread]: Partial parsing enabled: 0 files deleted, 15 files added, 0 files changed.
[0m03:46:41.419337 [debug] [MainThread]: Partial parsing: added file: customer_support_tickets://models/marts/mart_operations_sla.sql
[0m03:46:41.420669 [debug] [MainThread]: Partial parsing: added file: customer_support_tickets://models/marts/mart_priority_subjects.sql
[0m03:46:41.422148 [debug] [MainThread]: Partial parsing: added file: customer_support_tickets://models/marts/other/fct_tickets.sql
[0m03:46:41.422839 [debug] [MainThread]: Partial parsing: added file: customer_support_tickets://models/marts/other/fact_tickets.sql
[0m03:46:41.423269 [debug] [MainThread]: Partial parsing: added file: customer_support_tickets://models/staging/stg_tickets.sql
[0m03:46:41.423727 [debug] [MainThread]: Partial parsing: added file: customer_support_tickets://models/marts/other/fct_business_performanceB.sql
[0m03:46:41.424138 [debug] [MainThread]: Partial parsing: added file: customer_support_tickets://models/marts/other/fct_business_performanceA.sql
[0m03:46:41.424627 [debug] [MainThread]: Partial parsing: added file: customer_support_tickets://models/marts/other/dim_customers.sql
[0m03:46:41.424999 [debug] [MainThread]: Partial parsing: added file: customer_support_tickets://models/marts/other/dim_users.sql
[0m03:46:41.425350 [debug] [MainThread]: Partial parsing: added file: customer_support_tickets://models/marts/mart_cx_satisfaction.sql
[0m03:46:41.425741 [debug] [MainThread]: Partial parsing: added file: customer_support_tickets://models/marts/other/dim_products.sql
[0m03:46:41.426150 [debug] [MainThread]: Partial parsing: added file: customer_support_tickets://models/marts/other/dim_date.sql
[0m03:46:41.426626 [debug] [MainThread]: Partial parsing: added file: customer_support_tickets://models/marts/mart_fairness.sql
[0m03:46:41.428384 [debug] [MainThread]: Partial parsing: added file: customer_support_tickets://models/marts/other/fct_ticket_metrics.sql
[0m03:46:41.429848 [debug] [MainThread]: Partial parsing: added file: customer_support_tickets://models/marts/other/dim_agents.sql
[0m03:46:41.828342 [error] [MainThread]: Encountered an error:
Compilation Error
  Model 'model.customer_support_tickets.stg_tickets' (models/staging/stg_tickets.sql) depends on a source named 'raw.customer_support_tickets' which was not found
[0m03:46:41.829831 [debug] [MainThread]: Resource report: {"command_name": "run", "command_success": false, "command_wall_clock_time": 1.0626615, "process_in_blocks": "0", "process_kernel_time": 0.35036, "process_mem_max_rss": "146484", "process_out_blocks": "16", "process_user_time": 2.11397}
[0m03:46:41.830451 [debug] [MainThread]: Command `dbt run` failed at 03:46:41.830262 after 1.06 seconds
[0m03:46:41.830963 [debug] [MainThread]: Sending event: {'category': 'dbt', 'action': 'invocation', 'label': 'end', 'context': [<snowplow_tracker.self_describing_json.SelfDescribingJson object at 0x77c5c29e2fd0>, <snowplow_tracker.self_describing_json.SelfDescribingJson object at 0x77c5bdce1f10>, <snowplow_tracker.self_describing_json.SelfDescribingJson object at 0x77c5bdce9190>]}
[0m03:46:41.831498 [debug] [MainThread]: Flushing usage events
[0m03:46:41.952590 [debug] [MainThread]: An error was encountered while trying to flush usage events
[0m03:49:19.792562 [debug] [MainThread]: Sending event: {'category': 'dbt', 'action': 'invocation', 'label': 'start', 'context': [<snowplow_tracker.self_describing_json.SelfDescribingJson object at 0x7a6f7486ec90>, <snowplow_tracker.self_describing_json.SelfDescribingJson object at 0x7a6f71e4c350>, <snowplow_tracker.self_describing_json.SelfDescribingJson object at 0x7a6f7189e790>]}


============================== 03:49:19.796986 | 8654f833-6ed9-4f59-857e-e73ce35cdcc0 ==============================
[0m03:49:19.796986 [info ] [MainThread]: Running with dbt=1.11.7
[0m03:49:19.797631 [debug] [MainThread]: running dbt with arguments {'printer_width': '80', 'debug': 'False', 'version_check': 'True', 'profiles_dir': '/usr/app/dbt', 'send_anonymous_usage_stats': 'True', 'log_format': 'default', 'partial_parse': 'True', 'empty': 'False', 'cache_selected_only': 'False', 'write_json': 'True', 'target_path': 'None', 'static_parser': 'True', 'no_print': 'None', 'fail_fast': 'False', 'log_path': '/usr/app/dbt/capstone_support/logs', 'log_cache_events': 'False', 'warn_error_options': 'WarnErrorOptionsV2(error=[], warn=[], silence=[])', 'indirect_selection': 'eager', 'use_experimental_parser': 'False', 'use_colors': 'True', 'warn_error': 'None', 'quiet': 'False', 'invocation_command': 'dbt run', 'introspect': 'True'}
[0m03:49:20.033693 [debug] [MainThread]: Sending event: {'category': 'dbt', 'action': 'project_id', 'label': '8654f833-6ed9-4f59-857e-e73ce35cdcc0', 'context': [<snowplow_tracker.self_describing_json.SelfDescribingJson object at 0x7a6f7175c550>]}
[0m03:49:20.131746 [debug] [MainThread]: Sending event: {'category': 'dbt', 'action': 'adapter_info', 'label': '8654f833-6ed9-4f59-857e-e73ce35cdcc0', 'context': [<snowplow_tracker.self_describing_json.SelfDescribingJson object at 0x7a6f716f2490>]}
[0m03:49:20.134228 [info ] [MainThread]: Registered adapter: duckdb=1.10.1
[0m03:49:20.396797 [debug] [MainThread]: checksum: b80718358155fc17c3559352095564dd56ada1cc1a1c0ef2e62c857e71583775, vars: {}, profile: , target: , version: 1.11.7
[0m03:49:20.466227 [debug] [MainThread]: Partial parsing enabled: 0 files deleted, 15 files added, 0 files changed.
[0m03:49:20.466743 [debug] [MainThread]: Partial parsing: added file: customer_support_tickets://models/marts/other/fct_tickets.sql
[0m03:49:20.467089 [debug] [MainThread]: Partial parsing: added file: customer_support_tickets://models/marts/other/dim_agents.sql
[0m03:49:20.467452 [debug] [MainThread]: Partial parsing: added file: customer_support_tickets://models/marts/other/dim_customers.sql
[0m03:49:20.467784 [debug] [MainThread]: Partial parsing: added file: customer_support_tickets://models/marts/other/fct_business_performanceA.sql
[0m03:49:20.468148 [debug] [MainThread]: Partial parsing: added file: customer_support_tickets://models/marts/other/dim_users.sql
[0m03:49:20.468522 [debug] [MainThread]: Partial parsing: added file: customer_support_tickets://models/staging/stg_tickets.sql
[0m03:49:20.468898 [debug] [MainThread]: Partial parsing: added file: customer_support_tickets://models/marts/mart_cx_satisfaction.sql
[0m03:49:20.469271 [debug] [MainThread]: Partial parsing: added file: customer_support_tickets://models/marts/other/fact_tickets.sql
[0m03:49:20.469682 [debug] [MainThread]: Partial parsing: added file: customer_support_tickets://models/marts/other/dim_date.sql
[0m03:49:20.470069 [debug] [MainThread]: Partial parsing: added file: customer_support_tickets://models/marts/other/dim_products.sql
[0m03:49:20.470483 [debug] [MainThread]: Partial parsing: added file: customer_support_tickets://models/marts/mart_fairness.sql
[0m03:49:20.470893 [debug] [MainThread]: Partial parsing: added file: customer_support_tickets://models/marts/mart_operations_sla.sql
[0m03:49:20.471253 [debug] [MainThread]: Partial parsing: added file: customer_support_tickets://models/marts/other/fct_ticket_metrics.sql
[0m03:49:20.471627 [debug] [MainThread]: Partial parsing: added file: customer_support_tickets://models/marts/other/fct_business_performanceB.sql
[0m03:49:20.472044 [debug] [MainThread]: Partial parsing: added file: customer_support_tickets://models/marts/mart_priority_subjects.sql
[0m03:49:20.803341 [error] [MainThread]: Encountered an error:
Compilation Error
  Model 'model.customer_support_tickets.stg_tickets' (models/staging/stg_tickets.sql) depends on a source named 'raw.customer_support_tickets' which was not found
[0m03:49:20.805957 [debug] [MainThread]: Resource report: {"command_name": "run", "command_success": false, "command_wall_clock_time": 1.1126007, "process_in_blocks": "0", "process_kernel_time": 0.391445, "process_mem_max_rss": "146520", "process_out_blocks": "16", "process_user_time": 2.103774}
[0m03:49:20.807439 [debug] [MainThread]: Command `dbt run` failed at 03:49:20.807271 after 1.11 seconds
[0m03:49:20.809043 [debug] [MainThread]: Sending event: {'category': 'dbt', 'action': 'invocation', 'label': 'end', 'context': [<snowplow_tracker.self_describing_json.SelfDescribingJson object at 0x7a6f727a6f10>, <snowplow_tracker.self_describing_json.SelfDescribingJson object at 0x7a6f6c435310>, <snowplow_tracker.self_describing_json.SelfDescribingJson object at 0x7a6f762d5210>]}
[0m03:49:20.809713 [debug] [MainThread]: Flushing usage events
[0m03:49:20.987708 [debug] [MainThread]: An error was encountered while trying to flush usage events
[0m03:50:00.937357 [debug] [MainThread]: Sending event: {'category': 'dbt', 'action': 'invocation', 'label': 'start', 'context': [<snowplow_tracker.self_describing_json.SelfDescribingJson object at 0x74656d9bea90>, <snowplow_tracker.self_describing_json.SelfDescribingJson object at 0x74656d998310>, <snowplow_tracker.self_describing_json.SelfDescribingJson object at 0x74656d9bdad0>]}


============================== 03:50:00.940876 | 86e96933-3d24-4f68-abb1-c483c19f92a8 ==============================
[0m03:50:00.940876 [info ] [MainThread]: Running with dbt=1.11.7
[0m03:50:00.941648 [debug] [MainThread]: running dbt with arguments {'no_print': 'None', 'send_anonymous_usage_stats': 'True', 'partial_parse': 'True', 'profiles_dir': '/usr/app/dbt', 'introspect': 'True', 'target_path': 'None', 'empty': 'False', 'log_format': 'default', 'write_json': 'True', 'warn_error_options': 'WarnErrorOptionsV2(error=[], warn=[], silence=[])', 'invocation_command': 'dbt run', 'version_check': 'True', 'quiet': 'False', 'log_path': '/usr/app/dbt/capstone_support/logs', 'static_parser': 'True', 'printer_width': '80', 'fail_fast': 'False', 'use_colors': 'True', 'cache_selected_only': 'False', 'warn_error': 'None', 'debug': 'False', 'log_cache_events': 'False', 'indirect_selection': 'eager', 'use_experimental_parser': 'False'}
[0m03:50:01.232944 [debug] [MainThread]: Sending event: {'category': 'dbt', 'action': 'project_id', 'label': '86e96933-3d24-4f68-abb1-c483c19f92a8', 'context': [<snowplow_tracker.self_describing_json.SelfDescribingJson object at 0x74656da169d0>]}
[0m03:50:01.299029 [debug] [MainThread]: Sending event: {'category': 'dbt', 'action': 'adapter_info', 'label': '86e96933-3d24-4f68-abb1-c483c19f92a8', 'context': [<snowplow_tracker.self_describing_json.SelfDescribingJson object at 0x74656eaf1e50>]}
[0m03:50:01.300726 [info ] [MainThread]: Registered adapter: duckdb=1.10.1
[0m03:50:01.456047 [debug] [MainThread]: checksum: b80718358155fc17c3559352095564dd56ada1cc1a1c0ef2e62c857e71583775, vars: {}, profile: , target: , version: 1.11.7
[0m03:50:01.599637 [debug] [MainThread]: Partial parsing enabled: 0 files deleted, 16 files added, 0 files changed.
[0m03:50:01.600450 [debug] [MainThread]: Partial parsing: added file: customer_support_tickets://models/staging/stg_tickets.sql
[0m03:50:01.601005 [debug] [MainThread]: Partial parsing: added file: customer_support_tickets://models/marts/other/fct_ticket_metrics.sql
[0m03:50:01.601562 [debug] [MainThread]: Partial parsing: added file: customer_support_tickets://models/marts/other/dim_customers.sql
[0m03:50:01.602069 [debug] [MainThread]: Partial parsing: added file: customer_support_tickets://models/marts/other/dim_agents.sql
[0m03:50:01.602603 [debug] [MainThread]: Partial parsing: added file: customer_support_tickets://models/marts/mart_operations_sla.sql
[0m03:50:01.603146 [debug] [MainThread]: Partial parsing: added file: customer_support_tickets://models/marts/mart_cx_satisfaction.sql
[0m03:50:01.603697 [debug] [MainThread]: Partial parsing: added file: customer_support_tickets://models/marts/other/fact_tickets.sql
[0m03:50:01.604209 [debug] [MainThread]: Partial parsing: added file: customer_support_tickets://models/marts/mart_priority_subjects.sql
[0m03:50:01.604726 [debug] [MainThread]: Partial parsing: added file: customer_support_tickets://models/marts/other/dim_users.sql
[0m03:50:01.605201 [debug] [MainThread]: Partial parsing: added file: customer_support_tickets://models/marts/other/fct_business_performanceB.sql
[0m03:50:01.605739 [debug] [MainThread]: Partial parsing: added file: customer_support_tickets://models/marts/other/fct_tickets.sql
[0m03:50:01.606368 [debug] [MainThread]: Partial parsing: added file: customer_support_tickets://models/marts/mart_fairness.sql
[0m03:50:01.606929 [debug] [MainThread]: Partial parsing: added file: customer_support_tickets://models/marts/other/dim_products.sql
[0m03:50:01.607615 [debug] [MainThread]: Partial parsing: added file: customer_support_tickets://seeds/customer_support_tickets.csv
[0m03:50:01.608191 [debug] [MainThread]: Partial parsing: added file: customer_support_tickets://models/marts/other/dim_date.sql
[0m03:50:01.608629 [debug] [MainThread]: Partial parsing: added file: customer_support_tickets://models/marts/other/fct_business_performanceA.sql
[0m03:50:02.205805 [error] [MainThread]: Encountered an error:
Compilation Error
  Model 'model.customer_support_tickets.stg_tickets' (models/staging/stg_tickets.sql) depends on a source named 'raw.customer_support_tickets' which was not found
[0m03:50:02.207161 [debug] [MainThread]: Resource report: {"command_name": "run", "command_success": false, "command_wall_clock_time": 1.3269135, "process_in_blocks": "0", "process_kernel_time": 0.389492, "process_mem_max_rss": "147436", "process_out_blocks": "16", "process_user_time": 2.444336}
[0m03:50:02.207731 [debug] [MainThread]: Command `dbt run` failed at 03:50:02.207597 after 1.33 seconds
[0m03:50:02.208166 [debug] [MainThread]: Sending event: {'category': 'dbt', 'action': 'invocation', 'label': 'end', 'context': [<snowplow_tracker.self_describing_json.SelfDescribingJson object at 0x746572565410>, <snowplow_tracker.self_describing_json.SelfDescribingJson object at 0x746568742710>, <snowplow_tracker.self_describing_json.SelfDescribingJson object at 0x746568740190>]}
[0m03:50:02.208633 [debug] [MainThread]: Flushing usage events
[0m03:50:02.321493 [debug] [MainThread]: An error was encountered while trying to flush usage events
[0m03:52:43.412962 [debug] [MainThread]: Sending event: {'category': 'dbt', 'action': 'invocation', 'label': 'start', 'context': [<snowplow_tracker.self_describing_json.SelfDescribingJson object at 0x70f397bf3590>, <snowplow_tracker.self_describing_json.SelfDescribingJson object at 0x70f397d988d0>, <snowplow_tracker.self_describing_json.SelfDescribingJson object at 0x70f39abab390>]}


============================== 03:52:43.416138 | ff0f2522-21a8-4795-bced-eec710ed21e7 ==============================
[0m03:52:43.416138 [info ] [MainThread]: Running with dbt=1.11.7
[0m03:52:43.416871 [debug] [MainThread]: running dbt with arguments {'partial_parse': 'True', 'static_parser': 'True', 'indirect_selection': 'eager', 'use_colors': 'True', 'warn_error_options': 'WarnErrorOptionsV2(error=[], warn=[], silence=[])', 'profiles_dir': '/usr/app/dbt', 'debug': 'False', 'use_experimental_parser': 'False', 'write_json': 'True', 'version_check': 'True', 'introspect': 'True', 'target_path': 'None', 'cache_selected_only': 'False', 'quiet': 'False', 'fail_fast': 'False', 'send_anonymous_usage_stats': 'True', 'warn_error': 'None', 'invocation_command': 'dbt run', 'printer_width': '80', 'log_format': 'default', 'log_path': '/usr/app/dbt/capstone_support/logs', 'empty': 'False', 'log_cache_events': 'False', 'no_print': 'None'}
[0m03:52:43.419132 [error] [MainThread]: Encountered an error:
Runtime Error
  Could not find profile named 'customer_support_tickets'
[0m03:52:43.420330 [debug] [MainThread]: Resource report: {"command_name": "run", "command_success": false, "command_wall_clock_time": 0.067086905, "process_in_blocks": "0", "process_kernel_time": 0.282403, "process_mem_max_rss": "104948", "process_out_blocks": "8", "process_user_time": 1.339683}
[0m03:52:43.420915 [debug] [MainThread]: Command `dbt run` failed at 03:52:43.420793 after 0.07 seconds
[0m03:52:43.421272 [debug] [MainThread]: Sending event: {'category': 'dbt', 'action': 'invocation', 'label': 'end', 'context': [<snowplow_tracker.self_describing_json.SelfDescribingJson object at 0x70f397bf8e90>, <snowplow_tracker.self_describing_json.SelfDescribingJson object at 0x70f39c5f90d0>, <snowplow_tracker.self_describing_json.SelfDescribingJson object at 0x70f39c5f9450>]}
[0m03:52:43.421711 [debug] [MainThread]: Flushing usage events
[0m03:52:43.566388 [debug] [MainThread]: An error was encountered while trying to flush usage events
[0m03:54:33.538304 [debug] [MainThread]: Sending event: {'category': 'dbt', 'action': 'invocation', 'label': 'start', 'context': [<snowplow_tracker.self_describing_json.SelfDescribingJson object at 0x7d0845f2e490>, <snowplow_tracker.self_describing_json.SelfDescribingJson object at 0x7d0845d96cd0>, <snowplow_tracker.self_describing_json.SelfDescribingJson object at 0x7d0845f25110>]}


============================== 03:54:33.541233 | 09c8fdf4-a485-485a-8fed-9fa4c2213b3e ==============================
[0m03:54:33.541233 [info ] [MainThread]: Running with dbt=1.11.7
[0m03:54:33.541923 [debug] [MainThread]: running dbt with arguments {'log_path': '/usr/app/dbt/capstone_support/logs', 'use_colors': 'True', 'fail_fast': 'False', 'printer_width': '80', 'empty': 'False', 'log_format': 'default', 'debug': 'False', 'target_path': 'None', 'invocation_command': 'dbt run', 'no_print': 'None', 'warn_error_options': 'WarnErrorOptionsV2(error=[], warn=[], silence=[])', 'use_experimental_parser': 'False', 'write_json': 'True', 'cache_selected_only': 'False', 'log_cache_events': 'False', 'version_check': 'True', 'warn_error': 'None', 'indirect_selection': 'eager', 'introspect': 'True', 'partial_parse': 'True', 'quiet': 'False', 'profiles_dir': '/usr/app/dbt', 'static_parser': 'True', 'send_anonymous_usage_stats': 'True'}
[0m03:54:33.544198 [error] [MainThread]: Encountered an error:
Runtime Error
  Could not find profile named 'customer_support_tickets'
[0m03:54:33.545181 [debug] [MainThread]: Resource report: {"command_name": "run", "command_success": false, "command_wall_clock_time": 0.06218338, "process_in_blocks": "0", "process_kernel_time": 0.257137, "process_mem_max_rss": "104600", "process_out_blocks": "16", "process_user_time": 1.277746}
[0m03:54:33.545649 [debug] [MainThread]: Command `dbt run` failed at 03:54:33.545540 after 0.06 seconds
[0m03:54:33.545998 [debug] [MainThread]: Sending event: {'category': 'dbt', 'action': 'invocation', 'label': 'end', 'context': [<snowplow_tracker.self_describing_json.SelfDescribingJson object at 0x7d0845db1010>, <snowplow_tracker.self_describing_json.SelfDescribingJson object at 0x7d0845db08d0>, <snowplow_tracker.self_describing_json.SelfDescribingJson object at 0x7d0845f27950>]}
[0m03:54:33.546373 [debug] [MainThread]: Flushing usage events
[0m03:54:33.672829 [debug] [MainThread]: An error was encountered while trying to flush usage events
[0m03:55:25.201450 [debug] [MainThread]: Sending event: {'category': 'dbt', 'action': 'invocation', 'label': 'start', 'context': [<snowplow_tracker.self_describing_json.SelfDescribingJson object at 0x76678f153150>, <snowplow_tracker.self_describing_json.SelfDescribingJson object at 0x76678f143710>, <snowplow_tracker.self_describing_json.SelfDescribingJson object at 0x76678f153090>]}


============================== 03:55:25.204746 | 95197fc2-eb99-4d1e-ba07-2261b5948b44 ==============================
[0m03:55:25.204746 [info ] [MainThread]: Running with dbt=1.11.7
[0m03:55:25.205452 [debug] [MainThread]: running dbt with arguments {'printer_width': '80', 'introspect': 'True', 'use_experimental_parser': 'False', 'log_cache_events': 'False', 'empty': 'False', 'log_format': 'default', 'target_path': 'None', 'fail_fast': 'False', 'no_print': 'None', 'log_path': '/usr/app/dbt/capstone_support/logs', 'cache_selected_only': 'False', 'send_anonymous_usage_stats': 'True', 'version_check': 'True', 'quiet': 'False', 'indirect_selection': 'eager', 'debug': 'False', 'warn_error': 'None', 'warn_error_options': 'WarnErrorOptionsV2(error=[], warn=[], silence=[])', 'partial_parse': 'True', 'profiles_dir': '/usr/app/dbt', 'write_json': 'True', 'use_colors': 'True', 'static_parser': 'True', 'invocation_command': 'dbt run'}
[0m03:55:25.207741 [error] [MainThread]: Encountered an error:
Runtime Error
  Could not find profile named 'customer_support_tickets'
[0m03:55:25.208761 [debug] [MainThread]: Resource report: {"command_name": "run", "command_success": false, "command_wall_clock_time": 0.059814446, "process_in_blocks": "0", "process_kernel_time": 0.271168, "process_mem_max_rss": "104744", "process_out_blocks": "8", "process_user_time": 1.332995}
[0m03:55:25.209277 [debug] [MainThread]: Command `dbt run` failed at 03:55:25.209137 after 0.06 seconds
[0m03:55:25.209716 [debug] [MainThread]: Sending event: {'category': 'dbt', 'action': 'invocation', 'label': 'end', 'context': [<snowplow_tracker.self_describing_json.SelfDescribingJson object at 0x76678c2a1350>, <snowplow_tracker.self_describing_json.SelfDescribingJson object at 0x766790bb9490>, <snowplow_tracker.self_describing_json.SelfDescribingJson object at 0x76678c164250>]}
[0m03:55:25.210135 [debug] [MainThread]: Flushing usage events
[0m03:55:25.296970 [debug] [MainThread]: An error was encountered while trying to flush usage events
[0m03:56:55.651180 [debug] [MainThread]: Sending event: {'category': 'dbt', 'action': 'invocation', 'label': 'start', 'context': [<snowplow_tracker.self_describing_json.SelfDescribingJson object at 0x75397ee2c3d0>, <snowplow_tracker.self_describing_json.SelfDescribingJson object at 0x75397db5ecd0>, <snowplow_tracker.self_describing_json.SelfDescribingJson object at 0x75397bce26d0>]}


============================== 03:56:55.654245 | 5e69f421-a632-460f-8d5e-ee853d2c8d4c ==============================
[0m03:56:55.654245 [info ] [MainThread]: Running with dbt=1.11.7
[0m03:56:55.654984 [debug] [MainThread]: running dbt with arguments {'target_path': 'None', 'static_parser': 'True', 'log_cache_events': 'False', 'introspect': 'True', 'send_anonymous_usage_stats': 'True', 'partial_parse': 'True', 'empty': 'False', 'warn_error_options': 'WarnErrorOptionsV2(error=[], warn=[], silence=[])', 'debug': 'False', 'use_experimental_parser': 'False', 'quiet': 'False', 'version_check': 'True', 'invocation_command': 'dbt run', 'profiles_dir': '/usr/app/dbt', 'cache_selected_only': 'False', 'log_path': '/usr/app/dbt/capstone_support/logs', 'use_colors': 'True', 'fail_fast': 'False', 'log_format': 'default', 'warn_error': 'None', 'no_print': 'None', 'write_json': 'True', 'printer_width': '80', 'indirect_selection': 'eager'}
[0m03:56:55.657484 [error] [MainThread]: Encountered an error:
Runtime Error
  Could not find profile named 'customer_support_tickets'
[0m03:56:55.658541 [debug] [MainThread]: Resource report: {"command_name": "run", "command_success": false, "command_wall_clock_time": 0.060734317, "process_in_blocks": "0", "process_kernel_time": 0.249486, "process_mem_max_rss": "104960", "process_out_blocks": "8", "process_user_time": 1.331574}
[0m03:56:55.659048 [debug] [MainThread]: Command `dbt run` failed at 03:56:55.658913 after 0.06 seconds
[0m03:56:55.659465 [debug] [MainThread]: Sending event: {'category': 'dbt', 'action': 'invocation', 'label': 'end', 'context': [<snowplow_tracker.self_describing_json.SelfDescribingJson object at 0x75397bce1b50>, <snowplow_tracker.self_describing_json.SelfDescribingJson object at 0x753980884f10>, <snowplow_tracker.self_describing_json.SelfDescribingJson object at 0x753980885450>]}
[0m03:56:55.659883 [debug] [MainThread]: Flushing usage events
[0m03:56:55.789357 [debug] [MainThread]: An error was encountered while trying to flush usage events
[0m03:57:32.864078 [debug] [MainThread]: Sending event: {'category': 'dbt', 'action': 'invocation', 'label': 'start', 'context': [<snowplow_tracker.self_describing_json.SelfDescribingJson object at 0x70ea9a570810>, <snowplow_tracker.self_describing_json.SelfDescribingJson object at 0x70ea9a997610>, <snowplow_tracker.self_describing_json.SelfDescribingJson object at 0x70ea9a884990>]}


============================== 03:57:32.867031 | 7c4a3c22-4681-4045-9815-2730f2b450ac ==============================
[0m03:57:32.867031 [info ] [MainThread]: Running with dbt=1.11.7
[0m03:57:32.867687 [debug] [MainThread]: running dbt with arguments {'version_check': 'True', 'no_print': 'None', 'fail_fast': 'False', 'log_format': 'default', 'warn_error': 'None', 'log_path': '/usr/app/dbt/capstone_support/logs', 'empty': 'False', 'target_path': 'None', 'warn_error_options': 'WarnErrorOptionsV2(error=[], warn=[], silence=[])', 'partial_parse': 'True', 'profiles_dir': '/usr/app/dbt', 'introspect': 'True', 'use_experimental_parser': 'False', 'printer_width': '80', 'static_parser': 'True', 'indirect_selection': 'eager', 'invocation_command': 'dbt run', 'write_json': 'True', 'quiet': 'False', 'send_anonymous_usage_stats': 'True', 'log_cache_events': 'False', 'debug': 'False', 'use_colors': 'True', 'cache_selected_only': 'False'}
[0m03:57:32.870222 [error] [MainThread]: Encountered an error:
Runtime Error
  Could not find profile named 'customer_support_tickets'
[0m03:57:32.871256 [debug] [MainThread]: Resource report: {"command_name": "run", "command_success": false, "command_wall_clock_time": 0.059950452, "process_in_blocks": "0", "process_kernel_time": 0.239579, "process_mem_max_rss": "104692", "process_out_blocks": "16", "process_user_time": 1.258289}
[0m03:57:32.871788 [debug] [MainThread]: Command `dbt run` failed at 03:57:32.871644 after 0.06 seconds
[0m03:57:32.872197 [debug] [MainThread]: Sending event: {'category': 'dbt', 'action': 'invocation', 'label': 'end', 'context': [<snowplow_tracker.self_describing_json.SelfDescribingJson object at 0x70ea9b5eaf10>, <snowplow_tracker.self_describing_json.SelfDescribingJson object at 0x70ea9f28d690>, <snowplow_tracker.self_describing_json.SelfDescribingJson object at 0x70ea9a994cd0>]}
[0m03:57:32.872635 [debug] [MainThread]: Flushing usage events
[0m03:57:32.936903 [debug] [MainThread]: An error was encountered while trying to flush usage events
[0m03:57:44.559123 [debug] [MainThread]: Sending event: {'category': 'dbt', 'action': 'invocation', 'label': 'start', 'context': [<snowplow_tracker.self_describing_json.SelfDescribingJson object at 0x7f1c558fa550>, <snowplow_tracker.self_describing_json.SelfDescribingJson object at 0x7f1c58a3ad50>, <snowplow_tracker.self_describing_json.SelfDescribingJson object at 0x7f1c58a23990>]}


============================== 03:57:44.563306 | 063bea4f-d9b6-4db7-bbfb-08161299f306 ==============================
[0m03:57:44.563306 [info ] [MainThread]: Running with dbt=1.11.7
[0m03:57:44.564084 [debug] [MainThread]: running dbt with arguments {'use_experimental_parser': 'False', 'warn_error': 'None', 'send_anonymous_usage_stats': 'True', 'indirect_selection': 'eager', 'use_colors': 'True', 'version_check': 'True', 'target_path': 'None', 'log_format': 'default', 'profiles_dir': '..', 'empty': 'False', 'fail_fast': 'False', 'printer_width': '80', 'invocation_command': 'dbt run --profiles-dir ..', 'static_parser': 'True', 'warn_error_options': 'WarnErrorOptionsV2(error=[], warn=[], silence=[])', 'log_cache_events': 'False', 'cache_selected_only': 'False', 'partial_parse': 'True', 'no_print': 'None', 'quiet': 'False', 'introspect': 'True', 'write_json': 'True', 'debug': 'False', 'log_path': '/usr/app/dbt/capstone_support/logs'}
[0m03:57:44.567720 [error] [MainThread]: Encountered an error:
Runtime Error
  Could not find profile named 'customer_support_tickets'
[0m03:57:44.570701 [debug] [MainThread]: Resource report: {"command_name": "run", "command_success": false, "command_wall_clock_time": 0.08106286, "process_in_blocks": "0", "process_kernel_time": 0.243813, "process_mem_max_rss": "104844", "process_out_blocks": "8", "process_user_time": 1.251907}
[0m03:57:44.571790 [debug] [MainThread]: Command `dbt run` failed at 03:57:44.571355 after 0.08 seconds
[0m03:57:44.572332 [debug] [MainThread]: Sending event: {'category': 'dbt', 'action': 'invocation', 'label': 'end', 'context': [<snowplow_tracker.self_describing_json.SelfDescribingJson object at 0x7f1c55c2c910>, <snowplow_tracker.self_describing_json.SelfDescribingJson object at 0x7f1c55907350>, <snowplow_tracker.self_describing_json.SelfDescribingJson object at 0x7f1c558fae50>]}
[0m03:57:44.572898 [debug] [MainThread]: Flushing usage events
[0m03:57:44.729100 [debug] [MainThread]: An error was encountered while trying to flush usage events
[0m04:01:30.124299 [debug] [MainThread]: Sending event: {'category': 'dbt', 'action': 'invocation', 'label': 'start', 'context': [<snowplow_tracker.self_describing_json.SelfDescribingJson object at 0x71e6b64d4bd0>, <snowplow_tracker.self_describing_json.SelfDescribingJson object at 0x71e6b64cce90>, <snowplow_tracker.self_describing_json.SelfDescribingJson object at 0x71e6b64cf610>]}


============================== 04:01:30.127674 | 2541fa36-ec27-4a85-af53-244e703bbac2 ==============================
[0m04:01:30.127674 [info ] [MainThread]: Running with dbt=1.11.7
[0m04:01:30.128304 [debug] [MainThread]: running dbt with arguments {'quiet': 'False', 'warn_error_options': 'WarnErrorOptionsV2(error=[], warn=[], silence=[])', 'profiles_dir': '..', 'use_colors': 'True', 'version_check': 'True', 'log_cache_events': 'False', 'invocation_command': 'dbt run --profiles-dir ..', 'introspect': 'True', 'empty': 'False', 'fail_fast': 'False', 'log_path': '/usr/app/dbt/capstone_support/logs', 'printer_width': '80', 'use_experimental_parser': 'False', 'write_json': 'True', 'target_path': 'None', 'indirect_selection': 'eager', 'warn_error': 'None', 'debug': 'False', 'send_anonymous_usage_stats': 'True', 'partial_parse': 'True', 'log_format': 'default', 'cache_selected_only': 'False', 'no_print': 'None', 'static_parser': 'True'}
[0m04:01:30.410594 [debug] [MainThread]: Sending event: {'category': 'dbt', 'action': 'project_id', 'label': '2541fa36-ec27-4a85-af53-244e703bbac2', 'context': [<snowplow_tracker.self_describing_json.SelfDescribingJson object at 0x71e6b63aeb50>]}
[0m04:01:30.472677 [debug] [MainThread]: Sending event: {'category': 'dbt', 'action': 'adapter_info', 'label': '2541fa36-ec27-4a85-af53-244e703bbac2', 'context': [<snowplow_tracker.self_describing_json.SelfDescribingJson object at 0x71e6b94890d0>]}
[0m04:01:30.474429 [info ] [MainThread]: Registered adapter: duckdb=1.10.1
[0m04:01:30.607600 [error] [MainThread]: Encountered an error:
Compilation Error
  dbt found 2 package(s) specified in packages.yml, but only 0 package(s) installed in dbt_packages. Run "dbt deps" to install package dependencies.
[0m04:01:30.608966 [debug] [MainThread]: Resource report: {"command_name": "run", "command_success": false, "command_wall_clock_time": 0.5408787, "process_in_blocks": "8", "process_kernel_time": 0.355281, "process_mem_max_rss": "146212", "process_out_blocks": "16", "process_user_time": 1.67081}
[0m04:01:30.609553 [debug] [MainThread]: Command `dbt run` failed at 04:01:30.609429 after 0.54 seconds
[0m04:01:30.609982 [debug] [MainThread]: Sending event: {'category': 'dbt', 'action': 'invocation', 'label': 'end', 'context': [<snowplow_tracker.self_describing_json.SelfDescribingJson object at 0x71e6b64d4bd0>, <snowplow_tracker.self_describing_json.SelfDescribingJson object at 0x71e6b64d49d0>, <snowplow_tracker.self_describing_json.SelfDescribingJson object at 0x71e6b6396cd0>]}
[0m04:01:30.610435 [debug] [MainThread]: Flushing usage events
[0m04:01:30.736710 [debug] [MainThread]: An error was encountered while trying to flush usage events
[0m04:01:57.168000 [debug] [MainThread]: Sending event: {'category': 'dbt', 'action': 'invocation', 'label': 'start', 'context': [<snowplow_tracker.self_describing_json.SelfDescribingJson object at 0x731412e21590>, <snowplow_tracker.self_describing_json.SelfDescribingJson object at 0x731412e21050>, <snowplow_tracker.self_describing_json.SelfDescribingJson object at 0x731412e22190>]}


============================== 04:01:57.171165 | 4b4725ad-f5af-423a-b2c4-ed8798f404ba ==============================
[0m04:01:57.171165 [info ] [MainThread]: Running with dbt=1.11.7
[0m04:01:57.171862 [debug] [MainThread]: running dbt with arguments {'fail_fast': 'False', 'quiet': 'False', 'send_anonymous_usage_stats': 'True', 'partial_parse': 'True', 'log_path': '/usr/app/dbt/capstone_support/logs', 'no_print': 'None', 'version_check': 'True', 'debug': 'False', 'write_json': 'True', 'log_cache_events': 'False', 'cache_selected_only': 'False', 'introspect': 'True', 'use_colors': 'True', 'indirect_selection': 'eager', 'log_format': 'default', 'target_path': 'None', 'warn_error': 'None', 'empty': 'None', 'profiles_dir': '..', 'use_experimental_parser': 'False', 'static_parser': 'True', 'warn_error_options': 'WarnErrorOptionsV2(error=[], warn=[], silence=[])', 'printer_width': '80', 'invocation_command': 'dbt deps --profiles-dir ..'}
[0m04:01:57.298722 [debug] [MainThread]: Sending event: {'category': 'dbt', 'action': 'project_id', 'label': '4b4725ad-f5af-423a-b2c4-ed8798f404ba', 'context': [<snowplow_tracker.self_describing_json.SelfDescribingJson object at 0x731412c86990>]}
[0m04:01:57.313480 [debug] [MainThread]: Set downloads directory='/tmp/dbt-downloads-y39p0ph5'
[0m04:01:57.314340 [debug] [MainThread]: Making package index registry request: GET https://hub.getdbt.com/api/v1/index.json
[0m04:01:57.446561 [debug] [MainThread]: Response from registry index: GET https://hub.getdbt.com/api/v1/index.json 200
[0m04:01:57.448224 [debug] [MainThread]: Making package registry request: GET https://hub.getdbt.com/api/v1/dbt-labs/dbt_utils.json
[0m04:01:57.652643 [debug] [MainThread]: Response from registry: GET https://hub.getdbt.com/api/v1/dbt-labs/dbt_utils.json 200
[0m04:01:57.660695 [debug] [MainThread]: Making package registry request: GET https://hub.getdbt.com/api/v1/dbt-labs/codegen.json
[0m04:01:57.736996 [debug] [MainThread]: Response from registry: GET https://hub.getdbt.com/api/v1/dbt-labs/codegen.json 200
[0m04:01:57.754228 [info ] [MainThread]: Updating lock file in file path: /usr/app/dbt/capstone_support/package-lock.yml
[0m04:01:57.758340 [debug] [MainThread]: Set downloads directory='/tmp/dbt-downloads-w5kv0bj2'
[0m04:01:57.764952 [info ] [MainThread]: Installing dbt-labs/dbt_utils
[0m04:01:57.907888 [info ] [MainThread]: Installed from version 1.3.3
[0m04:01:57.908482 [info ] [MainThread]: Up to date!
[0m04:01:57.909153 [debug] [MainThread]: Sending event: {'category': 'dbt', 'action': 'package', 'label': '4b4725ad-f5af-423a-b2c4-ed8798f404ba', 'property_': 'install', 'context': [<snowplow_tracker.self_describing_json.SelfDescribingJson object at 0x731412c0ce10>, <snowplow_tracker.self_describing_json.SelfDescribingJson object at 0x731412e20050>]}
[0m04:01:57.909764 [info ] [MainThread]: Installing dbt-labs/codegen
[0m04:01:58.018777 [info ] [MainThread]: Installed from version 0.14.0
[0m04:01:58.019308 [info ] [MainThread]: Up to date!
[0m04:01:58.020028 [debug] [MainThread]: Sending event: {'category': 'dbt', 'action': 'package', 'label': '4b4725ad-f5af-423a-b2c4-ed8798f404ba', 'property_': 'install', 'context': [<snowplow_tracker.self_describing_json.SelfDescribingJson object at 0x731412e20a10>, <snowplow_tracker.self_describing_json.SelfDescribingJson object at 0x731412d31390>]}
[0m04:01:58.021627 [debug] [MainThread]: Resource report: {"command_name": "deps", "command_success": true, "command_wall_clock_time": 0.9075157, "process_in_blocks": "0", "process_kernel_time": 0.340488, "process_mem_max_rss": "109792", "process_out_blocks": "3184", "process_user_time": 1.51681}
[0m04:01:58.022129 [debug] [MainThread]: Command `dbt deps` succeeded at 04:01:58.022008 after 0.91 seconds
[0m04:01:58.022544 [debug] [MainThread]: Sending event: {'category': 'dbt', 'action': 'invocation', 'label': 'end', 'context': [<snowplow_tracker.self_describing_json.SelfDescribingJson object at 0x7314179e1790>, <snowplow_tracker.self_describing_json.SelfDescribingJson object at 0x731412d24690>, <snowplow_tracker.self_describing_json.SelfDescribingJson object at 0x7314130db950>]}
[0m04:01:58.023095 [debug] [MainThread]: Flushing usage events
[0m04:01:58.084128 [debug] [MainThread]: An error was encountered while trying to flush usage events
[0m04:02:00.698559 [debug] [MainThread]: Sending event: {'category': 'dbt', 'action': 'invocation', 'label': 'start', 'context': [<snowplow_tracker.self_describing_json.SelfDescribingJson object at 0x715e8aecb5d0>, <snowplow_tracker.self_describing_json.SelfDescribingJson object at 0x715e8aed0a10>, <snowplow_tracker.self_describing_json.SelfDescribingJson object at 0x715e8aed2c10>]}


============================== 04:02:00.702536 | d388437e-c9be-435c-b742-6fb2ddc89625 ==============================
[0m04:02:00.702536 [info ] [MainThread]: Running with dbt=1.11.7
[0m04:02:00.703348 [debug] [MainThread]: running dbt with arguments {'warn_error': 'None', 'partial_parse': 'True', 'log_path': '/usr/app/dbt/capstone_support/logs', 'cache_selected_only': 'False', 'send_anonymous_usage_stats': 'True', 'write_json': 'True', 'target_path': 'None', 'invocation_command': 'dbt run --profiles-dir ..', 'warn_error_options': 'WarnErrorOptionsV2(error=[], warn=[], silence=[])', 'static_parser': 'True', 'empty': 'False', 'log_format': 'default', 'debug': 'False', 'no_print': 'None', 'printer_width': '80', 'use_experimental_parser': 'False', 'version_check': 'True', 'fail_fast': 'False', 'quiet': 'False', 'profiles_dir': '..', 'log_cache_events': 'False', 'use_colors': 'True', 'introspect': 'True', 'indirect_selection': 'eager'}
[0m04:02:00.920619 [debug] [MainThread]: Sending event: {'category': 'dbt', 'action': 'project_id', 'label': 'd388437e-c9be-435c-b742-6fb2ddc89625', 'context': [<snowplow_tracker.self_describing_json.SelfDescribingJson object at 0x715e8ada05d0>]}
[0m04:02:00.987599 [debug] [MainThread]: Sending event: {'category': 'dbt', 'action': 'adapter_info', 'label': 'd388437e-c9be-435c-b742-6fb2ddc89625', 'context': [<snowplow_tracker.self_describing_json.SelfDescribingJson object at 0x715e8decaad0>]}
[0m04:02:00.989509 [info ] [MainThread]: Registered adapter: duckdb=1.10.1
[0m04:02:01.132052 [debug] [MainThread]: checksum: b80718358155fc17c3559352095564dd56ada1cc1a1c0ef2e62c857e71583775, vars: {}, profile: , target: , version: 1.11.7
[0m04:02:01.197242 [info ] [MainThread]: Unable to do partial parsing because a project dependency has been added
[0m04:02:01.198023 [info ] [MainThread]: Unable to do partial parsing because a project config has changed
[0m04:02:01.198867 [debug] [MainThread]: Sending event: {'category': 'dbt', 'action': 'partial_parser', 'label': 'd388437e-c9be-435c-b742-6fb2ddc89625', 'context': [<snowplow_tracker.self_describing_json.SelfDescribingJson object at 0x715e8be96590>]}
[0m04:02:02.917667 [error] [MainThread]: Encountered an error:
Compilation Error
  Model 'model.customer_support_tickets.dim_users' (models/marts/other/dim_users.sql) depends on a node named 'stg_users' which was not found
[0m04:02:02.919083 [debug] [MainThread]: Resource report: {"command_name": "run", "command_success": false, "command_wall_clock_time": 2.2847328, "process_in_blocks": "0", "process_kernel_time": 0.391006, "process_mem_max_rss": "156344", "process_out_blocks": "16", "process_user_time": 3.607253}
[0m04:02:02.919583 [debug] [MainThread]: Command `dbt run` failed at 04:02:02.919476 after 2.29 seconds
[0m04:02:02.919950 [debug] [MainThread]: Sending event: {'category': 'dbt', 'action': 'invocation', 'label': 'end', 'context': [<snowplow_tracker.self_describing_json.SelfDescribingJson object at 0x715e8aed0790>, <snowplow_tracker.self_describing_json.SelfDescribingJson object at 0x715e854bd310>, <snowplow_tracker.self_describing_json.SelfDescribingJson object at 0x715e855adc10>]}
[0m04:02:02.920338 [debug] [MainThread]: Flushing usage events
[0m04:02:02.987363 [debug] [MainThread]: An error was encountered while trying to flush usage events
[0m04:03:04.908046 [debug] [MainThread]: Sending event: {'category': 'dbt', 'action': 'invocation', 'label': 'start', 'context': [<snowplow_tracker.self_describing_json.SelfDescribingJson object at 0x76cc01a84310>, <snowplow_tracker.self_describing_json.SelfDescribingJson object at 0x76cc013207d0>, <snowplow_tracker.self_describing_json.SelfDescribingJson object at 0x76cc014de490>]}


============================== 04:03:04.912307 | 850f216b-4eed-47aa-8754-22c7604a4e73 ==============================
[0m04:03:04.912307 [info ] [MainThread]: Running with dbt=1.11.7
[0m04:03:04.913625 [debug] [MainThread]: running dbt with arguments {'fail_fast': 'False', 'version_check': 'True', 'partial_parse': 'True', 'target_path': 'None', 'send_anonymous_usage_stats': 'True', 'warn_error_options': 'WarnErrorOptionsV2(error=[], warn=[], silence=[])', 'quiet': 'False', 'profiles_dir': '..', 'cache_selected_only': 'False', 'static_parser': 'True', 'introspect': 'True', 'use_colors': 'True', 'write_json': 'True', 'empty': 'None', 'warn_error': 'None', 'log_cache_events': 'False', 'debug': 'False', 'invocation_command': 'dbt deps --profiles-dir ..', 'no_print': 'None', 'printer_width': '80', 'log_format': 'default', 'indirect_selection': 'eager', 'log_path': '/usr/app/dbt/capstone_support/logs', 'use_experimental_parser': 'False'}
[0m04:03:05.102080 [debug] [MainThread]: Sending event: {'category': 'dbt', 'action': 'project_id', 'label': '850f216b-4eed-47aa-8754-22c7604a4e73', 'context': [<snowplow_tracker.self_describing_json.SelfDescribingJson object at 0x76cc012544d0>]}
[0m04:03:05.147885 [debug] [MainThread]: Set downloads directory='/tmp/dbt-downloads-fy6yax2_'
[0m04:03:05.148512 [debug] [MainThread]: Making package index registry request: GET https://hub.getdbt.com/api/v1/index.json
[0m04:03:05.327382 [debug] [MainThread]: Response from registry index: GET https://hub.getdbt.com/api/v1/index.json 200
[0m04:03:05.329053 [debug] [MainThread]: Making package registry request: GET https://hub.getdbt.com/api/v1/dbt-labs/dbt_utils.json
[0m04:03:05.505308 [debug] [MainThread]: Response from registry: GET https://hub.getdbt.com/api/v1/dbt-labs/dbt_utils.json 200
[0m04:03:05.518475 [debug] [MainThread]: Making package registry request: GET https://hub.getdbt.com/api/v1/dbt-labs/codegen.json
[0m04:03:05.663469 [debug] [MainThread]: Response from registry: GET https://hub.getdbt.com/api/v1/dbt-labs/codegen.json 200
[0m04:03:05.666520 [info ] [MainThread]: Installing dbt-labs/dbt_utils
[0m04:03:05.819533 [info ] [MainThread]: Installed from version 1.3.3
[0m04:03:05.819995 [info ] [MainThread]: Up to date!
[0m04:03:05.820419 [debug] [MainThread]: Sending event: {'category': 'dbt', 'action': 'package', 'label': '850f216b-4eed-47aa-8754-22c7604a4e73', 'property_': 'install', 'context': [<snowplow_tracker.self_describing_json.SelfDescribingJson object at 0x76cc01250a50>, <snowplow_tracker.self_describing_json.SelfDescribingJson object at 0x76cc01250e10>]}
[0m04:03:05.821023 [info ] [MainThread]: Installing dbt-labs/codegen
[0m04:03:05.896867 [info ] [MainThread]: Installed from version 0.14.0
[0m04:03:05.897369 [info ] [MainThread]: Up to date!
[0m04:03:05.897830 [debug] [MainThread]: Sending event: {'category': 'dbt', 'action': 'package', 'label': '850f216b-4eed-47aa-8754-22c7604a4e73', 'property_': 'install', 'context': [<snowplow_tracker.self_describing_json.SelfDescribingJson object at 0x76cc022e1510>, <snowplow_tracker.self_describing_json.SelfDescribingJson object at 0x76cc013e4bd0>]}
[0m04:03:05.899555 [debug] [MainThread]: Resource report: {"command_name": "deps", "command_success": true, "command_wall_clock_time": 1.070336, "process_in_blocks": "0", "process_kernel_time": 0.346281, "process_mem_max_rss": "109660", "process_out_blocks": "3176", "process_user_time": 1.644838}
[0m04:03:05.900078 [debug] [MainThread]: Command `dbt deps` succeeded at 04:03:05.899958 after 1.07 seconds
[0m04:03:05.900471 [debug] [MainThread]: Sending event: {'category': 'dbt', 'action': 'invocation', 'label': 'end', 'context': [<snowplow_tracker.self_describing_json.SelfDescribingJson object at 0x76cc0604d750>, <snowplow_tracker.self_describing_json.SelfDescribingJson object at 0x76cc01346290>, <snowplow_tracker.self_describing_json.SelfDescribingJson object at 0x76cc018f7010>]}
[0m04:03:05.900868 [debug] [MainThread]: Flushing usage events
[0m04:03:06.013052 [debug] [MainThread]: An error was encountered while trying to flush usage events
[0m04:03:08.379691 [debug] [MainThread]: Sending event: {'category': 'dbt', 'action': 'invocation', 'label': 'start', 'context': [<snowplow_tracker.self_describing_json.SelfDescribingJson object at 0x7a30b36e6350>, <snowplow_tracker.self_describing_json.SelfDescribingJson object at 0x7a30b3548d10>, <snowplow_tracker.self_describing_json.SelfDescribingJson object at 0x7a30b354af50>]}


============================== 04:03:08.391965 | 60c1899b-0c20-4e98-becd-da53ec6583e8 ==============================
[0m04:03:08.391965 [info ] [MainThread]: Running with dbt=1.11.7
[0m04:03:08.395755 [debug] [MainThread]: running dbt with arguments {'invocation_command': 'dbt run --profiles-dir ..', 'introspect': 'True', 'send_anonymous_usage_stats': 'True', 'warn_error': 'None', 'use_colors': 'True', 'fail_fast': 'False', 'printer_width': '80', 'warn_error_options': 'WarnErrorOptionsV2(error=[], warn=[], silence=[])', 'write_json': 'True', 'log_cache_events': 'False', 'log_path': '/usr/app/dbt/capstone_support/logs', 'partial_parse': 'True', 'static_parser': 'True', 'no_print': 'None', 'cache_selected_only': 'False', 'log_format': 'default', 'quiet': 'False', 'version_check': 'True', 'profiles_dir': '..', 'target_path': 'None', 'debug': 'False', 'use_experimental_parser': 'False', 'indirect_selection': 'eager', 'empty': 'False'}
[0m04:03:08.788972 [debug] [MainThread]: Sending event: {'category': 'dbt', 'action': 'project_id', 'label': '60c1899b-0c20-4e98-becd-da53ec6583e8', 'context': [<snowplow_tracker.self_describing_json.SelfDescribingJson object at 0x7a30b35b8890>]}
[0m04:03:08.860536 [debug] [MainThread]: Sending event: {'category': 'dbt', 'action': 'adapter_info', 'label': '60c1899b-0c20-4e98-becd-da53ec6583e8', 'context': [<snowplow_tracker.self_describing_json.SelfDescribingJson object at 0x7a30b66de790>]}
[0m04:03:08.862901 [info ] [MainThread]: Registered adapter: duckdb=1.10.1
[0m04:03:09.058096 [debug] [MainThread]: checksum: b80718358155fc17c3559352095564dd56ada1cc1a1c0ef2e62c857e71583775, vars: {}, profile: , target: , version: 1.11.7
[0m04:03:09.113150 [info ] [MainThread]: Unable to do partial parsing because a project dependency has been added
[0m04:03:09.113949 [info ] [MainThread]: Unable to do partial parsing because a project config has changed
[0m04:03:09.114484 [debug] [MainThread]: Sending event: {'category': 'dbt', 'action': 'partial_parser', 'label': '60c1899b-0c20-4e98-becd-da53ec6583e8', 'context': [<snowplow_tracker.self_describing_json.SelfDescribingJson object at 0x7a30b46aa410>]}
[0m04:03:10.925046 [warn ] [MainThread]: [[33mWARNING[0m]: Configuration paths exist in your dbt_project.yml file which do not apply to any resources.
There are 1 unused configuration paths:
- models.customer_support_tickets.core
[0m04:03:10.935713 [debug] [MainThread]: Sending event: {'category': 'dbt', 'action': 'load_project', 'label': '60c1899b-0c20-4e98-becd-da53ec6583e8', 'context': [<snowplow_tracker.self_describing_json.SelfDescribingJson object at 0x7a30adc95650>]}
[0m04:03:11.017782 [debug] [MainThread]: Wrote artifact WritableManifest to /usr/app/dbt/capstone_support/target/manifest.json
[0m04:03:11.019556 [debug] [MainThread]: Wrote artifact SemanticManifest to /usr/app/dbt/capstone_support/target/semantic_manifest.json
[0m04:03:11.031617 [debug] [MainThread]: Sending event: {'category': 'dbt', 'action': 'resource_counts', 'label': '60c1899b-0c20-4e98-becd-da53ec6583e8', 'context': [<snowplow_tracker.self_describing_json.SelfDescribingJson object at 0x7a30adcba250>]}
[0m04:03:11.032063 [info ] [MainThread]: Found 16 models, 1 seed, 1 source, 618 macros
[0m04:03:11.032435 [debug] [MainThread]: Sending event: {'category': 'dbt', 'action': 'runnable_timing', 'label': '60c1899b-0c20-4e98-becd-da53ec6583e8', 'context': [<snowplow_tracker.self_describing_json.SelfDescribingJson object at 0x7a30add87810>]}
[0m04:03:11.034905 [info ] [MainThread]: 
[0m04:03:11.035315 [info ] [MainThread]: Concurrency: 4 threads (target='dev')
[0m04:03:11.035757 [info ] [MainThread]: 
[0m04:03:11.036433 [debug] [MainThread]: Acquiring new duckdb connection 'master'
[0m04:03:11.043125 [debug] [ThreadPool]: Acquiring new duckdb connection 'list_support'
[0m04:03:11.043782 [debug] [ThreadPool]: Acquiring new duckdb connection 'list_support'
[0m04:03:11.160990 [debug] [ThreadPool]: Using duckdb connection "list_support"
[0m04:03:11.161347 [debug] [ThreadPool]: Using duckdb connection "list_support"
[0m04:03:11.161800 [debug] [ThreadPool]: On list_support: /* {"app": "dbt", "dbt_version": "1.11.7", "profile_name": "customer_support_tickets", "target_name": "dev", "connection_name": "list_support"} */

    
    select schema_name
    from system.information_schema.schemata
    
    where lower(catalog_name) = '"support"'
    
  
  
[0m04:03:11.162151 [debug] [ThreadPool]: On list_support: /* {"app": "dbt", "dbt_version": "1.11.7", "profile_name": "customer_support_tickets", "target_name": "dev", "connection_name": "list_support"} */

    
    select schema_name
    from system.information_schema.schemata
    
    where lower(catalog_name) = '"support"'
    
  
  
[0m04:03:11.162524 [debug] [ThreadPool]: Opening a new connection, currently in state init
[0m04:03:11.162873 [debug] [ThreadPool]: Opening a new connection, currently in state init
[0m04:03:11.206266 [debug] [ThreadPool]: SQL status: OK in 0.043 seconds
[0m04:03:11.206765 [debug] [ThreadPool]: SQL status: OK in 0.044 seconds
[0m04:03:11.208571 [debug] [ThreadPool]: On list_support: Close
[0m04:03:11.209990 [debug] [ThreadPool]: On list_support: Close
[0m04:03:11.211125 [debug] [ThreadPool]: Re-using an available connection from the pool (formerly list_support, now create_support_main_marts)
[0m04:03:11.211732 [debug] [ThreadPool]: Creating schema "database: "support"
schema: "main_marts"
"
[0m04:03:11.217750 [debug] [ThreadPool]: Re-using an available connection from the pool (formerly list_support, now create_support_main_staging)
[0m04:03:11.219339 [debug] [ThreadPool]: Using duckdb connection "create_support_main_marts"
[0m04:03:11.219836 [debug] [ThreadPool]: Creating schema "database: "support"
schema: "main_staging"
"
[0m04:03:11.220197 [debug] [ThreadPool]: On create_support_main_marts: /* {"app": "dbt", "dbt_version": "1.11.7", "profile_name": "customer_support_tickets", "target_name": "dev", "connection_name": "create_support_main_marts"} */

    
        select type from duckdb_databases()
        where lower(database_name)='support'
        and type='sqlite'
    
  
[0m04:03:11.222071 [debug] [ThreadPool]: Using duckdb connection "create_support_main_staging"
[0m04:03:11.222419 [debug] [ThreadPool]: Opening a new connection, currently in state closed
[0m04:03:11.222802 [debug] [ThreadPool]: On create_support_main_staging: /* {"app": "dbt", "dbt_version": "1.11.7", "profile_name": "customer_support_tickets", "target_name": "dev", "connection_name": "create_support_main_staging"} */

    
        select type from duckdb_databases()
        where lower(database_name)='support'
        and type='sqlite'
    
  
[0m04:03:11.223439 [debug] [ThreadPool]: Opening a new connection, currently in state closed
[0m04:03:11.226434 [debug] [ThreadPool]: SQL status: OK in 0.004 seconds
[0m04:03:11.226850 [debug] [ThreadPool]: SQL status: OK in 0.003 seconds
[0m04:03:11.228075 [debug] [ThreadPool]: Using duckdb connection "create_support_main_marts"
[0m04:03:11.229133 [debug] [ThreadPool]: Using duckdb connection "create_support_main_staging"
[0m04:03:11.229480 [debug] [ThreadPool]: On create_support_main_marts: BEGIN
[0m04:03:11.229828 [debug] [ThreadPool]: On create_support_main_staging: BEGIN
[0m04:03:11.230533 [debug] [ThreadPool]: SQL status: OK in 0.000 seconds
[0m04:03:11.230850 [debug] [ThreadPool]: SQL status: OK in 0.000 seconds
[0m04:03:11.231123 [debug] [ThreadPool]: Using duckdb connection "create_support_main_marts"
[0m04:03:11.231457 [debug] [ThreadPool]: Using duckdb connection "create_support_main_staging"
[0m04:03:11.231820 [debug] [ThreadPool]: On create_support_main_marts: /* {"app": "dbt", "dbt_version": "1.11.7", "profile_name": "customer_support_tickets", "target_name": "dev", "connection_name": "create_support_main_marts"} */

    
    
        create schema if not exists "support"."main_marts"
    
[0m04:03:11.232162 [debug] [ThreadPool]: On create_support_main_staging: /* {"app": "dbt", "dbt_version": "1.11.7", "profile_name": "customer_support_tickets", "target_name": "dev", "connection_name": "create_support_main_staging"} */

    
    
        create schema if not exists "support"."main_staging"
    
[0m04:03:11.232852 [debug] [ThreadPool]: SQL status: OK in 0.000 seconds
[0m04:03:11.233721 [debug] [ThreadPool]: On create_support_main_marts: COMMIT
[0m04:03:11.234036 [debug] [ThreadPool]: SQL status: OK in 0.001 seconds
[0m04:03:11.234346 [debug] [ThreadPool]: Using duckdb connection "create_support_main_marts"
[0m04:03:11.235120 [debug] [ThreadPool]: On create_support_main_staging: COMMIT
[0m04:03:11.235463 [debug] [ThreadPool]: On create_support_main_marts: COMMIT
[0m04:03:11.235834 [debug] [ThreadPool]: Using duckdb connection "create_support_main_staging"
[0m04:03:11.238704 [debug] [ThreadPool]: On create_support_main_staging: COMMIT
[0m04:03:11.253617 [debug] [ThreadPool]: SQL status: OK in 0.017 seconds
[0m04:03:11.254124 [debug] [ThreadPool]: On create_support_main_marts: Close
[0m04:03:11.254622 [debug] [ThreadPool]: SQL status: OK in 0.015 seconds
[0m04:03:11.255260 [debug] [ThreadPool]: On create_support_main_staging: Close
[0m04:03:11.257431 [debug] [ThreadPool]: Re-using an available connection from the pool (formerly create_support_main_staging, now list_support_main)
[0m04:03:11.257921 [debug] [ThreadPool]: Re-using an available connection from the pool (formerly create_support_main_marts, now list_support_main_marts)
[0m04:03:11.258493 [debug] [ThreadPool]: Acquiring new duckdb connection 'list_support_main_staging'
[0m04:03:11.264020 [debug] [ThreadPool]: Using duckdb connection "list_support_main"
[0m04:03:11.267211 [debug] [ThreadPool]: Using duckdb connection "list_support_main_marts"
[0m04:03:11.270841 [debug] [ThreadPool]: On list_support_main_marts: BEGIN
[0m04:03:11.271503 [debug] [ThreadPool]: Opening a new connection, currently in state closed
[0m04:03:11.269973 [debug] [ThreadPool]: Using duckdb connection "list_support_main_staging"
[0m04:03:11.272629 [debug] [ThreadPool]: On list_support_main_staging: BEGIN
[0m04:03:11.270463 [debug] [ThreadPool]: On list_support_main: BEGIN
[0m04:03:11.273640 [debug] [ThreadPool]: Opening a new connection, currently in state closed
[0m04:03:11.272964 [debug] [ThreadPool]: Opening a new connection, currently in state init
[0m04:03:11.272191 [debug] [ThreadPool]: SQL status: OK in 0.001 seconds
[0m04:03:11.274456 [debug] [ThreadPool]: SQL status: OK in 0.001 seconds
[0m04:03:11.274809 [debug] [ThreadPool]: Using duckdb connection "list_support_main_marts"
[0m04:03:11.275152 [debug] [ThreadPool]: SQL status: OK in 0.002 seconds
[0m04:03:11.275473 [debug] [ThreadPool]: Using duckdb connection "list_support_main"
[0m04:03:11.275853 [debug] [ThreadPool]: On list_support_main_marts: /* {"app": "dbt", "dbt_version": "1.11.7", "profile_name": "customer_support_tickets", "target_name": "dev", "connection_name": "list_support_main_marts"} */
select
      'support' as database,
      table_name as name,
      table_schema as schema,
      CASE table_type
        WHEN 'BASE TABLE' THEN 'table'
        WHEN 'VIEW' THEN 'view'
        WHEN 'LOCAL TEMPORARY' THEN 'table'
        END as type
    from system.information_schema.tables
    where lower(table_schema) = 'main_marts'
    and lower(table_catalog) = 'support'
  
[0m04:03:11.276185 [debug] [ThreadPool]: Using duckdb connection "list_support_main_staging"
[0m04:03:11.277176 [debug] [ThreadPool]: On list_support_main_staging: /* {"app": "dbt", "dbt_version": "1.11.7", "profile_name": "customer_support_tickets", "target_name": "dev", "connection_name": "list_support_main_staging"} */
select
      'support' as database,
      table_name as name,
      table_schema as schema,
      CASE table_type
        WHEN 'BASE TABLE' THEN 'table'
        WHEN 'VIEW' THEN 'view'
        WHEN 'LOCAL TEMPORARY' THEN 'table'
        END as type
    from system.information_schema.tables
    where lower(table_schema) = 'main_staging'
    and lower(table_catalog) = 'support'
  
[0m04:03:11.276583 [debug] [ThreadPool]: On list_support_main: /* {"app": "dbt", "dbt_version": "1.11.7", "profile_name": "customer_support_tickets", "target_name": "dev", "connection_name": "list_support_main"} */
select
      'support' as database,
      table_name as name,
      table_schema as schema,
      CASE table_type
        WHEN 'BASE TABLE' THEN 'table'
        WHEN 'VIEW' THEN 'view'
        WHEN 'LOCAL TEMPORARY' THEN 'table'
        END as type
    from system.information_schema.tables
    where lower(table_schema) = 'main'
    and lower(table_catalog) = 'support'
  
[0m04:03:11.286769 [debug] [ThreadPool]: SQL status: OK in 0.010 seconds
[0m04:03:11.288060 [debug] [ThreadPool]: On list_support_main_marts: ROLLBACK
[0m04:03:11.288388 [debug] [ThreadPool]: SQL status: OK in 0.007 seconds
[0m04:03:11.288782 [debug] [ThreadPool]: SQL status: OK in 0.011 seconds
[0m04:03:11.290013 [debug] [ThreadPool]: On list_support_main: ROLLBACK
[0m04:03:11.291087 [debug] [ThreadPool]: On list_support_main_staging: ROLLBACK
[0m04:03:11.291615 [debug] [ThreadPool]: Failed to rollback 'list_support_main_marts'
[0m04:03:11.292075 [debug] [ThreadPool]: Failed to rollback 'list_support_main'
[0m04:03:11.292563 [debug] [ThreadPool]: Failed to rollback 'list_support_main_staging'
[0m04:03:11.292887 [debug] [ThreadPool]: On list_support_main_marts: Close
[0m04:03:11.293220 [debug] [ThreadPool]: On list_support_main: Close
[0m04:03:11.293588 [debug] [ThreadPool]: On list_support_main_staging: Close
[0m04:03:11.295055 [debug] [MainThread]: Sending event: {'category': 'dbt', 'action': 'runnable_timing', 'label': '60c1899b-0c20-4e98-becd-da53ec6583e8', 'context': [<snowplow_tracker.self_describing_json.SelfDescribingJson object at 0x7a30ac83c590>]}
[0m04:03:11.295563 [debug] [MainThread]: Using duckdb connection "master"
[0m04:03:11.295848 [debug] [MainThread]: On master: BEGIN
[0m04:03:11.296125 [debug] [MainThread]: Opening a new connection, currently in state init
[0m04:03:11.296699 [debug] [MainThread]: SQL status: OK in 0.001 seconds
[0m04:03:11.296990 [debug] [MainThread]: On master: COMMIT
[0m04:03:11.297296 [debug] [MainThread]: Using duckdb connection "master"
[0m04:03:11.297610 [debug] [MainThread]: On master: COMMIT
[0m04:03:11.298058 [debug] [MainThread]: SQL status: OK in 0.000 seconds
[0m04:03:11.298344 [debug] [MainThread]: On master: Close
[0m04:03:11.307225 [debug] [Thread-1 (]: Began running node model.customer_support_tickets.stg_tickets
[0m04:03:11.307601 [debug] [Thread-2 (]: Began running node model.customer_support_tickets.stg_users
[0m04:03:11.308156 [info ] [Thread-1 (]: 1 of 16 START sql view model main_staging.stg_tickets .......................... [RUN]
[0m04:03:11.308969 [info ] [Thread-2 (]: 2 of 16 START sql view model main_staging.stg_users ............................ [RUN]
[0m04:03:11.309714 [debug] [Thread-1 (]: Re-using an available connection from the pool (formerly list_support_main_staging, now model.customer_support_tickets.stg_tickets)
[0m04:03:11.310194 [debug] [Thread-2 (]: Re-using an available connection from the pool (formerly list_support_main, now model.customer_support_tickets.stg_users)
[0m04:03:11.310697 [debug] [Thread-1 (]: Began compiling node model.customer_support_tickets.stg_tickets
[0m04:03:11.311154 [debug] [Thread-2 (]: Began compiling node model.customer_support_tickets.stg_users
[0m04:03:11.320695 [debug] [Thread-1 (]: Writing injected SQL for node "model.customer_support_tickets.stg_tickets"
[0m04:03:11.324356 [debug] [Thread-2 (]: Writing injected SQL for node "model.customer_support_tickets.stg_users"
[0m04:03:11.325391 [debug] [Thread-2 (]: Began executing node model.customer_support_tickets.stg_users
[0m04:03:11.325822 [debug] [Thread-1 (]: Began executing node model.customer_support_tickets.stg_tickets
[0m04:03:11.364741 [debug] [Thread-1 (]: Writing runtime sql for node "model.customer_support_tickets.stg_tickets"
[0m04:03:11.363582 [debug] [Thread-2 (]: Writing runtime sql for node "model.customer_support_tickets.stg_users"
[0m04:03:11.365955 [debug] [Thread-1 (]: Using duckdb connection "model.customer_support_tickets.stg_tickets"
[0m04:03:11.366415 [debug] [Thread-1 (]: On model.customer_support_tickets.stg_tickets: BEGIN
[0m04:03:11.366841 [debug] [Thread-1 (]: Opening a new connection, currently in state closed
[0m04:03:11.367732 [debug] [Thread-1 (]: SQL status: OK in 0.001 seconds
[0m04:03:11.368480 [debug] [Thread-2 (]: Using duckdb connection "model.customer_support_tickets.stg_users"
[0m04:03:11.369149 [debug] [Thread-1 (]: Using duckdb connection "model.customer_support_tickets.stg_tickets"
[0m04:03:11.369979 [debug] [Thread-2 (]: On model.customer_support_tickets.stg_users: BEGIN
[0m04:03:11.371420 [debug] [Thread-2 (]: Opening a new connection, currently in state closed
[0m04:03:11.370809 [debug] [Thread-1 (]: On model.customer_support_tickets.stg_tickets: /* {"app": "dbt", "dbt_version": "1.11.7", "profile_name": "customer_support_tickets", "target_name": "dev", "node_id": "model.customer_support_tickets.stg_tickets"} */

  
  create view "support"."main_staging"."stg_tickets__dbt_tmp" as (
    

with source as (
    select * from "support"."raw"."customer_support_tickets"
),

cleaned as (
    select
        cast("Ticket ID"           as varchar)  as ticket_id,
        cast("Customer ID"         as varchar)  as customer_id,
        lower(trim("Customer Name"))            as customer_name,
        cast("Customer Age"        as integer)  as customer_age,
        lower(trim("Customer Gender"))          as customer_gender,
        lower(trim("Product Purchased"))        as product_purchased,
        cast("Date of Purchase"    as date)     as purchase_date,
        lower(trim("Ticket Type"))              as ticket_type,
        lower(trim("Ticket Subject"))           as ticket_subject,
        lower(trim("Ticket Status"))            as ticket_status,
        lower(trim("Ticket Priority"))          as ticket_priority,
        lower(trim("Ticket Channel"))           as ticket_channel,
        cast("First Response Time"  as double)  as first_response_hrs,
        cast("Time to Resolution"   as double)  as resolution_hrs,
        cast("Customer Satisfaction Rating" as double) as satisfaction_rating,
        _ingested_at
    from source
)

select * from cleaned
  );

[0m04:03:11.373106 [debug] [Thread-2 (]: SQL status: OK in 0.002 seconds
[0m04:03:11.373975 [debug] [Thread-2 (]: Using duckdb connection "model.customer_support_tickets.stg_users"
[0m04:03:11.374557 [debug] [Thread-2 (]: On model.customer_support_tickets.stg_users: /* {"app": "dbt", "dbt_version": "1.11.7", "profile_name": "customer_support_tickets", "target_name": "dev", "node_id": "model.customer_support_tickets.stg_users"} */

  
  create view "support"."main_staging"."stg_users__dbt_tmp" as (
    

with source as (
    select * from "support"."raw"."customer_support_tickets"
)

select
    distinct
    md5(cast(coalesce(cast(customer_name as TEXT), '_dbt_utils_surrogate_key_null_') || '-' || coalesce(cast(customer_email as TEXT), '_dbt_utils_surrogate_key_null_') as TEXT)) as user_id,
    customer_name as name,
    customer_email as email
from source
  );

[0m04:03:11.405695 [debug] [Thread-2 (]: DuckDB adapter: duckdb error: Binder Error: Referenced column "customer_name" not found in FROM clause!
Candidate bindings: "Customer Name", "Customer Age", "Customer Email", "Customer Gender", "Customer Satisfaction Rating"

LINE 13:     md5(cast(coalesce(cast(customer_name as TEXT), '_dbt_utils_surrogate_key_null_...
                                    ^
[0m04:03:11.406177 [debug] [Thread-1 (]: DuckDB adapter: duckdb error: Binder Error: Referenced column "Customer ID" not found in FROM clause!
Candidate bindings: "Customer Age", "Customer Name", "Customer Email", "Customer Gender", "Customer Satisfaction Rating"

LINE 14:         cast("Customer ID"         as varchar)  as customer_id,
                      ^
[0m04:03:11.406713 [debug] [Thread-2 (]: DuckDB adapter: Error running SQL: /* {"app": "dbt", "dbt_version": "1.11.7", "profile_name": "customer_support_tickets", "target_name": "dev", "node_id": "model.customer_support_tickets.stg_users"} */

  
  create view "support"."main_staging"."stg_users__dbt_tmp" as (
    

with source as (
    select * from "support"."raw"."customer_support_tickets"
)

select
    distinct
    md5(cast(coalesce(cast(customer_name as TEXT), '_dbt_utils_surrogate_key_null_') || '-' || coalesce(cast(customer_email as TEXT), '_dbt_utils_surrogate_key_null_') as TEXT)) as user_id,
    customer_name as name,
    customer_email as email
from source
  );

[0m04:03:11.407206 [debug] [Thread-1 (]: DuckDB adapter: Error running SQL: /* {"app": "dbt", "dbt_version": "1.11.7", "profile_name": "customer_support_tickets", "target_name": "dev", "node_id": "model.customer_support_tickets.stg_tickets"} */

  
  create view "support"."main_staging"."stg_tickets__dbt_tmp" as (
    

with source as (
    select * from "support"."raw"."customer_support_tickets"
),

cleaned as (
    select
        cast("Ticket ID"           as varchar)  as ticket_id,
        cast("Customer ID"         as varchar)  as customer_id,
        lower(trim("Customer Name"))            as customer_name,
        cast("Customer Age"        as integer)  as customer_age,
        lower(trim("Customer Gender"))          as customer_gender,
        lower(trim("Product Purchased"))        as product_purchased,
        cast("Date of Purchase"    as date)     as purchase_date,
        lower(trim("Ticket Type"))              as ticket_type,
        lower(trim("Ticket Subject"))           as ticket_subject,
        lower(trim("Ticket Status"))            as ticket_status,
        lower(trim("Ticket Priority"))          as ticket_priority,
        lower(trim("Ticket Channel"))           as ticket_channel,
        cast("First Response Time"  as double)  as first_response_hrs,
        cast("Time to Resolution"   as double)  as resolution_hrs,
        cast("Customer Satisfaction Rating" as double) as satisfaction_rating,
        _ingested_at
    from source
)

select * from cleaned
  );

[0m04:03:11.407676 [debug] [Thread-2 (]: DuckDB adapter: Rolling back transaction.
[0m04:03:11.408117 [debug] [Thread-1 (]: DuckDB adapter: Rolling back transaction.
[0m04:03:11.408512 [debug] [Thread-2 (]: On model.customer_support_tickets.stg_users: ROLLBACK
[0m04:03:11.408925 [debug] [Thread-1 (]: On model.customer_support_tickets.stg_tickets: ROLLBACK
[0m04:03:11.412179 [debug] [Thread-2 (]: Failed to rollback 'model.customer_support_tickets.stg_users'
[0m04:03:11.412851 [debug] [Thread-1 (]: Failed to rollback 'model.customer_support_tickets.stg_tickets'
[0m04:03:11.413279 [debug] [Thread-2 (]: On model.customer_support_tickets.stg_users: Close
[0m04:03:11.413753 [debug] [Thread-1 (]: On model.customer_support_tickets.stg_tickets: Close
[0m04:03:11.425159 [debug] [Thread-1 (]: Runtime Error in model stg_tickets (models/staging/stg_tickets.sql)
  Binder Error: Referenced column "Customer ID" not found in FROM clause!
  Candidate bindings: "Customer Age", "Customer Name", "Customer Email", "Customer Gender", "Customer Satisfaction Rating"
  
  LINE 14:         cast("Customer ID"         as varchar)  as customer_id,
                        ^
[0m04:03:11.426578 [debug] [Thread-2 (]: Runtime Error in model stg_users (models/staging/stg_users.sql)
  Binder Error: Referenced column "customer_name" not found in FROM clause!
  Candidate bindings: "Customer Name", "Customer Age", "Customer Email", "Customer Gender", "Customer Satisfaction Rating"
  
  LINE 13:     md5(cast(coalesce(cast(customer_name as TEXT), '_dbt_utils_surrogate_key_null_...
                                      ^
[0m04:03:11.428482 [debug] [Thread-1 (]: Sending event: {'category': 'dbt', 'action': 'run_model', 'label': '60c1899b-0c20-4e98-becd-da53ec6583e8', 'context': [<snowplow_tracker.self_describing_json.SelfDescribingJson object at 0x7a30ae23e990>]}
[0m04:03:11.428825 [debug] [Thread-2 (]: Sending event: {'category': 'dbt', 'action': 'run_model', 'label': '60c1899b-0c20-4e98-becd-da53ec6583e8', 'context': [<snowplow_tracker.self_describing_json.SelfDescribingJson object at 0x7a30ae323f50>]}
[0m04:03:11.429431 [error] [Thread-1 (]: 1 of 16 ERROR creating sql view model main_staging.stg_tickets ................. [[31mERROR[0m in 0.12s]
[0m04:03:11.430176 [error] [Thread-2 (]: 2 of 16 ERROR creating sql view model main_staging.stg_users ................... [[31mERROR[0m in 0.12s]
[0m04:03:11.431117 [debug] [Thread-1 (]: Finished running node model.customer_support_tickets.stg_tickets
[0m04:03:11.431706 [debug] [Thread-2 (]: Finished running node model.customer_support_tickets.stg_users
[0m04:03:11.432343 [debug] [Thread-7 (]: Marking all children of 'model.customer_support_tickets.stg_tickets' to be skipped because of status 'error'.  Reason: Runtime Error in model stg_tickets (models/staging/stg_tickets.sql)
  Binder Error: Referenced column "Customer ID" not found in FROM clause!
  Candidate bindings: "Customer Age", "Customer Name", "Customer Email", "Customer Gender", "Customer Satisfaction Rating"
  
  LINE 14:         cast("Customer ID"         as varchar)  as customer_id,
                        ^.
[0m04:03:11.433559 [debug] [Thread-7 (]: Marking all children of 'model.customer_support_tickets.stg_users' to be skipped because of status 'error'.  Reason: Runtime Error in model stg_users (models/staging/stg_users.sql)
  Binder Error: Referenced column "customer_name" not found in FROM clause!
  Candidate bindings: "Customer Name", "Customer Age", "Customer Email", "Customer Gender", "Customer Satisfaction Rating"
  
  LINE 13:     md5(cast(coalesce(cast(customer_name as TEXT), '_dbt_utils_surrogate_key_null_...
                                      ^.
[0m04:03:11.434442 [debug] [Thread-4 (]: Began running node model.customer_support_tickets.dim_agents
[0m04:03:11.434903 [debug] [Thread-3 (]: Began running node model.customer_support_tickets.dim_customers
[0m04:03:11.435991 [debug] [Thread-1 (]: Began running node model.customer_support_tickets.dim_date
[0m04:03:11.435387 [info ] [Thread-4 (]: 3 of 16 SKIP relation main_marts.dim_agents .................................... [[33mSKIP[0m]
[0m04:03:11.436765 [debug] [Thread-2 (]: Began running node model.customer_support_tickets.dim_products
[0m04:03:11.437176 [info ] [Thread-3 (]: 4 of 16 SKIP relation main_marts.dim_customers ................................. [[33mSKIP[0m]
[0m04:03:11.438131 [info ] [Thread-1 (]: 5 of 16 SKIP relation main_marts.dim_date ...................................... [[33mSKIP[0m]
[0m04:03:11.439017 [debug] [Thread-4 (]: Finished running node model.customer_support_tickets.dim_agents
[0m04:03:11.441444 [debug] [Thread-1 (]: Finished running node model.customer_support_tickets.dim_date
[0m04:03:11.442712 [debug] [Thread-1 (]: Began running node model.customer_support_tickets.fct_business_performanceA
[0m04:03:11.439761 [info ] [Thread-2 (]: 6 of 16 SKIP relation main_marts.dim_products .................................. [[33mSKIP[0m]
[0m04:03:11.444093 [debug] [Thread-2 (]: Finished running node model.customer_support_tickets.dim_products
[0m04:03:11.440365 [debug] [Thread-3 (]: Finished running node model.customer_support_tickets.dim_customers
[0m04:03:11.443264 [info ] [Thread-1 (]: 8 of 16 SKIP relation main_marts.fct_business_performanceA ..................... [[33mSKIP[0m]
[0m04:03:11.441867 [debug] [Thread-4 (]: Began running node model.customer_support_tickets.fact_tickets
[0m04:03:11.445414 [debug] [Thread-3 (]: Began running node model.customer_support_tickets.fct_tickets
[0m04:03:11.447476 [info ] [Thread-3 (]: 10 of 16 SKIP relation main_marts.fct_tickets .................................. [[33mSKIP[0m]
[0m04:03:11.444763 [debug] [Thread-2 (]: Began running node model.customer_support_tickets.fct_business_performanceB
[0m04:03:11.446693 [info ] [Thread-4 (]: 7 of 16 SKIP relation main_marts.fact_tickets .................................. [[33mSKIP[0m]
[0m04:03:11.446173 [debug] [Thread-1 (]: Finished running node model.customer_support_tickets.fct_business_performanceA
[0m04:03:11.448204 [debug] [Thread-3 (]: Finished running node model.customer_support_tickets.fct_tickets
[0m04:03:11.451258 [debug] [Thread-3 (]: Began running node model.customer_support_tickets.mart_fairness
[0m04:03:11.448962 [info ] [Thread-2 (]: 9 of 16 SKIP relation main_marts.fct_business_performanceB ..................... [[33mSKIP[0m]
[0m04:03:11.450591 [debug] [Thread-1 (]: Began running node model.customer_support_tickets.mart_cx_satisfaction
[0m04:03:11.449717 [debug] [Thread-4 (]: Finished running node model.customer_support_tickets.fact_tickets
[0m04:03:11.452236 [debug] [Thread-2 (]: Finished running node model.customer_support_tickets.fct_business_performanceB
[0m04:03:11.453968 [debug] [Thread-2 (]: Began running node model.customer_support_tickets.mart_priority_subjects
[0m04:03:11.451818 [info ] [Thread-3 (]: 12 of 16 SKIP relation main_marts.mart_fairness ................................ [[33mSKIP[0m]
[0m04:03:11.453324 [debug] [Thread-4 (]: Began running node model.customer_support_tickets.mart_operations_sla
[0m04:03:11.452923 [info ] [Thread-1 (]: 11 of 16 SKIP relation main_marts.mart_cx_satisfaction ......................... [[33mSKIP[0m]
[0m04:03:11.456264 [debug] [Thread-1 (]: Finished running node model.customer_support_tickets.mart_cx_satisfaction
[0m04:03:11.454943 [debug] [Thread-3 (]: Finished running node model.customer_support_tickets.mart_fairness
[0m04:03:11.457378 [debug] [Thread-3 (]: Began running node model.customer_support_tickets.fct_ticket_metrics
[0m04:03:11.454502 [info ] [Thread-2 (]: 14 of 16 SKIP relation main_marts.mart_priority_subjects ....................... [[33mSKIP[0m]
[0m04:03:11.456823 [debug] [Thread-1 (]: Began running node model.customer_support_tickets.dim_users
[0m04:03:11.455650 [info ] [Thread-4 (]: 13 of 16 SKIP relation main_marts.mart_operations_sla .......................... [[33mSKIP[0m]
[0m04:03:11.458574 [debug] [Thread-2 (]: Finished running node model.customer_support_tickets.mart_priority_subjects
[0m04:03:11.457860 [info ] [Thread-3 (]: 16 of 16 SKIP relation main_marts.fct_ticket_metrics ........................... [[33mSKIP[0m]
[0m04:03:11.460957 [debug] [Thread-3 (]: Finished running node model.customer_support_tickets.fct_ticket_metrics
[0m04:03:11.459925 [debug] [Thread-4 (]: Finished running node model.customer_support_tickets.mart_operations_sla
[0m04:03:11.459360 [info ] [Thread-1 (]: 15 of 16 SKIP relation main_marts.dim_users .................................... [[33mSKIP[0m]
[0m04:03:11.461892 [debug] [Thread-1 (]: Finished running node model.customer_support_tickets.dim_users
[0m04:03:11.463811 [debug] [MainThread]: Using duckdb connection "master"
[0m04:03:11.464273 [debug] [MainThread]: On master: BEGIN
[0m04:03:11.464592 [debug] [MainThread]: Opening a new connection, currently in state closed
[0m04:03:11.465481 [debug] [MainThread]: SQL status: OK in 0.001 seconds
[0m04:03:11.465859 [debug] [MainThread]: On master: COMMIT
[0m04:03:11.466255 [debug] [MainThread]: Using duckdb connection "master"
[0m04:03:11.466693 [debug] [MainThread]: On master: COMMIT
[0m04:03:11.472567 [debug] [MainThread]: SQL status: OK in 0.005 seconds
[0m04:03:11.472981 [debug] [MainThread]: On master: Close
[0m04:03:11.473524 [debug] [MainThread]: Connection 'master' was properly closed.
[0m04:03:11.473880 [debug] [MainThread]: Connection 'model.customer_support_tickets.stg_users' was properly closed.
[0m04:03:11.474239 [debug] [MainThread]: Connection 'list_support_main_marts' was properly closed.
[0m04:03:11.474618 [debug] [MainThread]: Connection 'model.customer_support_tickets.stg_tickets' was properly closed.
[0m04:03:11.475126 [info ] [MainThread]: 
[0m04:03:11.475583 [info ] [MainThread]: Finished running 1 incremental model, 13 table models, 2 view models in 0 hours 0 minutes and 0.44 seconds (0.44s).
[0m04:03:11.478617 [debug] [MainThread]: Command end result
[0m04:03:11.515846 [debug] [MainThread]: Wrote artifact WritableManifest to /usr/app/dbt/capstone_support/target/manifest.json
[0m04:03:11.517698 [debug] [MainThread]: Wrote artifact SemanticManifest to /usr/app/dbt/capstone_support/target/semantic_manifest.json
[0m04:03:11.523424 [debug] [MainThread]: Wrote artifact RunExecutionResult to /usr/app/dbt/capstone_support/target/run_results.json
[0m04:03:11.523849 [info ] [MainThread]: 
[0m04:03:11.524386 [info ] [MainThread]: [31mCompleted with 2 errors, 0 partial successes, and 0 warnings:[0m
[0m04:03:11.524823 [info ] [MainThread]: 
[0m04:03:11.525453 [error] [MainThread]: [31mFailure in model stg_tickets (models/staging/stg_tickets.sql)[0m
[0m04:03:11.525996 [error] [MainThread]:   Runtime Error in model stg_tickets (models/staging/stg_tickets.sql)
  Binder Error: Referenced column "Customer ID" not found in FROM clause!
  Candidate bindings: "Customer Age", "Customer Name", "Customer Email", "Customer Gender", "Customer Satisfaction Rating"
  
  LINE 14:         cast("Customer ID"         as varchar)  as customer_id,
                        ^
[0m04:03:11.526449 [info ] [MainThread]: 
[0m04:03:11.526954 [info ] [MainThread]:   compiled code at target/compiled/customer_support_tickets/models/staging/stg_tickets.sql
[0m04:03:11.527411 [info ] [MainThread]: 
[0m04:03:11.527928 [error] [MainThread]: [31mFailure in model stg_users (models/staging/stg_users.sql)[0m
[0m04:03:11.528494 [error] [MainThread]:   Runtime Error in model stg_users (models/staging/stg_users.sql)
  Binder Error: Referenced column "customer_name" not found in FROM clause!
  Candidate bindings: "Customer Name", "Customer Age", "Customer Email", "Customer Gender", "Customer Satisfaction Rating"
  
  LINE 13:     md5(cast(coalesce(cast(customer_name as TEXT), '_dbt_utils_surrogate_key_null_...
                                      ^
[0m04:03:11.528918 [info ] [MainThread]: 
[0m04:03:11.529413 [info ] [MainThread]:   compiled code at target/compiled/customer_support_tickets/models/staging/stg_users.sql
[0m04:03:11.530034 [info ] [MainThread]: 
[0m04:03:11.530500 [info ] [MainThread]: Done. PASS=0 WARN=0 ERROR=2 SKIP=14 NO-OP=0 TOTAL=16
[0m04:03:11.531951 [debug] [MainThread]: Resource report: {"command_name": "run", "command_success": false, "command_wall_clock_time": 3.33248, "process_in_blocks": "13200", "process_kernel_time": 0.476625, "process_mem_max_rss": "172424", "process_out_blocks": "4504", "process_user_time": 4.082864}
[0m04:03:11.532500 [debug] [MainThread]: Command `dbt run` failed at 04:03:11.532354 after 3.33 seconds
[0m04:03:11.533214 [debug] [MainThread]: Sending event: {'category': 'dbt', 'action': 'invocation', 'label': 'end', 'context': [<snowplow_tracker.self_describing_json.SelfDescribingJson object at 0x7a30b66bfad0>, <snowplow_tracker.self_describing_json.SelfDescribingJson object at 0x7a30b45e2f90>, <snowplow_tracker.self_describing_json.SelfDescribingJson object at 0x7a30b8131550>]}
[0m04:03:11.533690 [debug] [MainThread]: Flushing usage events
[0m04:03:11.626007 [debug] [MainThread]: An error was encountered while trying to flush usage events
[0m22:06:55.401221 [debug] [MainThread]: Sending event: {'category': 'dbt', 'action': 'invocation', 'label': 'start', 'context': [<snowplow_tracker.self_describing_json.SelfDescribingJson object at 0x7eca2945ab90>, <snowplow_tracker.self_describing_json.SelfDescribingJson object at 0x7eca2a370910>, <snowplow_tracker.self_describing_json.SelfDescribingJson object at 0x7eca2945bf90>]}


============================== 22:06:55.453529 | 7b21ed7d-e681-4790-b458-c1c935f164a5 ==============================
[0m22:06:55.453529 [info ] [MainThread]: Running with dbt=1.11.7
[0m22:06:55.454576 [debug] [MainThread]: running dbt with arguments {'static_parser': 'True', 'send_anonymous_usage_stats': 'True', 'quiet': 'False', 'cache_selected_only': 'False', 'empty': 'False', 'log_path': '/usr/app/dbt/capstone_support/logs', 'warn_error': 'None', 'warn_error_options': 'WarnErrorOptionsV2(error=[], warn=[], silence=[])', 'log_cache_events': 'False', 'target_path': 'None', 'partial_parse': 'True', 'no_print': 'None', 'fail_fast': 'False', 'log_format': 'default', 'indirect_selection': 'eager', 'debug': 'False', 'printer_width': '80', 'use_experimental_parser': 'False', 'profiles_dir': '/usr/app/dbt', 'introspect': 'True', 'version_check': 'True', 'write_json': 'True', 'invocation_command': 'dbt run --profiles-dir /usr/app/dbt', 'use_colors': 'True'}
[0m22:06:55.693611 [debug] [MainThread]: Sending event: {'category': 'dbt', 'action': 'project_id', 'label': '7b21ed7d-e681-4790-b458-c1c935f164a5', 'context': [<snowplow_tracker.self_describing_json.SelfDescribingJson object at 0x7eca29434e10>]}
[0m22:06:55.758774 [debug] [MainThread]: Sending event: {'category': 'dbt', 'action': 'adapter_info', 'label': '7b21ed7d-e681-4790-b458-c1c935f164a5', 'context': [<snowplow_tracker.self_describing_json.SelfDescribingJson object at 0x7eca2c4f3010>]}
[0m22:06:55.760746 [info ] [MainThread]: Registered adapter: duckdb=1.10.1
[0m22:06:55.895847 [debug] [MainThread]: checksum: b80718358155fc17c3559352095564dd56ada1cc1a1c0ef2e62c857e71583775, vars: {}, profile: , target: , version: 1.11.7
[0m22:06:56.083085 [debug] [MainThread]: Partial parsing enabled: 0 files deleted, 0 files added, 1 files changed.
[0m22:06:56.083783 [debug] [MainThread]: Partial parsing: updated file: customer_support_tickets://models/staging/stg_users.sql
[0m22:06:56.418196 [warn ] [MainThread]: [[33mWARNING[0m]: Configuration paths exist in your dbt_project.yml file which do not apply to any resources.
There are 1 unused configuration paths:
- models.customer_support_tickets.core
[0m22:06:56.432001 [debug] [MainThread]: Sending event: {'category': 'dbt', 'action': 'load_project', 'label': '7b21ed7d-e681-4790-b458-c1c935f164a5', 'context': [<snowplow_tracker.self_describing_json.SelfDescribingJson object at 0x7eca2943f250>]}
[0m22:06:56.516441 [debug] [MainThread]: Wrote artifact WritableManifest to /usr/app/dbt/capstone_support/target/manifest.json
[0m22:06:56.520380 [debug] [MainThread]: Wrote artifact SemanticManifest to /usr/app/dbt/capstone_support/target/semantic_manifest.json
[0m22:06:56.547760 [debug] [MainThread]: Sending event: {'category': 'dbt', 'action': 'resource_counts', 'label': '7b21ed7d-e681-4790-b458-c1c935f164a5', 'context': [<snowplow_tracker.self_describing_json.SelfDescribingJson object at 0x7eca246b3dd0>]}
[0m22:06:56.548381 [info ] [MainThread]: Found 16 models, 1 seed, 1 source, 618 macros
[0m22:06:56.549215 [debug] [MainThread]: Sending event: {'category': 'dbt', 'action': 'runnable_timing', 'label': '7b21ed7d-e681-4790-b458-c1c935f164a5', 'context': [<snowplow_tracker.self_describing_json.SelfDescribingJson object at 0x7eca24736190>]}
[0m22:06:56.552846 [info ] [MainThread]: 
[0m22:06:56.553524 [info ] [MainThread]: Concurrency: 4 threads (target='dev')
[0m22:06:56.554182 [info ] [MainThread]: 
[0m22:06:56.554770 [debug] [MainThread]: Acquiring new duckdb connection 'master'
[0m22:06:56.564063 [debug] [ThreadPool]: Acquiring new duckdb connection 'list_support'
[0m22:06:56.564881 [debug] [ThreadPool]: Acquiring new duckdb connection 'list_support'
[0m22:06:56.629554 [debug] [ThreadPool]: Using duckdb connection "list_support"
[0m22:06:56.629920 [debug] [ThreadPool]: Using duckdb connection "list_support"
[0m22:06:56.630860 [debug] [ThreadPool]: On list_support: /* {"app": "dbt", "dbt_version": "1.11.7", "profile_name": "customer_support_tickets", "target_name": "dev", "connection_name": "list_support"} */

    
    select schema_name
    from system.information_schema.schemata
    
    where lower(catalog_name) = '"support"'
    
  
  
[0m22:06:56.631423 [debug] [ThreadPool]: Opening a new connection, currently in state init
[0m22:06:56.630352 [debug] [ThreadPool]: On list_support: /* {"app": "dbt", "dbt_version": "1.11.7", "profile_name": "customer_support_tickets", "target_name": "dev", "connection_name": "list_support"} */

    
    select schema_name
    from system.information_schema.schemata
    
    where lower(catalog_name) = '"support"'
    
  
  
[0m22:06:56.632295 [debug] [ThreadPool]: Opening a new connection, currently in state init
[0m22:06:56.665307 [debug] [ThreadPool]: SQL status: OK in 0.031 seconds
[0m22:06:56.666926 [debug] [ThreadPool]: SQL status: OK in 0.035 seconds
[0m22:06:56.669890 [debug] [ThreadPool]: On list_support: Close
[0m22:06:56.672718 [debug] [ThreadPool]: On list_support: Close
[0m22:06:56.676436 [debug] [ThreadPool]: Re-using an available connection from the pool (formerly list_support, now create_support_main_marts)
[0m22:06:56.677149 [debug] [ThreadPool]: Creating schema "database: "support"
schema: "main_marts"
"
[0m22:06:56.677878 [debug] [ThreadPool]: Re-using an available connection from the pool (formerly list_support, now create_support_main_staging)
[0m22:06:56.683640 [debug] [ThreadPool]: Creating schema "database: "support"
schema: "main_staging"
"
[0m22:06:56.707219 [debug] [ThreadPool]: Using duckdb connection "create_support_main_marts"
[0m22:06:56.708555 [debug] [ThreadPool]: On create_support_main_marts: /* {"app": "dbt", "dbt_version": "1.11.7", "profile_name": "customer_support_tickets", "target_name": "dev", "connection_name": "create_support_main_marts"} */

    
        select type from duckdb_databases()
        where lower(database_name)='support'
        and type='sqlite'
    
  
[0m22:06:56.707978 [debug] [ThreadPool]: Using duckdb connection "create_support_main_staging"
[0m22:06:56.708961 [debug] [ThreadPool]: Opening a new connection, currently in state closed
[0m22:06:56.709626 [debug] [ThreadPool]: On create_support_main_staging: /* {"app": "dbt", "dbt_version": "1.11.7", "profile_name": "customer_support_tickets", "target_name": "dev", "connection_name": "create_support_main_staging"} */

    
        select type from duckdb_databases()
        where lower(database_name)='support'
        and type='sqlite'
    
  
[0m22:06:56.711376 [debug] [ThreadPool]: Opening a new connection, currently in state closed
[0m22:06:56.713148 [debug] [ThreadPool]: SQL status: OK in 0.004 seconds
[0m22:06:56.714038 [debug] [ThreadPool]: SQL status: OK in 0.003 seconds
[0m22:06:56.716259 [debug] [ThreadPool]: Using duckdb connection "create_support_main_marts"
[0m22:06:56.718786 [debug] [ThreadPool]: On create_support_main_marts: BEGIN
[0m22:06:56.718269 [debug] [ThreadPool]: Using duckdb connection "create_support_main_staging"
[0m22:06:56.719431 [debug] [ThreadPool]: On create_support_main_staging: BEGIN
[0m22:06:56.720012 [debug] [ThreadPool]: SQL status: OK in 0.000 seconds
[0m22:06:56.720414 [debug] [ThreadPool]: Using duckdb connection "create_support_main_staging"
[0m22:06:56.720793 [debug] [ThreadPool]: On create_support_main_staging: /* {"app": "dbt", "dbt_version": "1.11.7", "profile_name": "customer_support_tickets", "target_name": "dev", "connection_name": "create_support_main_staging"} */

    
    
        create schema if not exists "support"."main_staging"
    
[0m22:06:56.722201 [debug] [ThreadPool]: SQL status: OK in 0.003 seconds
[0m22:06:56.722956 [debug] [ThreadPool]: Using duckdb connection "create_support_main_marts"
[0m22:06:56.724307 [debug] [ThreadPool]: On create_support_main_marts: /* {"app": "dbt", "dbt_version": "1.11.7", "profile_name": "customer_support_tickets", "target_name": "dev", "connection_name": "create_support_main_marts"} */

    
    
        create schema if not exists "support"."main_marts"
    
[0m22:06:56.725196 [debug] [ThreadPool]: SQL status: OK in 0.004 seconds
[0m22:06:56.725719 [debug] [ThreadPool]: SQL status: OK in 0.001 seconds
[0m22:06:56.726708 [debug] [ThreadPool]: On create_support_main_staging: COMMIT
[0m22:06:56.727977 [debug] [ThreadPool]: On create_support_main_marts: COMMIT
[0m22:06:56.730189 [debug] [ThreadPool]: Using duckdb connection "create_support_main_staging"
[0m22:06:56.732239 [debug] [ThreadPool]: Using duckdb connection "create_support_main_marts"
[0m22:06:56.733428 [debug] [ThreadPool]: On create_support_main_staging: COMMIT
[0m22:06:56.734232 [debug] [ThreadPool]: On create_support_main_marts: COMMIT
[0m22:06:56.735788 [debug] [ThreadPool]: SQL status: OK in 0.001 seconds
[0m22:06:56.740423 [debug] [ThreadPool]: SQL status: OK in 0.005 seconds
[0m22:06:56.741685 [debug] [ThreadPool]: On create_support_main_marts: Close
[0m22:06:56.743787 [debug] [ThreadPool]: On create_support_main_staging: Close
[0m22:06:56.749354 [debug] [ThreadPool]: Re-using an available connection from the pool (formerly create_support_main_staging, now list_support_main_marts)
[0m22:06:56.756039 [debug] [ThreadPool]: Re-using an available connection from the pool (formerly create_support_main_marts, now list_support_main)
[0m22:06:56.761434 [debug] [ThreadPool]: Using duckdb connection "list_support_main_marts"
[0m22:06:56.765424 [debug] [ThreadPool]: On list_support_main_marts: BEGIN
[0m22:06:56.762262 [debug] [ThreadPool]: Acquiring new duckdb connection 'list_support_main_staging'
[0m22:06:56.765925 [debug] [ThreadPool]: Opening a new connection, currently in state closed
[0m22:06:56.764998 [debug] [ThreadPool]: Using duckdb connection "list_support_main"
[0m22:06:56.769511 [debug] [ThreadPool]: On list_support_main: BEGIN
[0m22:06:56.769858 [debug] [ThreadPool]: Opening a new connection, currently in state closed
[0m22:06:56.770636 [debug] [ThreadPool]: SQL status: OK in 0.001 seconds
[0m22:06:56.768717 [debug] [ThreadPool]: Using duckdb connection "list_support_main_staging"
[0m22:06:56.772603 [debug] [ThreadPool]: On list_support_main_staging: BEGIN
[0m22:06:56.772939 [debug] [ThreadPool]: Opening a new connection, currently in state init
[0m22:06:56.773535 [debug] [ThreadPool]: SQL status: OK in 0.001 seconds
[0m22:06:56.773867 [debug] [ThreadPool]: Using duckdb connection "list_support_main_staging"
[0m22:06:56.771178 [debug] [ThreadPool]: Using duckdb connection "list_support_main"
[0m22:06:56.772200 [debug] [ThreadPool]: SQL status: OK in 0.006 seconds
[0m22:06:56.776748 [debug] [ThreadPool]: Using duckdb connection "list_support_main_marts"
[0m22:06:56.777135 [debug] [ThreadPool]: On list_support_main_marts: /* {"app": "dbt", "dbt_version": "1.11.7", "profile_name": "customer_support_tickets", "target_name": "dev", "connection_name": "list_support_main_marts"} */
select
      'support' as database,
      table_name as name,
      table_schema as schema,
      CASE table_type
        WHEN 'BASE TABLE' THEN 'table'
        WHEN 'VIEW' THEN 'view'
        WHEN 'LOCAL TEMPORARY' THEN 'table'
        END as type
    from system.information_schema.tables
    where lower(table_schema) = 'main_marts'
    and lower(table_catalog) = 'support'
  
[0m22:06:56.776353 [debug] [ThreadPool]: On list_support_main: /* {"app": "dbt", "dbt_version": "1.11.7", "profile_name": "customer_support_tickets", "target_name": "dev", "connection_name": "list_support_main"} */
select
      'support' as database,
      table_name as name,
      table_schema as schema,
      CASE table_type
        WHEN 'BASE TABLE' THEN 'table'
        WHEN 'VIEW' THEN 'view'
        WHEN 'LOCAL TEMPORARY' THEN 'table'
        END as type
    from system.information_schema.tables
    where lower(table_schema) = 'main'
    and lower(table_catalog) = 'support'
  
[0m22:06:56.775323 [debug] [ThreadPool]: On list_support_main_staging: /* {"app": "dbt", "dbt_version": "1.11.7", "profile_name": "customer_support_tickets", "target_name": "dev", "connection_name": "list_support_main_staging"} */
select
      'support' as database,
      table_name as name,
      table_schema as schema,
      CASE table_type
        WHEN 'BASE TABLE' THEN 'table'
        WHEN 'VIEW' THEN 'view'
        WHEN 'LOCAL TEMPORARY' THEN 'table'
        END as type
    from system.information_schema.tables
    where lower(table_schema) = 'main_staging'
    and lower(table_catalog) = 'support'
  
[0m22:06:56.794223 [debug] [ThreadPool]: SQL status: OK in 0.014 seconds
[0m22:06:56.797680 [debug] [ThreadPool]: SQL status: OK in 0.016 seconds
[0m22:06:56.804414 [debug] [ThreadPool]: On list_support_main_staging: ROLLBACK
[0m22:06:56.799561 [debug] [ThreadPool]: SQL status: OK in 0.019 seconds
[0m22:06:56.802606 [debug] [ThreadPool]: On list_support_main_marts: ROLLBACK
[0m22:06:56.810480 [debug] [ThreadPool]: Failed to rollback 'list_support_main_marts'
[0m22:06:56.811646 [debug] [ThreadPool]: On list_support_main_marts: Close
[0m22:06:56.808768 [debug] [ThreadPool]: On list_support_main: ROLLBACK
[0m22:06:56.812694 [debug] [ThreadPool]: Failed to rollback 'list_support_main_staging'
[0m22:06:56.815938 [debug] [ThreadPool]: On list_support_main_staging: Close
[0m22:06:56.814298 [debug] [ThreadPool]: Failed to rollback 'list_support_main'
[0m22:06:56.817265 [debug] [ThreadPool]: On list_support_main: Close
[0m22:06:56.819625 [debug] [MainThread]: Sending event: {'category': 'dbt', 'action': 'runnable_timing', 'label': '7b21ed7d-e681-4790-b458-c1c935f164a5', 'context': [<snowplow_tracker.self_describing_json.SelfDescribingJson object at 0x7eca24034950>]}
[0m22:06:56.820939 [debug] [MainThread]: Using duckdb connection "master"
[0m22:06:56.822089 [debug] [MainThread]: On master: BEGIN
[0m22:06:56.823036 [debug] [MainThread]: Opening a new connection, currently in state init
[0m22:06:56.825293 [debug] [MainThread]: SQL status: OK in 0.003 seconds
[0m22:06:56.825701 [debug] [MainThread]: On master: COMMIT
[0m22:06:56.827514 [debug] [MainThread]: Using duckdb connection "master"
[0m22:06:56.828517 [debug] [MainThread]: On master: COMMIT
[0m22:06:56.829668 [debug] [MainThread]: SQL status: OK in 0.001 seconds
[0m22:06:56.830084 [debug] [MainThread]: On master: Close
[0m22:06:56.846098 [debug] [Thread-1 (]: Began running node model.customer_support_tickets.stg_tickets
[0m22:06:56.846701 [debug] [Thread-2 (]: Began running node model.customer_support_tickets.stg_users
[0m22:06:56.847445 [info ] [Thread-1 (]: 1 of 16 START sql view model main_staging.stg_tickets .......................... [RUN]
[0m22:06:56.849209 [debug] [Thread-1 (]: Re-using an available connection from the pool (formerly list_support_main_staging, now model.customer_support_tickets.stg_tickets)
[0m22:06:56.849700 [debug] [Thread-1 (]: Began compiling node model.customer_support_tickets.stg_tickets
[0m22:06:56.848137 [info ] [Thread-2 (]: 2 of 16 START sql view model main_staging.stg_users ............................ [RUN]
[0m22:06:56.857226 [debug] [Thread-2 (]: Re-using an available connection from the pool (formerly list_support_main, now model.customer_support_tickets.stg_users)
[0m22:06:56.866856 [debug] [Thread-2 (]: Began compiling node model.customer_support_tickets.stg_users
[0m22:06:56.872627 [debug] [Thread-2 (]: Writing injected SQL for node "model.customer_support_tickets.stg_users"
[0m22:06:56.875674 [debug] [Thread-2 (]: Began executing node model.customer_support_tickets.stg_users
[0m22:06:56.874682 [debug] [Thread-1 (]: Writing injected SQL for node "model.customer_support_tickets.stg_tickets"
[0m22:06:56.884035 [debug] [Thread-1 (]: Began executing node model.customer_support_tickets.stg_tickets
[0m22:06:56.988001 [debug] [Thread-2 (]: Writing runtime sql for node "model.customer_support_tickets.stg_users"
[0m22:06:56.999522 [debug] [Thread-2 (]: Using duckdb connection "model.customer_support_tickets.stg_users"
[0m22:06:56.999953 [debug] [Thread-2 (]: On model.customer_support_tickets.stg_users: BEGIN
[0m22:06:57.001317 [debug] [Thread-2 (]: Opening a new connection, currently in state closed
[0m22:06:56.997655 [debug] [Thread-1 (]: Writing runtime sql for node "model.customer_support_tickets.stg_tickets"
[0m22:06:57.004704 [debug] [Thread-1 (]: Using duckdb connection "model.customer_support_tickets.stg_tickets"
[0m22:06:57.005983 [debug] [Thread-1 (]: On model.customer_support_tickets.stg_tickets: BEGIN
[0m22:06:57.005559 [debug] [Thread-2 (]: SQL status: OK in 0.004 seconds
[0m22:06:57.008832 [debug] [Thread-2 (]: Using duckdb connection "model.customer_support_tickets.stg_users"
[0m22:06:57.008315 [debug] [Thread-1 (]: Opening a new connection, currently in state closed
[0m22:06:57.010431 [debug] [Thread-1 (]: SQL status: OK in 0.002 seconds
[0m22:06:57.009393 [debug] [Thread-2 (]: On model.customer_support_tickets.stg_users: /* {"app": "dbt", "dbt_version": "1.11.7", "profile_name": "customer_support_tickets", "target_name": "dev", "node_id": "model.customer_support_tickets.stg_users"} */

  
  create view "support"."main_staging"."stg_users__dbt_tmp" as (
    

with source as (
    select * from "support"."raw"."customer_support_tickets"
)

select
    distinct
    md5(cast(coalesce(cast("Customer Name" as TEXT), '_dbt_utils_surrogate_key_null_') || '-' || coalesce(cast("Customer Email" as TEXT), '_dbt_utils_surrogate_key_null_') as TEXT)) as user_id,
    "Customer Name" as name,
    "Customer Email" as email
from "support"."raw"."customer_support_tickets"
  );

[0m22:06:57.012328 [debug] [Thread-1 (]: Using duckdb connection "model.customer_support_tickets.stg_tickets"
[0m22:06:57.013489 [debug] [Thread-1 (]: On model.customer_support_tickets.stg_tickets: /* {"app": "dbt", "dbt_version": "1.11.7", "profile_name": "customer_support_tickets", "target_name": "dev", "node_id": "model.customer_support_tickets.stg_tickets"} */

  
  create view "support"."main_staging"."stg_tickets__dbt_tmp" as (
    

with source as (
    select * from "support"."raw"."customer_support_tickets"
),

cleaned as (
    select
        cast("Ticket ID"           as varchar)  as ticket_id,
        cast("Customer ID"         as varchar)  as customer_id,
        lower(trim("Customer Name"))            as customer_name,
        cast("Customer Age"        as integer)  as customer_age,
        lower(trim("Customer Gender"))          as customer_gender,
        lower(trim("Product Purchased"))        as product_purchased,
        cast("Date of Purchase"    as date)     as purchase_date,
        lower(trim("Ticket Type"))              as ticket_type,
        lower(trim("Ticket Subject"))           as ticket_subject,
        lower(trim("Ticket Status"))            as ticket_status,
        lower(trim("Ticket Priority"))          as ticket_priority,
        lower(trim("Ticket Channel"))           as ticket_channel,
        cast("First Response Time"  as double)  as first_response_hrs,
        cast("Time to Resolution"   as double)  as resolution_hrs,
        cast("Customer Satisfaction Rating" as double) as satisfaction_rating,
        _ingested_at
    from source
)

select * from cleaned
  );

[0m22:06:57.016983 [debug] [Thread-2 (]: SQL status: OK in 0.004 seconds
[0m22:06:57.027363 [debug] [Thread-1 (]: DuckDB adapter: duckdb error: Binder Error: Referenced column "Customer ID" not found in FROM clause!
Candidate bindings: "Customer Age", "Customer Name", "Customer Email", "Customer Gender", "Customer Satisfaction Rating"

LINE 14:         cast("Customer ID"         as varchar)  as customer_id,
                      ^
[0m22:06:57.033890 [debug] [Thread-1 (]: DuckDB adapter: Error running SQL: /* {"app": "dbt", "dbt_version": "1.11.7", "profile_name": "customer_support_tickets", "target_name": "dev", "node_id": "model.customer_support_tickets.stg_tickets"} */

  
  create view "support"."main_staging"."stg_tickets__dbt_tmp" as (
    

with source as (
    select * from "support"."raw"."customer_support_tickets"
),

cleaned as (
    select
        cast("Ticket ID"           as varchar)  as ticket_id,
        cast("Customer ID"         as varchar)  as customer_id,
        lower(trim("Customer Name"))            as customer_name,
        cast("Customer Age"        as integer)  as customer_age,
        lower(trim("Customer Gender"))          as customer_gender,
        lower(trim("Product Purchased"))        as product_purchased,
        cast("Date of Purchase"    as date)     as purchase_date,
        lower(trim("Ticket Type"))              as ticket_type,
        lower(trim("Ticket Subject"))           as ticket_subject,
        lower(trim("Ticket Status"))            as ticket_status,
        lower(trim("Ticket Priority"))          as ticket_priority,
        lower(trim("Ticket Channel"))           as ticket_channel,
        cast("First Response Time"  as double)  as first_response_hrs,
        cast("Time to Resolution"   as double)  as resolution_hrs,
        cast("Customer Satisfaction Rating" as double) as satisfaction_rating,
        _ingested_at
    from source
)

select * from cleaned
  );

[0m22:06:57.042395 [debug] [Thread-1 (]: DuckDB adapter: Rolling back transaction.
[0m22:06:57.040607 [debug] [Thread-2 (]: Using duckdb connection "model.customer_support_tickets.stg_users"
[0m22:06:57.044391 [debug] [Thread-2 (]: On model.customer_support_tickets.stg_users: /* {"app": "dbt", "dbt_version": "1.11.7", "profile_name": "customer_support_tickets", "target_name": "dev", "node_id": "model.customer_support_tickets.stg_users"} */
alter view "support"."main_staging"."stg_users__dbt_tmp" rename to "stg_users"
[0m22:06:57.042908 [debug] [Thread-1 (]: On model.customer_support_tickets.stg_tickets: ROLLBACK
[0m22:06:57.052651 [debug] [Thread-2 (]: SQL status: OK in 0.008 seconds
[0m22:06:57.053524 [debug] [Thread-1 (]: Failed to rollback 'model.customer_support_tickets.stg_tickets'
[0m22:06:57.061589 [debug] [Thread-1 (]: On model.customer_support_tickets.stg_tickets: Close
[0m22:06:57.090788 [debug] [Thread-2 (]: On model.customer_support_tickets.stg_users: COMMIT
[0m22:06:57.092891 [debug] [Thread-2 (]: Using duckdb connection "model.customer_support_tickets.stg_users"
[0m22:06:57.095735 [debug] [Thread-2 (]: On model.customer_support_tickets.stg_users: COMMIT
[0m22:06:57.101439 [debug] [Thread-1 (]: Runtime Error in model stg_tickets (models/staging/stg_tickets.sql)
  Binder Error: Referenced column "Customer ID" not found in FROM clause!
  Candidate bindings: "Customer Age", "Customer Name", "Customer Email", "Customer Gender", "Customer Satisfaction Rating"
  
  LINE 14:         cast("Customer ID"         as varchar)  as customer_id,
                        ^
[0m22:06:57.106440 [debug] [Thread-2 (]: SQL status: OK in 0.010 seconds
[0m22:06:57.107245 [debug] [Thread-1 (]: Sending event: {'category': 'dbt', 'action': 'run_model', 'label': '7b21ed7d-e681-4790-b458-c1c935f164a5', 'context': [<snowplow_tracker.self_describing_json.SelfDescribingJson object at 0x7eca240b8590>]}
[0m22:06:57.115277 [error] [Thread-1 (]: 1 of 16 ERROR creating sql view model main_staging.stg_tickets ................. [[31mERROR[0m in 0.26s]
[0m22:06:57.116618 [debug] [Thread-1 (]: Finished running node model.customer_support_tickets.stg_tickets
[0m22:06:57.118973 [debug] [Thread-2 (]: Using duckdb connection "model.customer_support_tickets.stg_users"
[0m22:06:57.120532 [debug] [Thread-2 (]: On model.customer_support_tickets.stg_users: /* {"app": "dbt", "dbt_version": "1.11.7", "profile_name": "customer_support_tickets", "target_name": "dev", "node_id": "model.customer_support_tickets.stg_users"} */

      drop view if exists "support"."main_staging"."stg_users__dbt_backup" cascade
    
[0m22:06:57.119928 [debug] [Thread-7 (]: Marking all children of 'model.customer_support_tickets.stg_tickets' to be skipped because of status 'error'.  Reason: Runtime Error in model stg_tickets (models/staging/stg_tickets.sql)
  Binder Error: Referenced column "Customer ID" not found in FROM clause!
  Candidate bindings: "Customer Age", "Customer Name", "Customer Email", "Customer Gender", "Customer Satisfaction Rating"
  
  LINE 14:         cast("Customer ID"         as varchar)  as customer_id,
                        ^.
[0m22:06:57.123959 [debug] [Thread-4 (]: Began running node model.customer_support_tickets.dim_agents
[0m22:06:57.129055 [debug] [Thread-1 (]: Began running node model.customer_support_tickets.dim_date
[0m22:06:57.125527 [debug] [Thread-2 (]: SQL status: OK in 0.004 seconds
[0m22:06:57.124741 [debug] [Thread-3 (]: Began running node model.customer_support_tickets.dim_customers
[0m22:06:57.128356 [info ] [Thread-4 (]: 3 of 16 SKIP relation main_marts.dim_agents .................................... [[33mSKIP[0m]
[0m22:06:57.135507 [debug] [Thread-4 (]: Finished running node model.customer_support_tickets.dim_agents
[0m22:06:57.135980 [debug] [Thread-4 (]: Began running node model.customer_support_tickets.dim_products
[0m22:06:57.134519 [info ] [Thread-3 (]: 4 of 16 SKIP relation main_marts.dim_customers ................................. [[33mSKIP[0m]
[0m22:06:57.138769 [debug] [Thread-3 (]: Finished running node model.customer_support_tickets.dim_customers
[0m22:06:57.130024 [info ] [Thread-1 (]: 5 of 16 SKIP relation main_marts.dim_date ...................................... [[33mSKIP[0m]
[0m22:06:57.133988 [debug] [Thread-2 (]: On model.customer_support_tickets.stg_users: Close
[0m22:06:57.141886 [debug] [Thread-2 (]: Sending event: {'category': 'dbt', 'action': 'run_model', 'label': '7b21ed7d-e681-4790-b458-c1c935f164a5', 'context': [<snowplow_tracker.self_describing_json.SelfDescribingJson object at 0x7eca22d5b310>]}
[0m22:06:57.141209 [debug] [Thread-1 (]: Finished running node model.customer_support_tickets.dim_date
[0m22:06:57.144578 [debug] [Thread-1 (]: Began running node model.customer_support_tickets.fct_business_performanceA
[0m22:06:57.140649 [debug] [Thread-3 (]: Began running node model.customer_support_tickets.fact_tickets
[0m22:06:57.142667 [info ] [Thread-2 (]: 2 of 16 OK created sql view model main_staging.stg_users ....................... [[32mOK[0m in 0.28s]
[0m22:06:57.147700 [debug] [Thread-2 (]: Finished running node model.customer_support_tickets.stg_users
[0m22:06:57.148314 [debug] [Thread-2 (]: Began running node model.customer_support_tickets.fct_business_performanceB
[0m22:06:57.145048 [info ] [Thread-1 (]: 8 of 16 SKIP relation main_marts.fct_business_performanceA ..................... [[33mSKIP[0m]
[0m22:06:57.151810 [debug] [Thread-1 (]: Finished running node model.customer_support_tickets.fct_business_performanceA
[0m22:06:57.136519 [info ] [Thread-4 (]: 6 of 16 SKIP relation main_marts.dim_products .................................. [[33mSKIP[0m]
[0m22:06:57.155475 [debug] [Thread-4 (]: Finished running node model.customer_support_tickets.dim_products
[0m22:06:57.145762 [info ] [Thread-3 (]: 7 of 16 SKIP relation main_marts.fact_tickets .................................. [[33mSKIP[0m]
[0m22:06:57.156636 [debug] [Thread-3 (]: Finished running node model.customer_support_tickets.fact_tickets
[0m22:06:57.157144 [debug] [Thread-3 (]: Began running node model.customer_support_tickets.mart_fairness
[0m22:06:57.151321 [info ] [Thread-2 (]: 9 of 16 SKIP relation main_marts.fct_business_performanceB ..................... [[33mSKIP[0m]
[0m22:06:57.158043 [debug] [Thread-2 (]: Finished running node model.customer_support_tickets.fct_business_performanceB
[0m22:06:57.158512 [debug] [Thread-2 (]: Began running node model.customer_support_tickets.mart_operations_sla
[0m22:06:57.152510 [debug] [Thread-1 (]: Began running node model.customer_support_tickets.fct_tickets
[0m22:06:57.156017 [debug] [Thread-4 (]: Began running node model.customer_support_tickets.mart_cx_satisfaction
[0m22:06:57.157595 [info ] [Thread-3 (]: 12 of 16 SKIP relation main_marts.mart_fairness ................................ [[33mSKIP[0m]
[0m22:06:57.162351 [debug] [Thread-3 (]: Finished running node model.customer_support_tickets.mart_fairness
[0m22:06:57.162803 [debug] [Thread-3 (]: Began running node model.customer_support_tickets.mart_priority_subjects
[0m22:06:57.163320 [info ] [Thread-3 (]: 14 of 16 SKIP relation main_marts.mart_priority_subjects ....................... [[33mSKIP[0m]
[0m22:06:57.161412 [info ] [Thread-1 (]: 10 of 16 SKIP relation main_marts.fct_tickets .................................. [[33mSKIP[0m]
[0m22:06:57.161840 [info ] [Thread-4 (]: 11 of 16 SKIP relation main_marts.mart_cx_satisfaction ......................... [[33mSKIP[0m]
[0m22:06:57.166106 [debug] [Thread-4 (]: Finished running node model.customer_support_tickets.mart_cx_satisfaction
[0m22:06:57.158976 [info ] [Thread-2 (]: 13 of 16 SKIP relation main_marts.mart_operations_sla .......................... [[33mSKIP[0m]
[0m22:06:57.164065 [debug] [Thread-3 (]: Finished running node model.customer_support_tickets.mart_priority_subjects
[0m22:06:57.165056 [debug] [Thread-1 (]: Finished running node model.customer_support_tickets.fct_tickets
[0m22:06:57.169253 [debug] [Thread-3 (]: Began running node model.customer_support_tickets.dim_users
[0m22:06:57.167275 [debug] [Thread-4 (]: Began running node model.customer_support_tickets.fct_ticket_metrics
[0m22:06:57.171327 [info ] [Thread-3 (]: 16 of 16 START sql table model main_marts.dim_users ............................ [RUN]
[0m22:06:57.172390 [debug] [Thread-3 (]: Re-using an available connection from the pool (formerly list_support_main_marts, now model.customer_support_tickets.dim_users)
[0m22:06:57.172838 [debug] [Thread-3 (]: Began compiling node model.customer_support_tickets.dim_users
[0m22:06:57.168486 [debug] [Thread-2 (]: Finished running node model.customer_support_tickets.mart_operations_sla
[0m22:06:57.171803 [info ] [Thread-4 (]: 15 of 16 SKIP relation main_marts.fct_ticket_metrics ........................... [[33mSKIP[0m]
[0m22:06:57.181104 [debug] [Thread-4 (]: Finished running node model.customer_support_tickets.fct_ticket_metrics
[0m22:06:57.186805 [debug] [Thread-3 (]: Compilation Error in model dim_users (models/marts/other/dim_users.sql)
  'hash_pii' is undefined. This can happen when calling a macro that does not exist. Check for typos and/or install package dependencies with "dbt deps".
[0m22:06:57.187700 [debug] [Thread-3 (]: Sending event: {'category': 'dbt', 'action': 'run_model', 'label': '7b21ed7d-e681-4790-b458-c1c935f164a5', 'context': [<snowplow_tracker.self_describing_json.SelfDescribingJson object at 0x7eca22dadc50>]}
[0m22:06:57.188821 [error] [Thread-3 (]: 16 of 16 ERROR creating sql table model main_marts.dim_users ................... [[31mERROR[0m in 0.02s]
[0m22:06:57.190037 [debug] [Thread-3 (]: Finished running node model.customer_support_tickets.dim_users
[0m22:06:57.191528 [debug] [Thread-7 (]: Marking all children of 'model.customer_support_tickets.dim_users' to be skipped because of status 'error'.  Reason: Compilation Error in model dim_users (models/marts/other/dim_users.sql)
  'hash_pii' is undefined. This can happen when calling a macro that does not exist. Check for typos and/or install package dependencies with "dbt deps"..
[0m22:06:57.194554 [debug] [MainThread]: Using duckdb connection "master"
[0m22:06:57.195098 [debug] [MainThread]: On master: BEGIN
[0m22:06:57.195487 [debug] [MainThread]: Opening a new connection, currently in state closed
[0m22:06:57.197456 [debug] [MainThread]: SQL status: OK in 0.002 seconds
[0m22:06:57.197815 [debug] [MainThread]: On master: COMMIT
[0m22:06:57.198318 [debug] [MainThread]: Using duckdb connection "master"
[0m22:06:57.198942 [debug] [MainThread]: On master: COMMIT
[0m22:06:57.200238 [debug] [MainThread]: SQL status: OK in 0.000 seconds
[0m22:06:57.200612 [debug] [MainThread]: On master: Close
[0m22:06:57.201098 [debug] [MainThread]: Connection 'master' was properly closed.
[0m22:06:57.201459 [debug] [MainThread]: Connection 'model.customer_support_tickets.dim_users' was properly closed.
[0m22:06:57.201790 [debug] [MainThread]: Connection 'model.customer_support_tickets.stg_users' was properly closed.
[0m22:06:57.203129 [debug] [MainThread]: Connection 'model.customer_support_tickets.stg_tickets' was properly closed.
[0m22:06:57.203754 [info ] [MainThread]: 
[0m22:06:57.205347 [info ] [MainThread]: Finished running 1 incremental model, 13 table models, 2 view models in 0 hours 0 minutes and 0.65 seconds (0.65s).
[0m22:06:57.206939 [debug] [MainThread]: Command end result
[0m22:06:57.242252 [debug] [MainThread]: Wrote artifact WritableManifest to /usr/app/dbt/capstone_support/target/manifest.json
[0m22:06:57.243940 [debug] [MainThread]: Wrote artifact SemanticManifest to /usr/app/dbt/capstone_support/target/semantic_manifest.json
[0m22:06:57.249620 [debug] [MainThread]: Wrote artifact RunExecutionResult to /usr/app/dbt/capstone_support/target/run_results.json
[0m22:06:57.249945 [info ] [MainThread]: 
[0m22:06:57.250427 [info ] [MainThread]: [31mCompleted with 2 errors, 0 partial successes, and 0 warnings:[0m
[0m22:06:57.250959 [info ] [MainThread]: 
[0m22:06:57.251512 [error] [MainThread]: [31mFailure in model stg_tickets (models/staging/stg_tickets.sql)[0m
[0m22:06:57.252045 [error] [MainThread]:   Runtime Error in model stg_tickets (models/staging/stg_tickets.sql)
  Binder Error: Referenced column "Customer ID" not found in FROM clause!
  Candidate bindings: "Customer Age", "Customer Name", "Customer Email", "Customer Gender", "Customer Satisfaction Rating"
  
  LINE 14:         cast("Customer ID"         as varchar)  as customer_id,
                        ^
[0m22:06:57.252496 [info ] [MainThread]: 
[0m22:06:57.252994 [info ] [MainThread]:   compiled code at target/compiled/customer_support_tickets/models/staging/stg_tickets.sql
[0m22:06:57.253439 [info ] [MainThread]: 
[0m22:06:57.253944 [error] [MainThread]: [31mFailure in model dim_users (models/marts/other/dim_users.sql)[0m
[0m22:06:57.254490 [error] [MainThread]:   Compilation Error in model dim_users (models/marts/other/dim_users.sql)
  'hash_pii' is undefined. This can happen when calling a macro that does not exist. Check for typos and/or install package dependencies with "dbt deps".
[0m22:06:57.254926 [info ] [MainThread]: 
[0m22:06:57.255403 [info ] [MainThread]: Done. PASS=1 WARN=0 ERROR=2 SKIP=13 NO-OP=0 TOTAL=16
[0m22:06:57.257894 [debug] [MainThread]: Resource report: {"command_name": "run", "command_success": false, "command_wall_clock_time": 1.9176768, "process_in_blocks": "58400", "process_kernel_time": 0.519451, "process_mem_max_rss": "171956", "process_out_blocks": "7824", "process_user_time": 2.780649}
[0m22:06:57.258527 [debug] [MainThread]: Command `dbt run` failed at 22:06:57.258388 after 1.92 seconds
[0m22:06:57.258993 [debug] [MainThread]: Sending event: {'category': 'dbt', 'action': 'invocation', 'label': 'end', 'context': [<snowplow_tracker.self_describing_json.SelfDescribingJson object at 0x7eca2938d290>, <snowplow_tracker.self_describing_json.SelfDescribingJson object at 0x7eca2a7e7410>, <snowplow_tracker.self_describing_json.SelfDescribingJson object at 0x7eca22df9b50>]}
[0m22:06:57.259472 [debug] [MainThread]: Flushing usage events
[0m22:06:57.382646 [debug] [MainThread]: An error was encountered while trying to flush usage events
[0m22:20:06.336368 [debug] [MainThread]: Sending event: {'category': 'dbt', 'action': 'invocation', 'label': 'start', 'context': [<snowplow_tracker.self_describing_json.SelfDescribingJson object at 0x78f177d87090>, <snowplow_tracker.self_describing_json.SelfDescribingJson object at 0x78f177d32110>, <snowplow_tracker.self_describing_json.SelfDescribingJson object at 0x78f177d86cd0>]}


============================== 22:20:06.343242 | 84e9abe0-a6a7-44f2-a3fb-469a3f86e5df ==============================
[0m22:20:06.343242 [info ] [MainThread]: Running with dbt=1.11.7
[0m22:20:06.343978 [debug] [MainThread]: running dbt with arguments {'empty': 'False', 'version_check': 'True', 'fail_fast': 'False', 'printer_width': '80', 'target_path': 'None', 'warn_error_options': 'WarnErrorOptionsV2(error=[], warn=[], silence=[])', 'debug': 'False', 'invocation_command': 'dbt run --profiles-dir /usr/app/dbt', 'quiet': 'False', 'send_anonymous_usage_stats': 'True', 'partial_parse': 'True', 'indirect_selection': 'eager', 'write_json': 'True', 'log_cache_events': 'False', 'log_format': 'default', 'no_print': 'None', 'warn_error': 'None', 'log_path': '/usr/app/dbt/capstone_support/logs', 'use_colors': 'True', 'profiles_dir': '/usr/app/dbt', 'cache_selected_only': 'False', 'use_experimental_parser': 'False', 'introspect': 'True', 'static_parser': 'True'}
[0m22:20:06.569159 [debug] [MainThread]: Sending event: {'category': 'dbt', 'action': 'project_id', 'label': '84e9abe0-a6a7-44f2-a3fb-469a3f86e5df', 'context': [<snowplow_tracker.self_describing_json.SelfDescribingJson object at 0x78f177d532d0>]}
[0m22:20:06.636836 [debug] [MainThread]: Sending event: {'category': 'dbt', 'action': 'adapter_info', 'label': '84e9abe0-a6a7-44f2-a3fb-469a3f86e5df', 'context': [<snowplow_tracker.self_describing_json.SelfDescribingJson object at 0x78f17aeac990>]}
[0m22:20:06.638849 [info ] [MainThread]: Registered adapter: duckdb=1.10.1
[0m22:20:06.797813 [debug] [MainThread]: checksum: b80718358155fc17c3559352095564dd56ada1cc1a1c0ef2e62c857e71583775, vars: {}, profile: , target: , version: 1.11.7
[0m22:20:06.949220 [debug] [MainThread]: Partial parsing enabled: 1 files deleted, 0 files added, 1 files changed.
[0m22:20:06.949816 [debug] [MainThread]: Partial parsing: deleted file: customer_support_tickets://models/marts/other/dim_users.sql
[0m22:20:06.950284 [debug] [MainThread]: Partial parsing: updated file: customer_support_tickets://models/staging/stg_tickets.sql
[0m22:20:07.336538 [warn ] [MainThread]: [[33mWARNING[0m]: Configuration paths exist in your dbt_project.yml file which do not apply to any resources.
There are 1 unused configuration paths:
- models.customer_support_tickets.core
[0m22:20:07.365345 [debug] [MainThread]: Sending event: {'category': 'dbt', 'action': 'load_project', 'label': '84e9abe0-a6a7-44f2-a3fb-469a3f86e5df', 'context': [<snowplow_tracker.self_describing_json.SelfDescribingJson object at 0x78f17410c850>]}
[0m22:20:07.459092 [debug] [MainThread]: Wrote artifact WritableManifest to /usr/app/dbt/capstone_support/target/manifest.json
[0m22:20:07.463725 [debug] [MainThread]: Wrote artifact SemanticManifest to /usr/app/dbt/capstone_support/target/semantic_manifest.json
[0m22:20:07.494802 [debug] [MainThread]: Sending event: {'category': 'dbt', 'action': 'resource_counts', 'label': '84e9abe0-a6a7-44f2-a3fb-469a3f86e5df', 'context': [<snowplow_tracker.self_describing_json.SelfDescribingJson object at 0x78f172bebdd0>]}
[0m22:20:07.495459 [info ] [MainThread]: Found 15 models, 1 seed, 1 source, 618 macros
[0m22:20:07.496591 [debug] [MainThread]: Sending event: {'category': 'dbt', 'action': 'runnable_timing', 'label': '84e9abe0-a6a7-44f2-a3fb-469a3f86e5df', 'context': [<snowplow_tracker.self_describing_json.SelfDescribingJson object at 0x78f172da5250>]}
[0m22:20:07.502867 [info ] [MainThread]: 
[0m22:20:07.503877 [info ] [MainThread]: Concurrency: 4 threads (target='dev')
[0m22:20:07.504509 [info ] [MainThread]: 
[0m22:20:07.505410 [debug] [MainThread]: Acquiring new duckdb connection 'master'
[0m22:20:07.514622 [debug] [ThreadPool]: Acquiring new duckdb connection 'list_support'
[0m22:20:07.527489 [debug] [ThreadPool]: Acquiring new duckdb connection 'list_support'
[0m22:20:07.562046 [debug] [ThreadPool]: Using duckdb connection "list_support"
[0m22:20:07.562449 [debug] [ThreadPool]: Using duckdb connection "list_support"
[0m22:20:07.562812 [debug] [ThreadPool]: On list_support: /* {"app": "dbt", "dbt_version": "1.11.7", "profile_name": "customer_support_tickets", "target_name": "dev", "connection_name": "list_support"} */

    
    select schema_name
    from system.information_schema.schemata
    
    where lower(catalog_name) = '"support"'
    
  
  
[0m22:20:07.563239 [debug] [ThreadPool]: On list_support: /* {"app": "dbt", "dbt_version": "1.11.7", "profile_name": "customer_support_tickets", "target_name": "dev", "connection_name": "list_support"} */

    
    select schema_name
    from system.information_schema.schemata
    
    where lower(catalog_name) = '"support"'
    
  
  
[0m22:20:07.564152 [debug] [ThreadPool]: Opening a new connection, currently in state init
[0m22:20:07.563668 [debug] [ThreadPool]: Opening a new connection, currently in state init
[0m22:20:07.581335 [debug] [ThreadPool]: SQL status: OK in 0.018 seconds
[0m22:20:07.581759 [debug] [ThreadPool]: SQL status: OK in 0.018 seconds
[0m22:20:07.583022 [debug] [ThreadPool]: On list_support: Close
[0m22:20:07.584181 [debug] [ThreadPool]: On list_support: Close
[0m22:20:07.585339 [debug] [ThreadPool]: Re-using an available connection from the pool (formerly list_support, now create_support_main_marts)
[0m22:20:07.585705 [debug] [ThreadPool]: Re-using an available connection from the pool (formerly list_support, now create_support_main_staging)
[0m22:20:07.586201 [debug] [ThreadPool]: Creating schema "database: "support"
schema: "main_marts"
"
[0m22:20:07.586662 [debug] [ThreadPool]: Creating schema "database: "support"
schema: "main_staging"
"
[0m22:20:07.593608 [debug] [ThreadPool]: Using duckdb connection "create_support_main_marts"
[0m22:20:07.595761 [debug] [ThreadPool]: Using duckdb connection "create_support_main_staging"
[0m22:20:07.596158 [debug] [ThreadPool]: On create_support_main_marts: /* {"app": "dbt", "dbt_version": "1.11.7", "profile_name": "customer_support_tickets", "target_name": "dev", "connection_name": "create_support_main_marts"} */

    
        select type from duckdb_databases()
        where lower(database_name)='support'
        and type='sqlite'
    
  
[0m22:20:07.596546 [debug] [ThreadPool]: On create_support_main_staging: /* {"app": "dbt", "dbt_version": "1.11.7", "profile_name": "customer_support_tickets", "target_name": "dev", "connection_name": "create_support_main_staging"} */

    
        select type from duckdb_databases()
        where lower(database_name)='support'
        and type='sqlite'
    
  
[0m22:20:07.596919 [debug] [ThreadPool]: Opening a new connection, currently in state closed
[0m22:20:07.597264 [debug] [ThreadPool]: Opening a new connection, currently in state closed
[0m22:20:07.598736 [debug] [ThreadPool]: SQL status: OK in 0.001 seconds
[0m22:20:07.599085 [debug] [ThreadPool]: SQL status: OK in 0.002 seconds
[0m22:20:07.600410 [debug] [ThreadPool]: Using duckdb connection "create_support_main_staging"
[0m22:20:07.601522 [debug] [ThreadPool]: Using duckdb connection "create_support_main_marts"
[0m22:20:07.601785 [debug] [ThreadPool]: On create_support_main_staging: BEGIN
[0m22:20:07.602098 [debug] [ThreadPool]: On create_support_main_marts: BEGIN
[0m22:20:07.602859 [debug] [ThreadPool]: SQL status: OK in 0.000 seconds
[0m22:20:07.603141 [debug] [ThreadPool]: SQL status: OK in 0.000 seconds
[0m22:20:07.603464 [debug] [ThreadPool]: Using duckdb connection "create_support_main_staging"
[0m22:20:07.603779 [debug] [ThreadPool]: Using duckdb connection "create_support_main_marts"
[0m22:20:07.604174 [debug] [ThreadPool]: On create_support_main_staging: /* {"app": "dbt", "dbt_version": "1.11.7", "profile_name": "customer_support_tickets", "target_name": "dev", "connection_name": "create_support_main_staging"} */

    
    
        create schema if not exists "support"."main_staging"
    
[0m22:20:07.604527 [debug] [ThreadPool]: On create_support_main_marts: /* {"app": "dbt", "dbt_version": "1.11.7", "profile_name": "customer_support_tickets", "target_name": "dev", "connection_name": "create_support_main_marts"} */

    
    
        create schema if not exists "support"."main_marts"
    
[0m22:20:07.605210 [debug] [ThreadPool]: SQL status: OK in 0.000 seconds
[0m22:20:07.605567 [debug] [ThreadPool]: SQL status: OK in 0.001 seconds
[0m22:20:07.606276 [debug] [ThreadPool]: On create_support_main_staging: COMMIT
[0m22:20:07.607009 [debug] [ThreadPool]: On create_support_main_marts: COMMIT
[0m22:20:07.607381 [debug] [ThreadPool]: Using duckdb connection "create_support_main_staging"
[0m22:20:07.607743 [debug] [ThreadPool]: Using duckdb connection "create_support_main_marts"
[0m22:20:07.608068 [debug] [ThreadPool]: On create_support_main_staging: COMMIT
[0m22:20:07.608458 [debug] [ThreadPool]: On create_support_main_marts: COMMIT
[0m22:20:07.609128 [debug] [ThreadPool]: SQL status: OK in 0.000 seconds
[0m22:20:07.609857 [debug] [ThreadPool]: On create_support_main_staging: Close
[0m22:20:07.609538 [debug] [ThreadPool]: SQL status: OK in 0.001 seconds
[0m22:20:07.610577 [debug] [ThreadPool]: On create_support_main_marts: Close
[0m22:20:07.613733 [debug] [ThreadPool]: Re-using an available connection from the pool (formerly create_support_main_marts, now list_support_main_marts)
[0m22:20:07.614289 [debug] [ThreadPool]: Re-using an available connection from the pool (formerly create_support_main_staging, now list_support_main)
[0m22:20:07.619456 [debug] [ThreadPool]: Using duckdb connection "list_support_main_marts"
[0m22:20:07.619858 [debug] [ThreadPool]: Acquiring new duckdb connection 'list_support_main_staging'
[0m22:20:07.621796 [debug] [ThreadPool]: Using duckdb connection "list_support_main"
[0m22:20:07.622148 [debug] [ThreadPool]: On list_support_main_marts: BEGIN
[0m22:20:07.623936 [debug] [ThreadPool]: Using duckdb connection "list_support_main_staging"
[0m22:20:07.624278 [debug] [ThreadPool]: On list_support_main: BEGIN
[0m22:20:07.624618 [debug] [ThreadPool]: Opening a new connection, currently in state closed
[0m22:20:07.624967 [debug] [ThreadPool]: On list_support_main_staging: BEGIN
[0m22:20:07.625356 [debug] [ThreadPool]: Opening a new connection, currently in state closed
[0m22:20:07.625969 [debug] [ThreadPool]: Opening a new connection, currently in state init
[0m22:20:07.626407 [debug] [ThreadPool]: SQL status: OK in 0.002 seconds
[0m22:20:07.627077 [debug] [ThreadPool]: SQL status: OK in 0.002 seconds
[0m22:20:07.627461 [debug] [ThreadPool]: SQL status: OK in 0.001 seconds
[0m22:20:07.627739 [debug] [ThreadPool]: Using duckdb connection "list_support_main_marts"
[0m22:20:07.628037 [debug] [ThreadPool]: Using duckdb connection "list_support_main"
[0m22:20:07.628417 [debug] [ThreadPool]: Using duckdb connection "list_support_main_staging"
[0m22:20:07.628780 [debug] [ThreadPool]: On list_support_main_marts: /* {"app": "dbt", "dbt_version": "1.11.7", "profile_name": "customer_support_tickets", "target_name": "dev", "connection_name": "list_support_main_marts"} */
select
      'support' as database,
      table_name as name,
      table_schema as schema,
      CASE table_type
        WHEN 'BASE TABLE' THEN 'table'
        WHEN 'VIEW' THEN 'view'
        WHEN 'LOCAL TEMPORARY' THEN 'table'
        END as type
    from system.information_schema.tables
    where lower(table_schema) = 'main_marts'
    and lower(table_catalog) = 'support'
  
[0m22:20:07.629187 [debug] [ThreadPool]: On list_support_main: /* {"app": "dbt", "dbt_version": "1.11.7", "profile_name": "customer_support_tickets", "target_name": "dev", "connection_name": "list_support_main"} */
select
      'support' as database,
      table_name as name,
      table_schema as schema,
      CASE table_type
        WHEN 'BASE TABLE' THEN 'table'
        WHEN 'VIEW' THEN 'view'
        WHEN 'LOCAL TEMPORARY' THEN 'table'
        END as type
    from system.information_schema.tables
    where lower(table_schema) = 'main'
    and lower(table_catalog) = 'support'
  
[0m22:20:07.629550 [debug] [ThreadPool]: On list_support_main_staging: /* {"app": "dbt", "dbt_version": "1.11.7", "profile_name": "customer_support_tickets", "target_name": "dev", "connection_name": "list_support_main_staging"} */
select
      'support' as database,
      table_name as name,
      table_schema as schema,
      CASE table_type
        WHEN 'BASE TABLE' THEN 'table'
        WHEN 'VIEW' THEN 'view'
        WHEN 'LOCAL TEMPORARY' THEN 'table'
        END as type
    from system.information_schema.tables
    where lower(table_schema) = 'main_staging'
    and lower(table_catalog) = 'support'
  
[0m22:20:07.634186 [debug] [ThreadPool]: SQL status: OK in 0.004 seconds
[0m22:20:07.634616 [debug] [ThreadPool]: SQL status: OK in 0.004 seconds
[0m22:20:07.635927 [debug] [ThreadPool]: On list_support_main_marts: ROLLBACK
[0m22:20:07.636241 [debug] [ThreadPool]: SQL status: OK in 0.006 seconds
[0m22:20:07.637295 [debug] [ThreadPool]: On list_support_main_staging: ROLLBACK
[0m22:20:07.638556 [debug] [ThreadPool]: On list_support_main: ROLLBACK
[0m22:20:07.639302 [debug] [ThreadPool]: Failed to rollback 'list_support_main_marts'
[0m22:20:07.639950 [debug] [ThreadPool]: Failed to rollback 'list_support_main'
[0m22:20:07.640293 [debug] [ThreadPool]: Failed to rollback 'list_support_main_staging'
[0m22:20:07.640590 [debug] [ThreadPool]: On list_support_main_marts: Close
[0m22:20:07.640923 [debug] [ThreadPool]: On list_support_main: Close
[0m22:20:07.641258 [debug] [ThreadPool]: On list_support_main_staging: Close
[0m22:20:07.642856 [debug] [MainThread]: Sending event: {'category': 'dbt', 'action': 'runnable_timing', 'label': '84e9abe0-a6a7-44f2-a3fb-469a3f86e5df', 'context': [<snowplow_tracker.self_describing_json.SelfDescribingJson object at 0x78f172d6a290>]}
[0m22:20:07.643329 [debug] [MainThread]: Using duckdb connection "master"
[0m22:20:07.643606 [debug] [MainThread]: On master: BEGIN
[0m22:20:07.643880 [debug] [MainThread]: Opening a new connection, currently in state init
[0m22:20:07.644448 [debug] [MainThread]: SQL status: OK in 0.001 seconds
[0m22:20:07.644731 [debug] [MainThread]: On master: COMMIT
[0m22:20:07.645015 [debug] [MainThread]: Using duckdb connection "master"
[0m22:20:07.645325 [debug] [MainThread]: On master: COMMIT
[0m22:20:07.645777 [debug] [MainThread]: SQL status: OK in 0.000 seconds
[0m22:20:07.646063 [debug] [MainThread]: On master: Close
[0m22:20:07.675159 [debug] [Thread-1 (]: Began running node model.customer_support_tickets.stg_tickets
[0m22:20:07.675697 [debug] [Thread-2 (]: Began running node model.customer_support_tickets.stg_users
[0m22:20:07.676263 [info ] [Thread-1 (]: 1 of 15 START sql view model main_staging.stg_tickets .......................... [RUN]
[0m22:20:07.677039 [info ] [Thread-2 (]: 2 of 15 START sql view model main_staging.stg_users ............................ [RUN]
[0m22:20:07.677756 [debug] [Thread-1 (]: Re-using an available connection from the pool (formerly list_support_main_staging, now model.customer_support_tickets.stg_tickets)
[0m22:20:07.678277 [debug] [Thread-2 (]: Re-using an available connection from the pool (formerly list_support_main, now model.customer_support_tickets.stg_users)
[0m22:20:07.678730 [debug] [Thread-1 (]: Began compiling node model.customer_support_tickets.stg_tickets
[0m22:20:07.679201 [debug] [Thread-2 (]: Began compiling node model.customer_support_tickets.stg_users
[0m22:20:07.699617 [debug] [Thread-2 (]: Writing injected SQL for node "model.customer_support_tickets.stg_users"
[0m22:20:07.700811 [debug] [Thread-1 (]: Writing injected SQL for node "model.customer_support_tickets.stg_tickets"
[0m22:20:07.702578 [debug] [Thread-1 (]: Began executing node model.customer_support_tickets.stg_tickets
[0m22:20:07.703315 [debug] [Thread-2 (]: Began executing node model.customer_support_tickets.stg_users
[0m22:20:07.740669 [debug] [Thread-1 (]: Writing runtime sql for node "model.customer_support_tickets.stg_tickets"
[0m22:20:07.744080 [debug] [Thread-2 (]: Writing runtime sql for node "model.customer_support_tickets.stg_users"
[0m22:20:07.744722 [debug] [Thread-1 (]: Using duckdb connection "model.customer_support_tickets.stg_tickets"
[0m22:20:07.745191 [debug] [Thread-1 (]: On model.customer_support_tickets.stg_tickets: BEGIN
[0m22:20:07.745700 [debug] [Thread-2 (]: Using duckdb connection "model.customer_support_tickets.stg_users"
[0m22:20:07.746003 [debug] [Thread-1 (]: Opening a new connection, currently in state closed
[0m22:20:07.746419 [debug] [Thread-2 (]: On model.customer_support_tickets.stg_users: BEGIN
[0m22:20:07.747068 [debug] [Thread-2 (]: Opening a new connection, currently in state closed
[0m22:20:07.747745 [debug] [Thread-1 (]: SQL status: OK in 0.002 seconds
[0m22:20:07.748150 [debug] [Thread-2 (]: SQL status: OK in 0.001 seconds
[0m22:20:07.748447 [debug] [Thread-1 (]: Using duckdb connection "model.customer_support_tickets.stg_tickets"
[0m22:20:07.748819 [debug] [Thread-2 (]: Using duckdb connection "model.customer_support_tickets.stg_users"
[0m22:20:07.749275 [debug] [Thread-1 (]: On model.customer_support_tickets.stg_tickets: /* {"app": "dbt", "dbt_version": "1.11.7", "profile_name": "customer_support_tickets", "target_name": "dev", "node_id": "model.customer_support_tickets.stg_tickets"} */

  
  create view "support"."main_staging"."stg_tickets__dbt_tmp" as (
    

with source as (
    select * from "support"."raw"."customer_support_tickets"
),

cleaned as (
    select
        cast("Ticket ID"           as varchar)  as ticket_id,
        lower(trim("Customer Name"))            as customer_name,
        cast("Customer Age"        as integer)  as customer_age,
        lower(trim("Customer Gender"))          as customer_gender,
        lower(trim("Product Purchased"))        as product_purchased,
        cast("Date of Purchase"    as date)     as purchase_date,
        lower(trim("Ticket Type"))              as ticket_type,
        lower(trim("Ticket Subject"))           as ticket_subject,
        lower(trim("Ticket Status"))            as ticket_status,
        lower(trim("Ticket Priority"))          as ticket_priority,
        lower(trim("Ticket Channel"))           as ticket_channel,
        cast("First Response Time"  as double)  as first_response_hrs,
        cast("Time to Resolution"   as double)  as resolution_hrs,
        cast("Customer Satisfaction Rating" as double) as satisfaction_rating,
        _ingested_at
    from source
)

select * from cleaned

md5(cast(coalesce(cast("Customer Name" as TEXT), '_dbt_utils_surrogate_key_null_') || '-' || coalesce(cast("Customer Email" as TEXT), '_dbt_utils_surrogate_key_null_') as TEXT)) as customer_id,
  );

[0m22:20:07.749734 [debug] [Thread-2 (]: On model.customer_support_tickets.stg_users: /* {"app": "dbt", "dbt_version": "1.11.7", "profile_name": "customer_support_tickets", "target_name": "dev", "node_id": "model.customer_support_tickets.stg_users"} */

  
  create view "support"."main_staging"."stg_users__dbt_tmp" as (
    

with source as (
    select * from "support"."raw"."customer_support_tickets"
)

select
    distinct
    md5(cast(coalesce(cast("Customer Name" as TEXT), '_dbt_utils_surrogate_key_null_') || '-' || coalesce(cast("Customer Email" as TEXT), '_dbt_utils_surrogate_key_null_') as TEXT)) as user_id,
    "Customer Name" as name,
    "Customer Email" as email
from "support"."raw"."customer_support_tickets"
  );

[0m22:20:07.750529 [debug] [Thread-1 (]: DuckDB adapter: duckdb error: Parser Error: syntax error at or near "cast"

LINE 33: md5(cast(coalesce(cast("Customer Name" as TEXT), '_dbt_utils_su...
             ^
[0m22:20:07.751295 [debug] [Thread-1 (]: DuckDB adapter: Error running SQL: /* {"app": "dbt", "dbt_version": "1.11.7", "profile_name": "customer_support_tickets", "target_name": "dev", "node_id": "model.customer_support_tickets.stg_tickets"} */

  
  create view "support"."main_staging"."stg_tickets__dbt_tmp" as (
    

with source as (
    select * from "support"."raw"."customer_support_tickets"
),

cleaned as (
    select
        cast("Ticket ID"           as varchar)  as ticket_id,
        lower(trim("Customer Name"))            as customer_name,
        cast("Customer Age"        as integer)  as customer_age,
        lower(trim("Customer Gender"))          as customer_gender,
        lower(trim("Product Purchased"))        as product_purchased,
        cast("Date of Purchase"    as date)     as purchase_date,
        lower(trim("Ticket Type"))              as ticket_type,
        lower(trim("Ticket Subject"))           as ticket_subject,
        lower(trim("Ticket Status"))            as ticket_status,
        lower(trim("Ticket Priority"))          as ticket_priority,
        lower(trim("Ticket Channel"))           as ticket_channel,
        cast("First Response Time"  as double)  as first_response_hrs,
        cast("Time to Resolution"   as double)  as resolution_hrs,
        cast("Customer Satisfaction Rating" as double) as satisfaction_rating,
        _ingested_at
    from source
)

select * from cleaned

md5(cast(coalesce(cast("Customer Name" as TEXT), '_dbt_utils_surrogate_key_null_') || '-' || coalesce(cast("Customer Email" as TEXT), '_dbt_utils_surrogate_key_null_') as TEXT)) as customer_id,
  );

[0m22:20:07.751849 [debug] [Thread-1 (]: DuckDB adapter: Rolling back transaction.
[0m22:20:07.752249 [debug] [Thread-1 (]: On model.customer_support_tickets.stg_tickets: ROLLBACK
[0m22:20:07.752535 [debug] [Thread-2 (]: SQL status: OK in 0.002 seconds
[0m22:20:07.758504 [debug] [Thread-2 (]: Using duckdb connection "model.customer_support_tickets.stg_users"
[0m22:20:07.758943 [debug] [Thread-2 (]: On model.customer_support_tickets.stg_users: /* {"app": "dbt", "dbt_version": "1.11.7", "profile_name": "customer_support_tickets", "target_name": "dev", "node_id": "model.customer_support_tickets.stg_users"} */
alter view "support"."main_staging"."stg_users" rename to "stg_users__dbt_backup"
[0m22:20:07.759955 [debug] [Thread-1 (]: Failed to rollback 'model.customer_support_tickets.stg_tickets'
[0m22:20:07.760364 [debug] [Thread-2 (]: SQL status: OK in 0.001 seconds
[0m22:20:07.760753 [debug] [Thread-1 (]: On model.customer_support_tickets.stg_tickets: Close
[0m22:20:07.763336 [debug] [Thread-2 (]: Using duckdb connection "model.customer_support_tickets.stg_users"
[0m22:20:07.764651 [debug] [Thread-2 (]: On model.customer_support_tickets.stg_users: /* {"app": "dbt", "dbt_version": "1.11.7", "profile_name": "customer_support_tickets", "target_name": "dev", "node_id": "model.customer_support_tickets.stg_users"} */
alter view "support"."main_staging"."stg_users__dbt_tmp" rename to "stg_users"
[0m22:20:07.765530 [debug] [Thread-2 (]: SQL status: OK in 0.000 seconds
[0m22:20:07.777970 [debug] [Thread-2 (]: On model.customer_support_tickets.stg_users: COMMIT
[0m22:20:07.778429 [debug] [Thread-2 (]: Using duckdb connection "model.customer_support_tickets.stg_users"
[0m22:20:07.778881 [debug] [Thread-2 (]: On model.customer_support_tickets.stg_users: COMMIT
[0m22:20:07.782685 [debug] [Thread-1 (]: Runtime Error in model stg_tickets (models/staging/stg_tickets.sql)
  Parser Error: syntax error at or near "cast"
  
  LINE 33: md5(cast(coalesce(cast("Customer Name" as TEXT), '_dbt_utils_su...
               ^
[0m22:20:07.784649 [debug] [Thread-2 (]: SQL status: OK in 0.005 seconds
[0m22:20:07.789759 [debug] [Thread-2 (]: Using duckdb connection "model.customer_support_tickets.stg_users"
[0m22:20:07.790196 [debug] [Thread-2 (]: On model.customer_support_tickets.stg_users: /* {"app": "dbt", "dbt_version": "1.11.7", "profile_name": "customer_support_tickets", "target_name": "dev", "node_id": "model.customer_support_tickets.stg_users"} */

      drop view if exists "support"."main_staging"."stg_users__dbt_backup" cascade
    
[0m22:20:07.790691 [debug] [Thread-1 (]: Sending event: {'category': 'dbt', 'action': 'run_model', 'label': '84e9abe0-a6a7-44f2-a3fb-469a3f86e5df', 'context': [<snowplow_tracker.self_describing_json.SelfDescribingJson object at 0x78f1715f4590>]}
[0m22:20:07.791657 [error] [Thread-1 (]: 1 of 15 ERROR creating sql view model main_staging.stg_tickets ................. [[31mERROR[0m in 0.11s]
[0m22:20:07.792706 [debug] [Thread-1 (]: Finished running node model.customer_support_tickets.stg_tickets
[0m22:20:07.793156 [debug] [Thread-2 (]: SQL status: OK in 0.003 seconds
[0m22:20:07.793652 [debug] [Thread-7 (]: Marking all children of 'model.customer_support_tickets.stg_tickets' to be skipped because of status 'error'.  Reason: Runtime Error in model stg_tickets (models/staging/stg_tickets.sql)
  Parser Error: syntax error at or near "cast"
  
  LINE 33: md5(cast(coalesce(cast("Customer Name" as TEXT), '_dbt_utils_su...
               ^.
[0m22:20:07.795776 [debug] [Thread-2 (]: On model.customer_support_tickets.stg_users: Close
[0m22:20:07.797416 [debug] [Thread-2 (]: Sending event: {'category': 'dbt', 'action': 'run_model', 'label': '84e9abe0-a6a7-44f2-a3fb-469a3f86e5df', 'context': [<snowplow_tracker.self_describing_json.SelfDescribingJson object at 0x78f172fb4ad0>]}
[0m22:20:07.797828 [debug] [Thread-4 (]: Began running node model.customer_support_tickets.dim_agents
[0m22:20:07.799069 [info ] [Thread-2 (]: 2 of 15 OK created sql view model main_staging.stg_users ....................... [[32mOK[0m in 0.12s]
[0m22:20:07.801035 [debug] [Thread-2 (]: Finished running node model.customer_support_tickets.stg_users
[0m22:20:07.801542 [debug] [Thread-2 (]: Began running node model.customer_support_tickets.dim_date
[0m22:20:07.798508 [debug] [Thread-3 (]: Began running node model.customer_support_tickets.dim_customers
[0m22:20:07.802370 [debug] [Thread-1 (]: Began running node model.customer_support_tickets.dim_products
[0m22:20:07.799618 [info ] [Thread-4 (]: 3 of 15 SKIP relation main_marts.dim_agents .................................... [[33mSKIP[0m]
[0m22:20:07.803012 [info ] [Thread-2 (]: 5 of 15 SKIP relation main_marts.dim_date ...................................... [[33mSKIP[0m]
[0m22:20:07.804789 [debug] [Thread-4 (]: Finished running node model.customer_support_tickets.dim_agents
[0m22:20:07.805325 [debug] [Thread-2 (]: Finished running node model.customer_support_tickets.dim_date
[0m22:20:07.803555 [info ] [Thread-3 (]: 4 of 15 SKIP relation main_marts.dim_customers ................................. [[33mSKIP[0m]
[0m22:20:07.804070 [info ] [Thread-1 (]: 6 of 15 SKIP relation main_marts.dim_products .................................. [[33mSKIP[0m]
[0m22:20:07.807969 [debug] [Thread-1 (]: Finished running node model.customer_support_tickets.dim_products
[0m22:20:07.808637 [debug] [Thread-1 (]: Began running node model.customer_support_tickets.fct_business_performanceB
[0m22:20:07.809296 [info ] [Thread-1 (]: 9 of 15 SKIP relation main_marts.fct_business_performanceB ..................... [[33mSKIP[0m]
[0m22:20:07.806226 [debug] [Thread-4 (]: Began running node model.customer_support_tickets.fact_tickets
[0m22:20:07.806834 [debug] [Thread-2 (]: Began running node model.customer_support_tickets.fct_business_performanceA
[0m22:20:07.807345 [debug] [Thread-3 (]: Finished running node model.customer_support_tickets.dim_customers
[0m22:20:07.809932 [debug] [Thread-1 (]: Finished running node model.customer_support_tickets.fct_business_performanceB
[0m22:20:07.810434 [info ] [Thread-4 (]: 7 of 15 SKIP relation main_marts.fact_tickets .................................. [[33mSKIP[0m]
[0m22:20:07.811071 [info ] [Thread-2 (]: 8 of 15 SKIP relation main_marts.fct_business_performanceA ..................... [[33mSKIP[0m]
[0m22:20:07.811685 [debug] [Thread-3 (]: Began running node model.customer_support_tickets.fct_tickets
[0m22:20:07.812264 [debug] [Thread-1 (]: Began running node model.customer_support_tickets.mart_cx_satisfaction
[0m22:20:07.812743 [debug] [Thread-4 (]: Finished running node model.customer_support_tickets.fact_tickets
[0m22:20:07.813176 [debug] [Thread-2 (]: Finished running node model.customer_support_tickets.fct_business_performanceA
[0m22:20:07.813592 [info ] [Thread-3 (]: 10 of 15 SKIP relation main_marts.fct_tickets .................................. [[33mSKIP[0m]
[0m22:20:07.814706 [debug] [Thread-4 (]: Began running node model.customer_support_tickets.mart_fairness
[0m22:20:07.814142 [info ] [Thread-1 (]: 11 of 15 SKIP relation main_marts.mart_cx_satisfaction ......................... [[33mSKIP[0m]
[0m22:20:07.817282 [debug] [Thread-1 (]: Finished running node model.customer_support_tickets.mart_cx_satisfaction
[0m22:20:07.816077 [debug] [Thread-3 (]: Finished running node model.customer_support_tickets.fct_tickets
[0m22:20:07.815369 [debug] [Thread-2 (]: Began running node model.customer_support_tickets.mart_operations_sla
[0m22:20:07.816740 [info ] [Thread-4 (]: 12 of 15 SKIP relation main_marts.mart_fairness ................................ [[33mSKIP[0m]
[0m22:20:07.818513 [debug] [Thread-1 (]: Began running node model.customer_support_tickets.mart_priority_subjects
[0m22:20:07.819166 [debug] [Thread-3 (]: Began running node model.customer_support_tickets.fct_ticket_metrics
[0m22:20:07.819642 [info ] [Thread-2 (]: 13 of 15 SKIP relation main_marts.mart_operations_sla .......................... [[33mSKIP[0m]
[0m22:20:07.820449 [debug] [Thread-4 (]: Finished running node model.customer_support_tickets.mart_fairness
[0m22:20:07.821711 [info ] [Thread-3 (]: 15 of 15 SKIP relation main_marts.fct_ticket_metrics ........................... [[33mSKIP[0m]
[0m22:20:07.821102 [info ] [Thread-1 (]: 14 of 15 SKIP relation main_marts.mart_priority_subjects ....................... [[33mSKIP[0m]
[0m22:20:07.822843 [debug] [Thread-2 (]: Finished running node model.customer_support_tickets.mart_operations_sla
[0m22:20:07.824307 [debug] [Thread-3 (]: Finished running node model.customer_support_tickets.fct_ticket_metrics
[0m22:20:07.824775 [debug] [Thread-1 (]: Finished running node model.customer_support_tickets.mart_priority_subjects
[0m22:20:07.826853 [debug] [MainThread]: Using duckdb connection "master"
[0m22:20:07.827275 [debug] [MainThread]: On master: BEGIN
[0m22:20:07.827829 [debug] [MainThread]: Opening a new connection, currently in state closed
[0m22:20:07.829005 [debug] [MainThread]: SQL status: OK in 0.001 seconds
[0m22:20:07.829399 [debug] [MainThread]: On master: COMMIT
[0m22:20:07.829751 [debug] [MainThread]: Using duckdb connection "master"
[0m22:20:07.830040 [debug] [MainThread]: On master: COMMIT
[0m22:20:07.830565 [debug] [MainThread]: SQL status: OK in 0.000 seconds
[0m22:20:07.830884 [debug] [MainThread]: On master: Close
[0m22:20:07.831327 [debug] [MainThread]: Connection 'master' was properly closed.
[0m22:20:07.831584 [debug] [MainThread]: Connection 'list_support_main_marts' was properly closed.
[0m22:20:07.831854 [debug] [MainThread]: Connection 'model.customer_support_tickets.stg_users' was properly closed.
[0m22:20:07.832134 [debug] [MainThread]: Connection 'model.customer_support_tickets.stg_tickets' was properly closed.
[0m22:20:07.832546 [info ] [MainThread]: 
[0m22:20:07.833018 [info ] [MainThread]: Finished running 1 incremental model, 12 table models, 2 view models in 0 hours 0 minutes and 0.33 seconds (0.33s).
[0m22:20:07.834305 [debug] [MainThread]: Command end result
[0m22:20:07.869425 [debug] [MainThread]: Wrote artifact WritableManifest to /usr/app/dbt/capstone_support/target/manifest.json
[0m22:20:07.871163 [debug] [MainThread]: Wrote artifact SemanticManifest to /usr/app/dbt/capstone_support/target/semantic_manifest.json
[0m22:20:07.876823 [debug] [MainThread]: Wrote artifact RunExecutionResult to /usr/app/dbt/capstone_support/target/run_results.json
[0m22:20:07.877167 [info ] [MainThread]: 
[0m22:20:07.877589 [info ] [MainThread]: [31mCompleted with 1 error, 0 partial successes, and 0 warnings:[0m
[0m22:20:07.878015 [info ] [MainThread]: 
[0m22:20:07.878564 [error] [MainThread]: [31mFailure in model stg_tickets (models/staging/stg_tickets.sql)[0m
[0m22:20:07.879094 [error] [MainThread]:   Runtime Error in model stg_tickets (models/staging/stg_tickets.sql)
  Parser Error: syntax error at or near "cast"
  
  LINE 33: md5(cast(coalesce(cast("Customer Name" as TEXT), '_dbt_utils_su...
               ^
[0m22:20:07.879539 [info ] [MainThread]: 
[0m22:20:07.880032 [info ] [MainThread]:   compiled code at target/compiled/customer_support_tickets/models/staging/stg_tickets.sql
[0m22:20:07.880475 [info ] [MainThread]: 
[0m22:20:07.880911 [info ] [MainThread]: Done. PASS=1 WARN=0 ERROR=1 SKIP=13 NO-OP=0 TOTAL=15
[0m22:20:07.882410 [debug] [MainThread]: Resource report: {"command_name": "run", "command_success": false, "command_wall_clock_time": 1.6058152, "process_in_blocks": "33552", "process_kernel_time": 0.493689, "process_mem_max_rss": "171068", "process_out_blocks": "7800", "process_user_time": 2.72917}
[0m22:20:07.883194 [debug] [MainThread]: Command `dbt run` failed at 22:20:07.882838 after 1.61 seconds
[0m22:20:07.883742 [debug] [MainThread]: Sending event: {'category': 'dbt', 'action': 'invocation', 'label': 'end', 'context': [<snowplow_tracker.self_describing_json.SelfDescribingJson object at 0x78f177d25290>, <snowplow_tracker.self_describing_json.SelfDescribingJson object at 0x78f178d25750>, <snowplow_tracker.self_describing_json.SelfDescribingJson object at 0x78f17c8f1590>]}
[0m22:20:07.884186 [debug] [MainThread]: Flushing usage events
[0m22:20:08.074418 [debug] [MainThread]: An error was encountered while trying to flush usage events
[0m22:21:03.486723 [debug] [MainThread]: Sending event: {'category': 'dbt', 'action': 'invocation', 'label': 'start', 'context': [<snowplow_tracker.self_describing_json.SelfDescribingJson object at 0x70bd869ca050>, <snowplow_tracker.self_describing_json.SelfDescribingJson object at 0x70bd869da990>, <snowplow_tracker.self_describing_json.SelfDescribingJson object at 0x70bd869cb090>]}


============================== 22:21:03.492974 | f10a4b0a-1564-4b3a-927b-d02a58394ff6 ==============================
[0m22:21:03.492974 [info ] [MainThread]: Running with dbt=1.11.7
[0m22:21:03.493934 [debug] [MainThread]: running dbt with arguments {'partial_parse': 'True', 'cache_selected_only': 'False', 'introspect': 'True', 'write_json': 'True', 'send_anonymous_usage_stats': 'True', 'use_colors': 'True', 'profiles_dir': '/usr/app/dbt', 'log_cache_events': 'False', 'indirect_selection': 'eager', 'empty': 'False', 'debug': 'False', 'quiet': 'False', 'no_print': 'None', 'warn_error_options': 'WarnErrorOptionsV2(error=[], warn=[], silence=[])', 'log_format': 'default', 'fail_fast': 'False', 'use_experimental_parser': 'False', 'version_check': 'True', 'static_parser': 'True', 'printer_width': '80', 'target_path': 'None', 'invocation_command': 'dbt run --profiles-dir /usr/app/dbt', 'log_path': '/usr/app/dbt/capstone_support/logs', 'warn_error': 'None'}
[0m22:21:03.848919 [debug] [MainThread]: Sending event: {'category': 'dbt', 'action': 'project_id', 'label': 'f10a4b0a-1564-4b3a-927b-d02a58394ff6', 'context': [<snowplow_tracker.self_describing_json.SelfDescribingJson object at 0x70bd81b2bf10>]}
[0m22:21:03.913222 [debug] [MainThread]: Sending event: {'category': 'dbt', 'action': 'adapter_info', 'label': 'f10a4b0a-1564-4b3a-927b-d02a58394ff6', 'context': [<snowplow_tracker.self_describing_json.SelfDescribingJson object at 0x70bd89ad4ed0>]}
[0m22:21:03.915072 [info ] [MainThread]: Registered adapter: duckdb=1.10.1
[0m22:21:04.043828 [debug] [MainThread]: checksum: b80718358155fc17c3559352095564dd56ada1cc1a1c0ef2e62c857e71583775, vars: {}, profile: , target: , version: 1.11.7
[0m22:21:04.174977 [debug] [MainThread]: Partial parsing enabled: 0 files deleted, 0 files added, 1 files changed.
[0m22:21:04.175838 [debug] [MainThread]: Partial parsing: updated file: customer_support_tickets://models/staging/stg_tickets.sql
[0m22:21:04.558441 [warn ] [MainThread]: [[33mWARNING[0m]: Configuration paths exist in your dbt_project.yml file which do not apply to any resources.
There are 1 unused configuration paths:
- models.customer_support_tickets.core
[0m22:21:04.574566 [debug] [MainThread]: Sending event: {'category': 'dbt', 'action': 'load_project', 'label': 'f10a4b0a-1564-4b3a-927b-d02a58394ff6', 'context': [<snowplow_tracker.self_describing_json.SelfDescribingJson object at 0x70bd869fc5d0>]}
[0m22:21:04.664180 [debug] [MainThread]: Wrote artifact WritableManifest to /usr/app/dbt/capstone_support/target/manifest.json
[0m22:21:04.666365 [debug] [MainThread]: Wrote artifact SemanticManifest to /usr/app/dbt/capstone_support/target/semantic_manifest.json
[0m22:21:04.684690 [debug] [MainThread]: Sending event: {'category': 'dbt', 'action': 'resource_counts', 'label': 'f10a4b0a-1564-4b3a-927b-d02a58394ff6', 'context': [<snowplow_tracker.self_describing_json.SelfDescribingJson object at 0x70bd81771350>]}
[0m22:21:04.685247 [info ] [MainThread]: Found 15 models, 1 seed, 1 source, 618 macros
[0m22:21:04.685620 [debug] [MainThread]: Sending event: {'category': 'dbt', 'action': 'runnable_timing', 'label': 'f10a4b0a-1564-4b3a-927b-d02a58394ff6', 'context': [<snowplow_tracker.self_describing_json.SelfDescribingJson object at 0x70bd89a54a90>]}
[0m22:21:04.687862 [info ] [MainThread]: 
[0m22:21:04.688269 [info ] [MainThread]: Concurrency: 4 threads (target='dev')
[0m22:21:04.688650 [info ] [MainThread]: 
[0m22:21:04.689297 [debug] [MainThread]: Acquiring new duckdb connection 'master'
[0m22:21:04.696706 [debug] [ThreadPool]: Acquiring new duckdb connection 'list_support'
[0m22:21:04.697405 [debug] [ThreadPool]: Acquiring new duckdb connection 'list_support'
[0m22:21:04.746698 [debug] [ThreadPool]: Using duckdb connection "list_support"
[0m22:21:04.747075 [debug] [ThreadPool]: Using duckdb connection "list_support"
[0m22:21:04.747491 [debug] [ThreadPool]: On list_support: /* {"app": "dbt", "dbt_version": "1.11.7", "profile_name": "customer_support_tickets", "target_name": "dev", "connection_name": "list_support"} */

    
    select schema_name
    from system.information_schema.schemata
    
    where lower(catalog_name) = '"support"'
    
  
  
[0m22:21:04.747893 [debug] [ThreadPool]: On list_support: /* {"app": "dbt", "dbt_version": "1.11.7", "profile_name": "customer_support_tickets", "target_name": "dev", "connection_name": "list_support"} */

    
    select schema_name
    from system.information_schema.schemata
    
    where lower(catalog_name) = '"support"'
    
  
  
[0m22:21:04.748794 [debug] [ThreadPool]: Opening a new connection, currently in state init
[0m22:21:04.748313 [debug] [ThreadPool]: Opening a new connection, currently in state init
[0m22:21:04.765047 [debug] [ThreadPool]: SQL status: OK in 0.016 seconds
[0m22:21:04.765476 [debug] [ThreadPool]: SQL status: OK in 0.017 seconds
[0m22:21:04.766713 [debug] [ThreadPool]: On list_support: Close
[0m22:21:04.767811 [debug] [ThreadPool]: On list_support: Close
[0m22:21:04.768880 [debug] [ThreadPool]: Re-using an available connection from the pool (formerly list_support, now create_support_main_marts)
[0m22:21:04.769251 [debug] [ThreadPool]: Re-using an available connection from the pool (formerly list_support, now create_support_main_staging)
[0m22:21:04.769708 [debug] [ThreadPool]: Creating schema "database: "support"
schema: "main_marts"
"
[0m22:21:04.770167 [debug] [ThreadPool]: Creating schema "database: "support"
schema: "main_staging"
"
[0m22:21:04.777080 [debug] [ThreadPool]: Using duckdb connection "create_support_main_marts"
[0m22:21:04.779234 [debug] [ThreadPool]: Using duckdb connection "create_support_main_staging"
[0m22:21:04.779612 [debug] [ThreadPool]: On create_support_main_marts: /* {"app": "dbt", "dbt_version": "1.11.7", "profile_name": "customer_support_tickets", "target_name": "dev", "connection_name": "create_support_main_marts"} */

    
        select type from duckdb_databases()
        where lower(database_name)='support'
        and type='sqlite'
    
  
[0m22:21:04.780009 [debug] [ThreadPool]: On create_support_main_staging: /* {"app": "dbt", "dbt_version": "1.11.7", "profile_name": "customer_support_tickets", "target_name": "dev", "connection_name": "create_support_main_staging"} */

    
        select type from duckdb_databases()
        where lower(database_name)='support'
        and type='sqlite'
    
  
[0m22:21:04.780395 [debug] [ThreadPool]: Opening a new connection, currently in state closed
[0m22:21:04.780750 [debug] [ThreadPool]: Opening a new connection, currently in state closed
[0m22:21:04.782260 [debug] [ThreadPool]: SQL status: OK in 0.002 seconds
[0m22:21:04.782533 [debug] [ThreadPool]: SQL status: OK in 0.002 seconds
[0m22:21:04.783724 [debug] [ThreadPool]: Using duckdb connection "create_support_main_marts"
[0m22:21:04.784802 [debug] [ThreadPool]: Using duckdb connection "create_support_main_staging"
[0m22:21:04.785158 [debug] [ThreadPool]: On create_support_main_marts: BEGIN
[0m22:21:04.785550 [debug] [ThreadPool]: On create_support_main_staging: BEGIN
[0m22:21:04.786178 [debug] [ThreadPool]: SQL status: OK in 0.000 seconds
[0m22:21:04.786546 [debug] [ThreadPool]: SQL status: OK in 0.000 seconds
[0m22:21:04.786898 [debug] [ThreadPool]: Using duckdb connection "create_support_main_marts"
[0m22:21:04.787228 [debug] [ThreadPool]: Using duckdb connection "create_support_main_staging"
[0m22:21:04.787585 [debug] [ThreadPool]: On create_support_main_marts: /* {"app": "dbt", "dbt_version": "1.11.7", "profile_name": "customer_support_tickets", "target_name": "dev", "connection_name": "create_support_main_marts"} */

    
    
        create schema if not exists "support"."main_marts"
    
[0m22:21:04.787966 [debug] [ThreadPool]: On create_support_main_staging: /* {"app": "dbt", "dbt_version": "1.11.7", "profile_name": "customer_support_tickets", "target_name": "dev", "connection_name": "create_support_main_staging"} */

    
    
        create schema if not exists "support"."main_staging"
    
[0m22:21:04.788630 [debug] [ThreadPool]: SQL status: OK in 0.000 seconds
[0m22:21:04.789548 [debug] [ThreadPool]: On create_support_main_marts: COMMIT
[0m22:21:04.789915 [debug] [ThreadPool]: SQL status: OK in 0.001 seconds
[0m22:21:04.790217 [debug] [ThreadPool]: Using duckdb connection "create_support_main_marts"
[0m22:21:04.790961 [debug] [ThreadPool]: On create_support_main_staging: COMMIT
[0m22:21:04.791695 [debug] [ThreadPool]: Using duckdb connection "create_support_main_staging"
[0m22:21:04.791998 [debug] [ThreadPool]: On create_support_main_staging: COMMIT
[0m22:21:04.792518 [debug] [ThreadPool]: SQL status: OK in 0.000 seconds
[0m22:21:04.792885 [debug] [ThreadPool]: On create_support_main_staging: Close
[0m22:21:04.791312 [debug] [ThreadPool]: On create_support_main_marts: COMMIT
[0m22:21:04.793769 [debug] [ThreadPool]: SQL status: OK in 0.000 seconds
[0m22:21:04.794278 [debug] [ThreadPool]: On create_support_main_marts: Close
[0m22:21:04.797416 [debug] [ThreadPool]: Re-using an available connection from the pool (formerly create_support_main_staging, now list_support_main)
[0m22:21:04.802952 [debug] [ThreadPool]: Using duckdb connection "list_support_main"
[0m22:21:04.803207 [debug] [ThreadPool]: Re-using an available connection from the pool (formerly create_support_main_marts, now list_support_main_marts)
[0m22:21:04.803709 [debug] [ThreadPool]: Acquiring new duckdb connection 'list_support_main_staging'
[0m22:21:04.803974 [debug] [ThreadPool]: On list_support_main: BEGIN
[0m22:21:04.805864 [debug] [ThreadPool]: Using duckdb connection "list_support_main_marts"
[0m22:21:04.807643 [debug] [ThreadPool]: Using duckdb connection "list_support_main_staging"
[0m22:21:04.807956 [debug] [ThreadPool]: Opening a new connection, currently in state closed
[0m22:21:04.808323 [debug] [ThreadPool]: On list_support_main_marts: BEGIN
[0m22:21:04.808661 [debug] [ThreadPool]: On list_support_main_staging: BEGIN
[0m22:21:04.809195 [debug] [ThreadPool]: Opening a new connection, currently in state closed
[0m22:21:04.809558 [debug] [ThreadPool]: SQL status: OK in 0.002 seconds
[0m22:21:04.809856 [debug] [ThreadPool]: Opening a new connection, currently in state init
[0m22:21:04.810483 [debug] [ThreadPool]: Using duckdb connection "list_support_main"
[0m22:21:04.810850 [debug] [ThreadPool]: SQL status: OK in 0.002 seconds
[0m22:21:04.811483 [debug] [ThreadPool]: On list_support_main: /* {"app": "dbt", "dbt_version": "1.11.7", "profile_name": "customer_support_tickets", "target_name": "dev", "connection_name": "list_support_main"} */
select
      'support' as database,
      table_name as name,
      table_schema as schema,
      CASE table_type
        WHEN 'BASE TABLE' THEN 'table'
        WHEN 'VIEW' THEN 'view'
        WHEN 'LOCAL TEMPORARY' THEN 'table'
        END as type
    from system.information_schema.tables
    where lower(table_schema) = 'main'
    and lower(table_catalog) = 'support'
  
[0m22:21:04.811803 [debug] [ThreadPool]: SQL status: OK in 0.002 seconds
[0m22:21:04.812680 [debug] [ThreadPool]: Using duckdb connection "list_support_main_staging"
[0m22:21:04.813065 [debug] [ThreadPool]: On list_support_main_staging: /* {"app": "dbt", "dbt_version": "1.11.7", "profile_name": "customer_support_tickets", "target_name": "dev", "connection_name": "list_support_main_staging"} */
select
      'support' as database,
      table_name as name,
      table_schema as schema,
      CASE table_type
        WHEN 'BASE TABLE' THEN 'table'
        WHEN 'VIEW' THEN 'view'
        WHEN 'LOCAL TEMPORARY' THEN 'table'
        END as type
    from system.information_schema.tables
    where lower(table_schema) = 'main_staging'
    and lower(table_catalog) = 'support'
  
[0m22:21:04.812100 [debug] [ThreadPool]: Using duckdb connection "list_support_main_marts"
[0m22:21:04.814478 [debug] [ThreadPool]: On list_support_main_marts: /* {"app": "dbt", "dbt_version": "1.11.7", "profile_name": "customer_support_tickets", "target_name": "dev", "connection_name": "list_support_main_marts"} */
select
      'support' as database,
      table_name as name,
      table_schema as schema,
      CASE table_type
        WHEN 'BASE TABLE' THEN 'table'
        WHEN 'VIEW' THEN 'view'
        WHEN 'LOCAL TEMPORARY' THEN 'table'
        END as type
    from system.information_schema.tables
    where lower(table_schema) = 'main_marts'
    and lower(table_catalog) = 'support'
  
[0m22:21:04.816652 [debug] [ThreadPool]: SQL status: OK in 0.004 seconds
[0m22:21:04.817543 [debug] [ThreadPool]: SQL status: OK in 0.003 seconds
[0m22:21:04.818581 [debug] [ThreadPool]: On list_support_main: ROLLBACK
[0m22:21:04.818837 [debug] [ThreadPool]: SQL status: OK in 0.005 seconds
[0m22:21:04.819894 [debug] [ThreadPool]: On list_support_main_marts: ROLLBACK
[0m22:21:04.821040 [debug] [ThreadPool]: On list_support_main_staging: ROLLBACK
[0m22:21:04.821665 [debug] [ThreadPool]: Failed to rollback 'list_support_main'
[0m22:21:04.822145 [debug] [ThreadPool]: Failed to rollback 'list_support_main_marts'
[0m22:21:04.822602 [debug] [ThreadPool]: Failed to rollback 'list_support_main_staging'
[0m22:21:04.822922 [debug] [ThreadPool]: On list_support_main: Close
[0m22:21:04.823269 [debug] [ThreadPool]: On list_support_main_marts: Close
[0m22:21:04.823609 [debug] [ThreadPool]: On list_support_main_staging: Close
[0m22:21:04.825212 [debug] [MainThread]: Sending event: {'category': 'dbt', 'action': 'runnable_timing', 'label': 'f10a4b0a-1564-4b3a-927b-d02a58394ff6', 'context': [<snowplow_tracker.self_describing_json.SelfDescribingJson object at 0x70bd869807d0>]}
[0m22:21:04.825678 [debug] [MainThread]: Using duckdb connection "master"
[0m22:21:04.825959 [debug] [MainThread]: On master: BEGIN
[0m22:21:04.826264 [debug] [MainThread]: Opening a new connection, currently in state init
[0m22:21:04.826783 [debug] [MainThread]: SQL status: OK in 0.001 seconds
[0m22:21:04.827066 [debug] [MainThread]: On master: COMMIT
[0m22:21:04.827389 [debug] [MainThread]: Using duckdb connection "master"
[0m22:21:04.827663 [debug] [MainThread]: On master: COMMIT
[0m22:21:04.828104 [debug] [MainThread]: SQL status: OK in 0.000 seconds
[0m22:21:04.828428 [debug] [MainThread]: On master: Close
[0m22:21:04.854482 [debug] [Thread-1 (]: Began running node model.customer_support_tickets.stg_tickets
[0m22:21:04.854834 [debug] [Thread-2 (]: Began running node model.customer_support_tickets.stg_users
[0m22:21:04.856261 [info ] [Thread-2 (]: 2 of 15 START sql view model main_staging.stg_users ............................ [RUN]
[0m22:21:04.855554 [info ] [Thread-1 (]: 1 of 15 START sql view model main_staging.stg_tickets .......................... [RUN]
[0m22:21:04.857055 [debug] [Thread-1 (]: Re-using an available connection from the pool (formerly list_support_main_staging, now model.customer_support_tickets.stg_tickets)
[0m22:21:04.857400 [debug] [Thread-2 (]: Re-using an available connection from the pool (formerly list_support_main_marts, now model.customer_support_tickets.stg_users)
[0m22:21:04.857850 [debug] [Thread-1 (]: Began compiling node model.customer_support_tickets.stg_tickets
[0m22:21:04.858307 [debug] [Thread-2 (]: Began compiling node model.customer_support_tickets.stg_users
[0m22:21:04.868836 [debug] [Thread-2 (]: Writing injected SQL for node "model.customer_support_tickets.stg_users"
[0m22:21:04.872549 [debug] [Thread-1 (]: Writing injected SQL for node "model.customer_support_tickets.stg_tickets"
[0m22:21:04.873271 [debug] [Thread-1 (]: Began executing node model.customer_support_tickets.stg_tickets
[0m22:21:04.892985 [debug] [Thread-2 (]: Began executing node model.customer_support_tickets.stg_users
[0m22:21:04.911385 [debug] [Thread-1 (]: Writing runtime sql for node "model.customer_support_tickets.stg_tickets"
[0m22:21:04.913187 [debug] [Thread-2 (]: Writing runtime sql for node "model.customer_support_tickets.stg_users"
[0m22:21:04.914666 [debug] [Thread-1 (]: Using duckdb connection "model.customer_support_tickets.stg_tickets"
[0m22:21:04.915942 [debug] [Thread-1 (]: On model.customer_support_tickets.stg_tickets: BEGIN
[0m22:21:04.915433 [debug] [Thread-2 (]: Using duckdb connection "model.customer_support_tickets.stg_users"
[0m22:21:04.916498 [debug] [Thread-1 (]: Opening a new connection, currently in state closed
[0m22:21:04.916971 [debug] [Thread-2 (]: On model.customer_support_tickets.stg_users: BEGIN
[0m22:21:04.917999 [debug] [Thread-2 (]: Opening a new connection, currently in state closed
[0m22:21:04.919416 [debug] [Thread-1 (]: SQL status: OK in 0.003 seconds
[0m22:21:04.919983 [debug] [Thread-1 (]: Using duckdb connection "model.customer_support_tickets.stg_tickets"
[0m22:21:04.920432 [debug] [Thread-2 (]: SQL status: OK in 0.002 seconds
[0m22:21:04.920784 [debug] [Thread-1 (]: On model.customer_support_tickets.stg_tickets: /* {"app": "dbt", "dbt_version": "1.11.7", "profile_name": "customer_support_tickets", "target_name": "dev", "node_id": "model.customer_support_tickets.stg_tickets"} */

  
  create view "support"."main_staging"."stg_tickets__dbt_tmp" as (
    

with source as (
    select * from "support"."raw"."customer_support_tickets"
),

cleaned as (
    select
        -- La clave subrogada va ACÁ adentro del select
        md5(cast(coalesce(cast("Customer Name" as TEXT), '_dbt_utils_surrogate_key_null_') || '-' || coalesce(cast("Customer Email" as TEXT), '_dbt_utils_surrogate_key_null_') as TEXT)) as customer_id,
        cast("Ticket ID"           as varchar)  as ticket_id,
        lower(trim("Customer Name"))            as customer_name,
        cast("Customer Age"        as integer)  as customer_age,
        lower(trim("Customer Gender"))          as customer_gender,
        lower(trim("Product Purchased"))        as product_purchased,
        cast("Date of Purchase"    as date)     as purchase_date,
        lower(trim("Ticket Type"))              as ticket_type,
        lower(trim("Ticket Subject"))           as ticket_subject,
        lower(trim("Ticket Status"))            as ticket_status,
        lower(trim("Ticket Priority"))          as ticket_priority,
        lower(trim("Ticket Channel"))           as ticket_channel,
        cast("First Response Time"  as double)  as first_response_hrs,
        cast("Time to Resolution"   as double)  as resolution_hrs,
        cast("Customer Satisfaction Rating" as double) as satisfaction_rating,
        _ingested_at
    from source
)

select * from cleaned
  );

[0m22:21:04.921235 [debug] [Thread-2 (]: Using duckdb connection "model.customer_support_tickets.stg_users"
[0m22:21:04.921971 [debug] [Thread-2 (]: On model.customer_support_tickets.stg_users: /* {"app": "dbt", "dbt_version": "1.11.7", "profile_name": "customer_support_tickets", "target_name": "dev", "node_id": "model.customer_support_tickets.stg_users"} */

  
  create view "support"."main_staging"."stg_users__dbt_tmp" as (
    

with source as (
    select * from "support"."raw"."customer_support_tickets"
)

select
    distinct
    md5(cast(coalesce(cast("Customer Name" as TEXT), '_dbt_utils_surrogate_key_null_') || '-' || coalesce(cast("Customer Email" as TEXT), '_dbt_utils_surrogate_key_null_') as TEXT)) as user_id,
    "Customer Name" as name,
    "Customer Email" as email
from "support"."raw"."customer_support_tickets"
  );

[0m22:21:04.923082 [debug] [Thread-2 (]: SQL status: OK in 0.001 seconds
[0m22:21:04.923412 [debug] [Thread-1 (]: SQL status: OK in 0.002 seconds
[0m22:21:04.929225 [debug] [Thread-2 (]: Using duckdb connection "model.customer_support_tickets.stg_users"
[0m22:21:04.931988 [debug] [Thread-1 (]: Using duckdb connection "model.customer_support_tickets.stg_tickets"
[0m22:21:04.932446 [debug] [Thread-2 (]: On model.customer_support_tickets.stg_users: /* {"app": "dbt", "dbt_version": "1.11.7", "profile_name": "customer_support_tickets", "target_name": "dev", "node_id": "model.customer_support_tickets.stg_users"} */
alter view "support"."main_staging"."stg_users" rename to "stg_users__dbt_backup"
[0m22:21:04.932854 [debug] [Thread-1 (]: On model.customer_support_tickets.stg_tickets: /* {"app": "dbt", "dbt_version": "1.11.7", "profile_name": "customer_support_tickets", "target_name": "dev", "node_id": "model.customer_support_tickets.stg_tickets"} */
alter view "support"."main_staging"."stg_tickets__dbt_tmp" rename to "stg_tickets"
[0m22:21:04.933675 [debug] [Thread-2 (]: SQL status: OK in 0.000 seconds
[0m22:21:04.936502 [debug] [Thread-2 (]: Using duckdb connection "model.customer_support_tickets.stg_users"
[0m22:21:04.936797 [debug] [Thread-1 (]: SQL status: OK in 0.003 seconds
[0m22:21:04.937202 [debug] [Thread-2 (]: On model.customer_support_tickets.stg_users: /* {"app": "dbt", "dbt_version": "1.11.7", "profile_name": "customer_support_tickets", "target_name": "dev", "node_id": "model.customer_support_tickets.stg_users"} */
alter view "support"."main_staging"."stg_users__dbt_tmp" rename to "stg_users"
[0m22:21:04.947600 [debug] [Thread-1 (]: On model.customer_support_tickets.stg_tickets: COMMIT
[0m22:21:04.948352 [debug] [Thread-1 (]: Using duckdb connection "model.customer_support_tickets.stg_tickets"
[0m22:21:04.948792 [debug] [Thread-1 (]: On model.customer_support_tickets.stg_tickets: COMMIT
[0m22:21:04.949095 [debug] [Thread-2 (]: SQL status: OK in 0.001 seconds
[0m22:21:04.953444 [debug] [Thread-2 (]: On model.customer_support_tickets.stg_users: COMMIT
[0m22:21:04.953864 [debug] [Thread-1 (]: SQL status: OK in 0.004 seconds
[0m22:21:04.954196 [debug] [Thread-2 (]: Using duckdb connection "model.customer_support_tickets.stg_users"
[0m22:21:04.959190 [debug] [Thread-1 (]: Using duckdb connection "model.customer_support_tickets.stg_tickets"
[0m22:21:04.959612 [debug] [Thread-2 (]: On model.customer_support_tickets.stg_users: COMMIT
[0m22:21:04.960008 [debug] [Thread-1 (]: On model.customer_support_tickets.stg_tickets: /* {"app": "dbt", "dbt_version": "1.11.7", "profile_name": "customer_support_tickets", "target_name": "dev", "node_id": "model.customer_support_tickets.stg_tickets"} */

      drop view if exists "support"."main_staging"."stg_tickets__dbt_backup" cascade
    
[0m22:21:04.961871 [debug] [Thread-2 (]: SQL status: OK in 0.001 seconds
[0m22:21:04.964246 [debug] [Thread-2 (]: Using duckdb connection "model.customer_support_tickets.stg_users"
[0m22:21:04.964633 [debug] [Thread-1 (]: SQL status: OK in 0.004 seconds
[0m22:21:04.964937 [debug] [Thread-2 (]: On model.customer_support_tickets.stg_users: /* {"app": "dbt", "dbt_version": "1.11.7", "profile_name": "customer_support_tickets", "target_name": "dev", "node_id": "model.customer_support_tickets.stg_users"} */

      drop view if exists "support"."main_staging"."stg_users__dbt_backup" cascade
    
[0m22:21:04.967066 [debug] [Thread-1 (]: On model.customer_support_tickets.stg_tickets: Close
[0m22:21:04.968921 [debug] [Thread-2 (]: SQL status: OK in 0.001 seconds
[0m22:21:04.970654 [debug] [Thread-2 (]: On model.customer_support_tickets.stg_users: Close
[0m22:21:04.971357 [debug] [Thread-1 (]: Sending event: {'category': 'dbt', 'action': 'run_model', 'label': 'f10a4b0a-1564-4b3a-927b-d02a58394ff6', 'context': [<snowplow_tracker.self_describing_json.SelfDescribingJson object at 0x70bd80130b10>]}
[0m22:21:04.971636 [debug] [Thread-2 (]: Sending event: {'category': 'dbt', 'action': 'run_model', 'label': 'f10a4b0a-1564-4b3a-927b-d02a58394ff6', 'context': [<snowplow_tracker.self_describing_json.SelfDescribingJson object at 0x70bd81a07ed0>]}
[0m22:21:04.972335 [info ] [Thread-1 (]: 1 of 15 OK created sql view model main_staging.stg_tickets ..................... [[32mOK[0m in 0.11s]
[0m22:21:04.973333 [debug] [Thread-1 (]: Finished running node model.customer_support_tickets.stg_tickets
[0m22:21:04.973793 [info ] [Thread-2 (]: 2 of 15 OK created sql view model main_staging.stg_users ....................... [[32mOK[0m in 0.11s]
[0m22:21:04.974785 [debug] [Thread-2 (]: Finished running node model.customer_support_tickets.stg_users
[0m22:21:04.975859 [debug] [Thread-4 (]: Began running node model.customer_support_tickets.dim_agents
[0m22:21:04.976350 [debug] [Thread-3 (]: Began running node model.customer_support_tickets.dim_customers
[0m22:21:04.977432 [debug] [Thread-1 (]: Began running node model.customer_support_tickets.dim_date
[0m22:21:04.976838 [info ] [Thread-4 (]: 3 of 15 START sql table model main_marts.dim_agents ............................ [RUN]
[0m22:21:04.978519 [debug] [Thread-2 (]: Began running node model.customer_support_tickets.dim_products
[0m22:21:04.978048 [info ] [Thread-3 (]: 4 of 15 START sql table model main_marts.dim_customers ......................... [RUN]
[0m22:21:04.982473 [debug] [Thread-3 (]: Re-using an available connection from the pool (formerly list_support_main, now model.customer_support_tickets.dim_customers)
[0m22:21:04.980505 [debug] [Thread-4 (]: Acquiring new duckdb connection 'model.customer_support_tickets.dim_agents'
[0m22:21:04.981211 [info ] [Thread-2 (]: 6 of 15 START sql table model main_marts.dim_products .......................... [RUN]
[0m22:21:04.979608 [info ] [Thread-1 (]: 5 of 15 START sql table model main_marts.dim_date .............................. [RUN]
[0m22:21:04.983018 [debug] [Thread-3 (]: Began compiling node model.customer_support_tickets.dim_customers
[0m22:21:04.983464 [debug] [Thread-4 (]: Began compiling node model.customer_support_tickets.dim_agents
[0m22:21:04.983899 [debug] [Thread-2 (]: Re-using an available connection from the pool (formerly model.customer_support_tickets.stg_users, now model.customer_support_tickets.dim_products)
[0m22:21:04.984532 [debug] [Thread-1 (]: Re-using an available connection from the pool (formerly model.customer_support_tickets.stg_tickets, now model.customer_support_tickets.dim_date)
[0m22:21:04.988431 [debug] [Thread-3 (]: Writing injected SQL for node "model.customer_support_tickets.dim_customers"
[0m22:21:04.992970 [debug] [Thread-4 (]: Writing injected SQL for node "model.customer_support_tickets.dim_agents"
[0m22:21:04.993422 [debug] [Thread-2 (]: Began compiling node model.customer_support_tickets.dim_products
[0m22:21:04.993822 [debug] [Thread-1 (]: Began compiling node model.customer_support_tickets.dim_date
[0m22:21:04.994590 [debug] [Thread-3 (]: Began executing node model.customer_support_tickets.dim_customers
[0m22:21:04.995099 [debug] [Thread-4 (]: Began executing node model.customer_support_tickets.dim_agents
[0m22:21:04.997637 [debug] [Thread-2 (]: Writing injected SQL for node "model.customer_support_tickets.dim_products"
[0m22:21:05.000622 [debug] [Thread-1 (]: Writing injected SQL for node "model.customer_support_tickets.dim_date"
[0m22:21:05.022853 [debug] [Thread-3 (]: Writing runtime sql for node "model.customer_support_tickets.dim_customers"
[0m22:21:05.025391 [debug] [Thread-4 (]: Writing runtime sql for node "model.customer_support_tickets.dim_agents"
[0m22:21:05.026138 [debug] [Thread-1 (]: Began executing node model.customer_support_tickets.dim_date
[0m22:21:05.026538 [debug] [Thread-2 (]: Began executing node model.customer_support_tickets.dim_products
[0m22:21:05.027410 [debug] [Thread-3 (]: Using duckdb connection "model.customer_support_tickets.dim_customers"
[0m22:21:05.030218 [debug] [Thread-1 (]: Writing runtime sql for node "model.customer_support_tickets.dim_date"
[0m22:21:05.030683 [debug] [Thread-4 (]: Using duckdb connection "model.customer_support_tickets.dim_agents"
[0m22:21:05.033338 [debug] [Thread-2 (]: Writing runtime sql for node "model.customer_support_tickets.dim_products"
[0m22:21:05.033748 [debug] [Thread-3 (]: On model.customer_support_tickets.dim_customers: BEGIN
[0m22:21:05.034386 [debug] [Thread-4 (]: On model.customer_support_tickets.dim_agents: BEGIN
[0m22:21:05.034738 [debug] [Thread-1 (]: Using duckdb connection "model.customer_support_tickets.dim_date"
[0m22:21:05.035343 [debug] [Thread-2 (]: Using duckdb connection "model.customer_support_tickets.dim_products"
[0m22:21:05.035635 [debug] [Thread-3 (]: Opening a new connection, currently in state closed
[0m22:21:05.036002 [debug] [Thread-4 (]: Opening a new connection, currently in state init
[0m22:21:05.036410 [debug] [Thread-1 (]: On model.customer_support_tickets.dim_date: BEGIN
[0m22:21:05.036808 [debug] [Thread-2 (]: On model.customer_support_tickets.dim_products: BEGIN
[0m22:21:05.037756 [debug] [Thread-1 (]: Opening a new connection, currently in state closed
[0m22:21:05.038260 [debug] [Thread-3 (]: SQL status: OK in 0.003 seconds
[0m22:21:05.038549 [debug] [Thread-2 (]: Opening a new connection, currently in state closed
[0m22:21:05.038828 [debug] [Thread-4 (]: SQL status: OK in 0.003 seconds
[0m22:21:05.039442 [debug] [Thread-1 (]: SQL status: OK in 0.002 seconds
[0m22:21:05.039744 [debug] [Thread-3 (]: Using duckdb connection "model.customer_support_tickets.dim_customers"
[0m22:21:05.040345 [debug] [Thread-2 (]: SQL status: OK in 0.002 seconds
[0m22:21:05.040664 [debug] [Thread-4 (]: Using duckdb connection "model.customer_support_tickets.dim_agents"
[0m22:21:05.042611 [debug] [Thread-4 (]: On model.customer_support_tickets.dim_agents: /* {"app": "dbt", "dbt_version": "1.11.7", "profile_name": "customer_support_tickets", "target_name": "dev", "node_id": "model.customer_support_tickets.dim_agents"} */

  
    
    

    create  table
      "support"."main_marts"."dim_agents__dbt_tmp"
  
    as (
      

with source as (

    select * from "support"."main_staging"."stg_tickets"

),

dim_agents as (

    select distinct
        agent as agent_id,
        agent_team,
        agent_role

    from source
    where agent is not null

)

select * from dim_agents
    );
  
  
[0m22:21:05.041040 [debug] [Thread-1 (]: Using duckdb connection "model.customer_support_tickets.dim_date"
[0m22:21:05.042005 [debug] [Thread-2 (]: Using duckdb connection "model.customer_support_tickets.dim_products"
[0m22:21:05.044453 [debug] [Thread-1 (]: On model.customer_support_tickets.dim_date: /* {"app": "dbt", "dbt_version": "1.11.7", "profile_name": "customer_support_tickets", "target_name": "dev", "node_id": "model.customer_support_tickets.dim_date"} */

  
    
    

    create  table
      "support"."main_marts"."dim_date__dbt_tmp"
  
    as (
      

with dates as (

    select
        created_at as full_date
    from "support"."main_staging"."stg_tickets"

    union

    select
        resolved_at
    from "support"."main_staging"."stg_tickets"

),

dim_date as (

    select distinct
        full_date,

        extract(year from full_date) as year,
        extract(month from full_date) as month,
        extract(day from full_date) as day,
        extract(dow from full_date) as day_of_week,
        extract(quarter from full_date) as quarter

    from dates
    where full_date is not null

)

select * from dim_date
    );
  
  
[0m22:21:05.046000 [debug] [Thread-4 (]: DuckDB adapter: duckdb error: Binder Error: Referenced column "agent" not found in FROM clause!
Candidate bindings: "_ingested_at", "ticket_id", "purchase_date"

LINE 27:     where agent is not null
                   ^
[0m22:21:05.045012 [debug] [Thread-2 (]: On model.customer_support_tickets.dim_products: /* {"app": "dbt", "dbt_version": "1.11.7", "profile_name": "customer_support_tickets", "target_name": "dev", "node_id": "model.customer_support_tickets.dim_products"} */

  
    
    

    create  table
      "support"."main_marts"."dim_products__dbt_tmp"
  
    as (
      

with source as (

    select * from "support"."main_staging"."stg_tickets"

),

dim_products as (

    select distinct
        product_id,
        product_name,
        purchase_date

    from source
    where product_id is not null

)

select * from dim_products
    );
  
  
[0m22:21:05.047671 [debug] [Thread-4 (]: DuckDB adapter: Error running SQL: /* {"app": "dbt", "dbt_version": "1.11.7", "profile_name": "customer_support_tickets", "target_name": "dev", "node_id": "model.customer_support_tickets.dim_agents"} */

  
    
    

    create  table
      "support"."main_marts"."dim_agents__dbt_tmp"
  
    as (
      

with source as (

    select * from "support"."main_staging"."stg_tickets"

),

dim_agents as (

    select distinct
        agent as agent_id,
        agent_team,
        agent_role

    from source
    where agent is not null

)

select * from dim_agents
    );
  
  
[0m22:21:05.048379 [debug] [Thread-4 (]: DuckDB adapter: Rolling back transaction.
[0m22:21:05.048839 [debug] [Thread-4 (]: On model.customer_support_tickets.dim_agents: ROLLBACK
[0m22:21:05.041517 [debug] [Thread-3 (]: On model.customer_support_tickets.dim_customers: /* {"app": "dbt", "dbt_version": "1.11.7", "profile_name": "customer_support_tickets", "target_name": "dev", "node_id": "model.customer_support_tickets.dim_customers"} */

  
    
    

    create  table
      "support"."main_marts"."dim_customers__dbt_tmp"
  
    as (
      

with source as (

    select * from "support"."main_staging"."stg_tickets"

),

dim_customers as (

    select distinct
        customer_id,
        customer_name,
        customer_email,
        customer_age,
        gender as customer_gender

    from source
    where customer_id is not null

)

select * from dim_customers
    );
  
  
[0m22:21:05.050012 [debug] [Thread-2 (]: DuckDB adapter: duckdb error: Binder Error: Referenced column "product_id" not found in FROM clause!
Candidate bindings: "product_purchased", "ticket_id", "customer_id", "purchase_date", "customer_gender"

LINE 27:     where product_id is not null
                   ^
[0m22:21:05.047069 [debug] [Thread-1 (]: DuckDB adapter: duckdb error: Binder Error: Referenced column "created_at" not found in FROM clause!
Candidate bindings: "_ingested_at", "purchase_date", "ticket_id", "customer_gender", "customer_age"

LINE 16:         created_at as full_date
                 ^
[0m22:21:05.051067 [debug] [Thread-4 (]: Failed to rollback 'model.customer_support_tickets.dim_agents'
[0m22:21:05.051541 [debug] [Thread-3 (]: DuckDB adapter: duckdb error: Binder Error: Referenced column "customer_email" not found in FROM clause!
Candidate bindings: "customer_name", "customer_id", "customer_age", "customer_gender", "resolution_hrs"

LINE 24:         customer_email,
                 ^
[0m22:21:05.051877 [debug] [Thread-2 (]: DuckDB adapter: Error running SQL: /* {"app": "dbt", "dbt_version": "1.11.7", "profile_name": "customer_support_tickets", "target_name": "dev", "node_id": "model.customer_support_tickets.dim_products"} */

  
    
    

    create  table
      "support"."main_marts"."dim_products__dbt_tmp"
  
    as (
      

with source as (

    select * from "support"."main_staging"."stg_tickets"

),

dim_products as (

    select distinct
        product_id,
        product_name,
        purchase_date

    from source
    where product_id is not null

)

select * from dim_products
    );
  
  
[0m22:21:05.052355 [debug] [Thread-1 (]: DuckDB adapter: Error running SQL: /* {"app": "dbt", "dbt_version": "1.11.7", "profile_name": "customer_support_tickets", "target_name": "dev", "node_id": "model.customer_support_tickets.dim_date"} */

  
    
    

    create  table
      "support"."main_marts"."dim_date__dbt_tmp"
  
    as (
      

with dates as (

    select
        created_at as full_date
    from "support"."main_staging"."stg_tickets"

    union

    select
        resolved_at
    from "support"."main_staging"."stg_tickets"

),

dim_date as (

    select distinct
        full_date,

        extract(year from full_date) as year,
        extract(month from full_date) as month,
        extract(day from full_date) as day,
        extract(dow from full_date) as day_of_week,
        extract(quarter from full_date) as quarter

    from dates
    where full_date is not null

)

select * from dim_date
    );
  
  
[0m22:21:05.052840 [debug] [Thread-4 (]: On model.customer_support_tickets.dim_agents: Close
[0m22:21:05.053279 [debug] [Thread-3 (]: DuckDB adapter: Error running SQL: /* {"app": "dbt", "dbt_version": "1.11.7", "profile_name": "customer_support_tickets", "target_name": "dev", "node_id": "model.customer_support_tickets.dim_customers"} */

  
    
    

    create  table
      "support"."main_marts"."dim_customers__dbt_tmp"
  
    as (
      

with source as (

    select * from "support"."main_staging"."stg_tickets"

),

dim_customers as (

    select distinct
        customer_id,
        customer_name,
        customer_email,
        customer_age,
        gender as customer_gender

    from source
    where customer_id is not null

)

select * from dim_customers
    );
  
  
[0m22:21:05.055632 [debug] [Thread-3 (]: DuckDB adapter: Rolling back transaction.
[0m22:21:05.056331 [debug] [Thread-3 (]: On model.customer_support_tickets.dim_customers: ROLLBACK
[0m22:21:05.053691 [debug] [Thread-2 (]: DuckDB adapter: Rolling back transaction.
[0m22:21:05.054099 [debug] [Thread-1 (]: DuckDB adapter: Rolling back transaction.
[0m22:21:05.057163 [debug] [Thread-3 (]: Failed to rollback 'model.customer_support_tickets.dim_customers'
[0m22:21:05.057647 [debug] [Thread-2 (]: On model.customer_support_tickets.dim_products: ROLLBACK
[0m22:21:05.058086 [debug] [Thread-1 (]: On model.customer_support_tickets.dim_date: ROLLBACK
[0m22:21:05.058769 [debug] [Thread-3 (]: On model.customer_support_tickets.dim_customers: Close
[0m22:21:05.060415 [debug] [Thread-1 (]: Failed to rollback 'model.customer_support_tickets.dim_date'
[0m22:21:05.060897 [debug] [Thread-2 (]: Failed to rollback 'model.customer_support_tickets.dim_products'
[0m22:21:05.062625 [debug] [Thread-4 (]: Runtime Error in model dim_agents (models/marts/other/dim_agents.sql)
  Binder Error: Referenced column "agent" not found in FROM clause!
  Candidate bindings: "_ingested_at", "ticket_id", "purchase_date"
  
  LINE 27:     where agent is not null
                     ^
[0m22:21:05.063858 [debug] [Thread-1 (]: On model.customer_support_tickets.dim_date: Close
[0m22:21:05.064387 [debug] [Thread-2 (]: On model.customer_support_tickets.dim_products: Close
[0m22:21:05.065592 [debug] [Thread-3 (]: Runtime Error in model dim_customers (models/marts/other/dim_customers.sql)
  Binder Error: Referenced column "customer_email" not found in FROM clause!
  Candidate bindings: "customer_name", "customer_id", "customer_age", "customer_gender", "resolution_hrs"
  
  LINE 24:         customer_email,
                   ^
[0m22:21:05.066098 [debug] [Thread-4 (]: Sending event: {'category': 'dbt', 'action': 'run_model', 'label': 'f10a4b0a-1564-4b3a-927b-d02a58394ff6', 'context': [<snowplow_tracker.self_describing_json.SelfDescribingJson object at 0x70bd81569710>]}
[0m22:21:05.069038 [debug] [Thread-2 (]: Runtime Error in model dim_products (models/marts/other/dim_products.sql)
  Binder Error: Referenced column "product_id" not found in FROM clause!
  Candidate bindings: "product_purchased", "ticket_id", "customer_id", "purchase_date", "customer_gender"
  
  LINE 27:     where product_id is not null
                     ^
[0m22:21:05.069575 [debug] [Thread-3 (]: Sending event: {'category': 'dbt', 'action': 'run_model', 'label': 'f10a4b0a-1564-4b3a-927b-d02a58394ff6', 'context': [<snowplow_tracker.self_describing_json.SelfDescribingJson object at 0x70bd81a43350>]}
[0m22:21:05.070776 [debug] [Thread-1 (]: Runtime Error in model dim_date (models/marts/other/dim_date.sql)
  Binder Error: Referenced column "created_at" not found in FROM clause!
  Candidate bindings: "_ingested_at", "purchase_date", "ticket_id", "customer_gender", "customer_age"
  
  LINE 16:         created_at as full_date
                   ^
[0m22:21:05.071402 [error] [Thread-4 (]: 3 of 15 ERROR creating sql table model main_marts.dim_agents ................... [[31mERROR[0m in 0.09s]
[0m22:21:05.072213 [debug] [Thread-2 (]: Sending event: {'category': 'dbt', 'action': 'run_model', 'label': 'f10a4b0a-1564-4b3a-927b-d02a58394ff6', 'context': [<snowplow_tracker.self_describing_json.SelfDescribingJson object at 0x70bd7af11d10>]}
[0m22:21:05.072867 [error] [Thread-3 (]: 4 of 15 ERROR creating sql table model main_marts.dim_customers ................ [[31mERROR[0m in 0.09s]
[0m22:21:05.073613 [debug] [Thread-1 (]: Sending event: {'category': 'dbt', 'action': 'run_model', 'label': 'f10a4b0a-1564-4b3a-927b-d02a58394ff6', 'context': [<snowplow_tracker.self_describing_json.SelfDescribingJson object at 0x70bd7af10210>]}
[0m22:21:05.074326 [debug] [Thread-4 (]: Finished running node model.customer_support_tickets.dim_agents
[0m22:21:05.074980 [error] [Thread-2 (]: 6 of 15 ERROR creating sql table model main_marts.dim_products ................. [[31mERROR[0m in 0.09s]
[0m22:21:05.075930 [debug] [Thread-3 (]: Finished running node model.customer_support_tickets.dim_customers
[0m22:21:05.079336 [debug] [Thread-3 (]: Began running node model.customer_support_tickets.fct_business_performanceA
[0m22:21:05.077398 [debug] [Thread-4 (]: Began running node model.customer_support_tickets.fact_tickets
[0m22:21:05.080083 [info ] [Thread-3 (]: 8 of 15 START sql table model main_marts.fct_business_performanceA ............. [RUN]
[0m22:21:05.078706 [debug] [Thread-2 (]: Finished running node model.customer_support_tickets.dim_products
[0m22:21:05.076602 [error] [Thread-1 (]: 5 of 15 ERROR creating sql table model main_marts.dim_date ..................... [[31mERROR[0m in 0.09s]
[0m22:21:05.080728 [info ] [Thread-4 (]: 7 of 15 START sql table model main_marts.fact_tickets .......................... [RUN]
[0m22:21:05.077903 [debug] [Thread-7 (]: Marking all children of 'model.customer_support_tickets.dim_agents' to be skipped because of status 'error'.  Reason: Runtime Error in model dim_agents (models/marts/other/dim_agents.sql)
  Binder Error: Referenced column "agent" not found in FROM clause!
  Candidate bindings: "_ingested_at", "ticket_id", "purchase_date"
  
  LINE 27:     where agent is not null
                     ^.
[0m22:21:05.081431 [debug] [Thread-3 (]: Re-using an available connection from the pool (formerly model.customer_support_tickets.dim_customers, now model.customer_support_tickets.fct_business_performanceA)
[0m22:21:05.084677 [debug] [Thread-3 (]: Began compiling node model.customer_support_tickets.fct_business_performanceA
[0m22:21:05.081950 [debug] [Thread-2 (]: Began running node model.customer_support_tickets.fct_business_performanceB
[0m22:21:05.082968 [debug] [Thread-4 (]: Re-using an available connection from the pool (formerly model.customer_support_tickets.dim_agents, now model.customer_support_tickets.fact_tickets)
[0m22:21:05.084157 [debug] [Thread-7 (]: Marking all children of 'model.customer_support_tickets.dim_customers' to be skipped because of status 'error'.  Reason: Runtime Error in model dim_customers (models/marts/other/dim_customers.sql)
  Binder Error: Referenced column "customer_email" not found in FROM clause!
  Candidate bindings: "customer_name", "customer_id", "customer_age", "customer_gender", "resolution_hrs"
  
  LINE 24:         customer_email,
                   ^.
[0m22:21:05.082516 [debug] [Thread-1 (]: Finished running node model.customer_support_tickets.dim_date
[0m22:21:05.088410 [debug] [Thread-3 (]: Writing injected SQL for node "model.customer_support_tickets.fct_business_performanceA"
[0m22:21:05.088895 [info ] [Thread-2 (]: 9 of 15 START sql table model main_marts.fct_business_performanceB ............. [RUN]
[0m22:21:05.089409 [debug] [Thread-4 (]: Began compiling node model.customer_support_tickets.fact_tickets
[0m22:21:05.090041 [debug] [Thread-7 (]: Marking all children of 'model.customer_support_tickets.dim_products' to be skipped because of status 'error'.  Reason: Runtime Error in model dim_products (models/marts/other/dim_products.sql)
  Binder Error: Referenced column "product_id" not found in FROM clause!
  Candidate bindings: "product_purchased", "ticket_id", "customer_id", "purchase_date", "customer_gender"
  
  LINE 27:     where product_id is not null
                     ^.
[0m22:21:05.098339 [debug] [Thread-7 (]: Marking all children of 'model.customer_support_tickets.dim_date' to be skipped because of status 'error'.  Reason: Runtime Error in model dim_date (models/marts/other/dim_date.sql)
  Binder Error: Referenced column "created_at" not found in FROM clause!
  Candidate bindings: "_ingested_at", "purchase_date", "ticket_id", "customer_gender", "customer_age"
  
  LINE 16:         created_at as full_date
                   ^.
[0m22:21:05.090610 [debug] [Thread-1 (]: Began running node model.customer_support_tickets.fct_tickets
[0m22:21:05.091229 [debug] [Thread-3 (]: Began executing node model.customer_support_tickets.fct_business_performanceA
[0m22:21:05.091579 [debug] [Thread-2 (]: Re-using an available connection from the pool (formerly model.customer_support_tickets.dim_products, now model.customer_support_tickets.fct_business_performanceB)
[0m22:21:05.099239 [info ] [Thread-1 (]: 10 of 15 START sql table model main_marts.fct_tickets .......................... [RUN]
[0m22:21:05.103791 [debug] [Thread-1 (]: Re-using an available connection from the pool (formerly model.customer_support_tickets.dim_date, now model.customer_support_tickets.fct_tickets)
[0m22:21:05.102824 [debug] [Thread-3 (]: Writing runtime sql for node "model.customer_support_tickets.fct_business_performanceA"
[0m22:21:05.097587 [debug] [Thread-4 (]: Writing injected SQL for node "model.customer_support_tickets.fact_tickets"
[0m22:21:05.104197 [debug] [Thread-1 (]: Began compiling node model.customer_support_tickets.fct_tickets
[0m22:21:05.103281 [debug] [Thread-2 (]: Began compiling node model.customer_support_tickets.fct_business_performanceB
[0m22:21:05.104797 [debug] [Thread-3 (]: Using duckdb connection "model.customer_support_tickets.fct_business_performanceA"
[0m22:21:05.114156 [debug] [Thread-3 (]: On model.customer_support_tickets.fct_business_performanceA: BEGIN
[0m22:21:05.115524 [debug] [Thread-3 (]: Opening a new connection, currently in state closed
[0m22:21:05.116703 [debug] [Thread-3 (]: SQL status: OK in 0.001 seconds
[0m22:21:05.108210 [debug] [Thread-1 (]: Writing injected SQL for node "model.customer_support_tickets.fct_tickets"
[0m22:21:05.108686 [debug] [Thread-4 (]: Began executing node model.customer_support_tickets.fact_tickets
[0m22:21:05.113362 [debug] [Thread-2 (]: Writing injected SQL for node "model.customer_support_tickets.fct_business_performanceB"
[0m22:21:05.123551 [debug] [Thread-2 (]: Began executing node model.customer_support_tickets.fct_business_performanceB
[0m22:21:05.117270 [debug] [Thread-3 (]: Using duckdb connection "model.customer_support_tickets.fct_business_performanceA"
[0m22:21:05.122791 [debug] [Thread-4 (]: Writing runtime sql for node "model.customer_support_tickets.fact_tickets"
[0m22:21:05.127757 [debug] [Thread-2 (]: Writing runtime sql for node "model.customer_support_tickets.fct_business_performanceB"
[0m22:21:05.128300 [debug] [Thread-1 (]: Began executing node model.customer_support_tickets.fct_tickets
[0m22:21:05.129387 [debug] [Thread-3 (]: On model.customer_support_tickets.fct_business_performanceA: /* {"app": "dbt", "dbt_version": "1.11.7", "profile_name": "customer_support_tickets", "target_name": "dev", "node_id": "model.customer_support_tickets.fct_business_performanceA"} */

  
    
    

    create  table
      "support"."main_marts"."fct_business_performanceA__dbt_tmp"
  
    as (
      

WITH base_metrics AS (
    SELECT 
        ticket_id,
        customer_id,
        status,
        created_at,
        closed_at,
        cost_of_acquisition, -- CAC
        revenue_generated,    -- Para ROI
        nps_score,           -- NPS
        -- KPI: Ticket Resolution Time (TRT)
        DATEDIFF('hour', created_at, closed_at) as resolution_time_hr
    FROM "support"."main_staging"."stg_tickets"
)

SELECT 
    customer_id,
    -- KPI: ROI (Rentabilidad por ticket/cliente)
    SUM(revenue_generated) / NULLIF(SUM(cost_of_acquisition), 0) as roi_ratio,
    -- KPI: CAC Promedio
    AVG(cost_of_acquisition) as avg_cac,
    -- KPI: NPS Promedio (Satisfacción)
    AVG(nps_score) as avg_nps,
    -- KPI: Eficiencia Operativa
    AVG(resolution_time_hr) as avg_trt
FROM base_metrics
GROUP BY 1
    );
  
  
[0m22:21:05.137357 [debug] [Thread-2 (]: Using duckdb connection "model.customer_support_tickets.fct_business_performanceB"
[0m22:21:05.138763 [debug] [Thread-2 (]: On model.customer_support_tickets.fct_business_performanceB: BEGIN
[0m22:21:05.141515 [debug] [Thread-4 (]: Using duckdb connection "model.customer_support_tickets.fact_tickets"
[0m22:21:05.142832 [debug] [Thread-2 (]: Opening a new connection, currently in state closed
[0m22:21:05.147289 [debug] [Thread-3 (]: DuckDB adapter: duckdb error: Binder Error: Referenced column "status" not found in FROM clause!
Candidate bindings: "ticket_status", "ticket_subject", "satisfaction_rating", "first_response_hrs", "ticket_id"

LINE 17:         status,
                 ^
[0m22:21:05.144786 [debug] [Thread-1 (]: Writing runtime sql for node "model.customer_support_tickets.fct_tickets"
[0m22:21:05.148326 [debug] [Thread-4 (]: On model.customer_support_tickets.fact_tickets: BEGIN
[0m22:21:05.152830 [debug] [Thread-4 (]: Opening a new connection, currently in state closed
[0m22:21:05.151643 [debug] [Thread-3 (]: DuckDB adapter: Error running SQL: /* {"app": "dbt", "dbt_version": "1.11.7", "profile_name": "customer_support_tickets", "target_name": "dev", "node_id": "model.customer_support_tickets.fct_business_performanceA"} */

  
    
    

    create  table
      "support"."main_marts"."fct_business_performanceA__dbt_tmp"
  
    as (
      

WITH base_metrics AS (
    SELECT 
        ticket_id,
        customer_id,
        status,
        created_at,
        closed_at,
        cost_of_acquisition, -- CAC
        revenue_generated,    -- Para ROI
        nps_score,           -- NPS
        -- KPI: Ticket Resolution Time (TRT)
        DATEDIFF('hour', created_at, closed_at) as resolution_time_hr
    FROM "support"."main_staging"."stg_tickets"
)

SELECT 
    customer_id,
    -- KPI: ROI (Rentabilidad por ticket/cliente)
    SUM(revenue_generated) / NULLIF(SUM(cost_of_acquisition), 0) as roi_ratio,
    -- KPI: CAC Promedio
    AVG(cost_of_acquisition) as avg_cac,
    -- KPI: NPS Promedio (Satisfacción)
    AVG(nps_score) as avg_nps,
    -- KPI: Eficiencia Operativa
    AVG(resolution_time_hr) as avg_trt
FROM base_metrics
GROUP BY 1
    );
  
  
[0m22:21:05.154842 [debug] [Thread-3 (]: DuckDB adapter: Rolling back transaction.
[0m22:21:05.150371 [debug] [Thread-2 (]: SQL status: OK in 0.008 seconds
[0m22:21:05.158164 [debug] [Thread-2 (]: Using duckdb connection "model.customer_support_tickets.fct_business_performanceB"
[0m22:21:05.156208 [debug] [Thread-4 (]: SQL status: OK in 0.003 seconds
[0m22:21:05.157146 [debug] [Thread-3 (]: On model.customer_support_tickets.fct_business_performanceA: ROLLBACK
[0m22:21:05.153590 [debug] [Thread-1 (]: Using duckdb connection "model.customer_support_tickets.fct_tickets"
[0m22:21:05.161606 [debug] [Thread-1 (]: On model.customer_support_tickets.fct_tickets: BEGIN
[0m22:21:05.164363 [debug] [Thread-1 (]: Opening a new connection, currently in state closed
[0m22:21:05.159222 [debug] [Thread-2 (]: On model.customer_support_tickets.fct_business_performanceB: /* {"app": "dbt", "dbt_version": "1.11.7", "profile_name": "customer_support_tickets", "target_name": "dev", "node_id": "model.customer_support_tickets.fct_business_performanceB"} */

  
    
    

    create  table
      "support"."main_marts"."fct_business_performanceB__dbt_tmp"
  
    as (
      

WITH metrics AS (
    SELECT 
        *,
        -- KPI: Ticket Resolution Time (TRT)
        EXTRACT(EPOCH FROM (closed_at - created_at))/3600 as trt_hours,
        -- KPI: ROI (Rentabilidad)
        (revenue - cac) / NULLIF(cac, 0) as roi
    FROM "support"."main_staging"."stg_tickets"
)
SELECT 
    category,
    AVG(trt_hours) as avg_resolution_time,
    AVG(cac) as avg_cac,
    AVG(roi) as avg_roi,
    AVG(nps_score) as nps_index,
    COUNT(ticket_id) as total_tickets
FROM metrics
GROUP BY 1
    );
  
  
[0m22:21:05.162718 [debug] [Thread-3 (]: Failed to rollback 'model.customer_support_tickets.fct_business_performanceA'
[0m22:21:05.160445 [debug] [Thread-4 (]: Using duckdb connection "model.customer_support_tickets.fact_tickets"
[0m22:21:05.169731 [debug] [Thread-4 (]: On model.customer_support_tickets.fact_tickets: /* {"app": "dbt", "dbt_version": "1.11.7", "profile_name": "customer_support_tickets", "target_name": "dev", "node_id": "model.customer_support_tickets.fact_tickets"} */

  
    
    

    create  table
      "support"."main_marts"."fact_tickets__dbt_tmp"
  
    as (
      

with source as (

    select * from "support"."main_staging"."stg_tickets"

),

fact as (

    select
        ticket_id,

        customer_id,
        agent as agent_id,
        product_id,

        created_at,
        resolved_at,

        first_response_time,
        time_to_resolution,
        customer_satisfaction_rating,
        status,
        priority

    from source

)

select * from fact
    );
  
  
[0m22:21:05.167585 [debug] [Thread-3 (]: On model.customer_support_tickets.fct_business_performanceA: Close
[0m22:21:05.176671 [debug] [Thread-1 (]: SQL status: OK in 0.014 seconds
[0m22:21:05.184340 [debug] [Thread-1 (]: Using duckdb connection "model.customer_support_tickets.fct_tickets"
[0m22:21:05.175927 [debug] [Thread-2 (]: DuckDB adapter: duckdb error: Binder Error: Referenced column "closed_at" not found in FROM clause!
Candidate bindings: "purchase_date", "customer_age", "ticket_id", "customer_name", "customer_id"

LINE 17:         EXTRACT(EPOCH FROM (closed_at - created_at))/3600 as trt_hours,
                                     ^
[0m22:21:05.196693 [debug] [Thread-2 (]: DuckDB adapter: Error running SQL: /* {"app": "dbt", "dbt_version": "1.11.7", "profile_name": "customer_support_tickets", "target_name": "dev", "node_id": "model.customer_support_tickets.fct_business_performanceB"} */

  
    
    

    create  table
      "support"."main_marts"."fct_business_performanceB__dbt_tmp"
  
    as (
      

WITH metrics AS (
    SELECT 
        *,
        -- KPI: Ticket Resolution Time (TRT)
        EXTRACT(EPOCH FROM (closed_at - created_at))/3600 as trt_hours,
        -- KPI: ROI (Rentabilidad)
        (revenue - cac) / NULLIF(cac, 0) as roi
    FROM "support"."main_staging"."stg_tickets"
)
SELECT 
    category,
    AVG(trt_hours) as avg_resolution_time,
    AVG(cac) as avg_cac,
    AVG(roi) as avg_roi,
    AVG(nps_score) as nps_index,
    COUNT(ticket_id) as total_tickets
FROM metrics
GROUP BY 1
    );
  
  
[0m22:21:05.197421 [debug] [Thread-2 (]: DuckDB adapter: Rolling back transaction.
[0m22:21:05.187473 [debug] [Thread-4 (]: DuckDB adapter: duckdb error: Binder Error: Referenced column "agent" not found in FROM clause!
Candidate bindings: "_ingested_at", "ticket_id", "purchase_date"

LINE 25:         agent as agent_id,
                 ^
[0m22:21:05.185355 [debug] [Thread-1 (]: On model.customer_support_tickets.fct_tickets: /* {"app": "dbt", "dbt_version": "1.11.7", "profile_name": "customer_support_tickets", "target_name": "dev", "node_id": "model.customer_support_tickets.fct_tickets"} */

  
    
    

    create  table
      "support"."main_marts"."fct_tickets__dbt_tmp"
  
    as (
      SELECT
    ticket_id,
    user_id,
    created_at,
    closed_at,
    status,
    -- KPI: TTR (Time to Resolution)
    timestamp_diff(closed_at, created_at, MINUTE) as ttr_minutes,
    -- KPI: FIRST RESPONSE TIME
    timestamp_diff(first_interaction_at, created_at, MINUTE) as frt_minutes
FROM "support"."main_staging"."stg_tickets"
-- EFECTIVIZA KPI: Eficiencia operativa. 
-- Si el TTR sube, necesitás más personal o mejor automatización.
    );
  
  
[0m22:21:05.198975 [debug] [Thread-2 (]: On model.customer_support_tickets.fct_business_performanceB: ROLLBACK
[0m22:21:05.199607 [debug] [Thread-4 (]: DuckDB adapter: Error running SQL: /* {"app": "dbt", "dbt_version": "1.11.7", "profile_name": "customer_support_tickets", "target_name": "dev", "node_id": "model.customer_support_tickets.fact_tickets"} */

  
    
    

    create  table
      "support"."main_marts"."fact_tickets__dbt_tmp"
  
    as (
      

with source as (

    select * from "support"."main_staging"."stg_tickets"

),

fact as (

    select
        ticket_id,

        customer_id,
        agent as agent_id,
        product_id,

        created_at,
        resolved_at,

        first_response_time,
        time_to_resolution,
        customer_satisfaction_rating,
        status,
        priority

    from source

)

select * from fact
    );
  
  
[0m22:21:05.200787 [debug] [Thread-4 (]: DuckDB adapter: Rolling back transaction.
[0m22:21:05.195817 [debug] [Thread-3 (]: Runtime Error in model fct_business_performanceA (models/marts/other/fct_business_performanceA.sql)
  Binder Error: Referenced column "status" not found in FROM clause!
  Candidate bindings: "ticket_status", "ticket_subject", "satisfaction_rating", "first_response_hrs", "ticket_id"
  
  LINE 17:         status,
                   ^
[0m22:21:05.202450 [debug] [Thread-4 (]: On model.customer_support_tickets.fact_tickets: ROLLBACK
[0m22:21:05.201778 [debug] [Thread-2 (]: Failed to rollback 'model.customer_support_tickets.fct_business_performanceB'
[0m22:21:05.204229 [debug] [Thread-3 (]: Sending event: {'category': 'dbt', 'action': 'run_model', 'label': 'f10a4b0a-1564-4b3a-927b-d02a58394ff6', 'context': [<snowplow_tracker.self_describing_json.SelfDescribingJson object at 0x70bd7afef990>]}
[0m22:21:05.205426 [debug] [Thread-2 (]: On model.customer_support_tickets.fct_business_performanceB: Close
[0m22:21:05.208412 [debug] [Thread-1 (]: DuckDB adapter: duckdb error: Binder Error: Referenced column "user_id" not found in FROM clause!
Candidate bindings: "customer_id", "customer_gender", "purchase_date", "customer_age", "customer_name"

LINE 13:     user_id,
             ^
[0m22:21:05.206667 [error] [Thread-3 (]: 8 of 15 ERROR creating sql table model main_marts.fct_business_performanceA .... [[31mERROR[0m in 0.12s]
[0m22:21:05.207563 [debug] [Thread-4 (]: Failed to rollback 'model.customer_support_tickets.fact_tickets'
[0m22:21:05.211104 [debug] [Thread-1 (]: DuckDB adapter: Error running SQL: /* {"app": "dbt", "dbt_version": "1.11.7", "profile_name": "customer_support_tickets", "target_name": "dev", "node_id": "model.customer_support_tickets.fct_tickets"} */

  
    
    

    create  table
      "support"."main_marts"."fct_tickets__dbt_tmp"
  
    as (
      SELECT
    ticket_id,
    user_id,
    created_at,
    closed_at,
    status,
    -- KPI: TTR (Time to Resolution)
    timestamp_diff(closed_at, created_at, MINUTE) as ttr_minutes,
    -- KPI: FIRST RESPONSE TIME
    timestamp_diff(first_interaction_at, created_at, MINUTE) as frt_minutes
FROM "support"."main_staging"."stg_tickets"
-- EFECTIVIZA KPI: Eficiencia operativa. 
-- Si el TTR sube, necesitás más personal o mejor automatización.
    );
  
  
[0m22:21:05.227799 [debug] [Thread-1 (]: DuckDB adapter: Rolling back transaction.
[0m22:21:05.226473 [debug] [Thread-2 (]: Runtime Error in model fct_business_performanceB (models/marts/other/fct_business_performanceB.sql)
  Binder Error: Referenced column "closed_at" not found in FROM clause!
  Candidate bindings: "purchase_date", "customer_age", "ticket_id", "customer_name", "customer_id"
  
  LINE 17:         EXTRACT(EPOCH FROM (closed_at - created_at))/3600 as trt_hours,
                                       ^
[0m22:21:05.227184 [debug] [Thread-4 (]: On model.customer_support_tickets.fact_tickets: Close
[0m22:21:05.220623 [debug] [Thread-3 (]: Finished running node model.customer_support_tickets.fct_business_performanceA
[0m22:21:05.228514 [debug] [Thread-1 (]: On model.customer_support_tickets.fct_tickets: ROLLBACK
[0m22:21:05.235753 [debug] [Thread-1 (]: Failed to rollback 'model.customer_support_tickets.fct_tickets'
[0m22:21:05.236443 [debug] [Thread-1 (]: On model.customer_support_tickets.fct_tickets: Close
[0m22:21:05.232531 [debug] [Thread-7 (]: Marking all children of 'model.customer_support_tickets.fct_business_performanceA' to be skipped because of status 'error'.  Reason: Runtime Error in model fct_business_performanceA (models/marts/other/fct_business_performanceA.sql)
  Binder Error: Referenced column "status" not found in FROM clause!
  Candidate bindings: "ticket_status", "ticket_subject", "satisfaction_rating", "first_response_hrs", "ticket_id"
  
  LINE 17:         status,
                   ^.
[0m22:21:05.234790 [debug] [Thread-4 (]: Runtime Error in model fact_tickets (models/marts/other/fact_tickets.sql)
  Binder Error: Referenced column "agent" not found in FROM clause!
  Candidate bindings: "_ingested_at", "ticket_id", "purchase_date"
  
  LINE 25:         agent as agent_id,
                   ^
[0m22:21:05.240874 [debug] [Thread-4 (]: Sending event: {'category': 'dbt', 'action': 'run_model', 'label': 'f10a4b0a-1564-4b3a-927b-d02a58394ff6', 'context': [<snowplow_tracker.self_describing_json.SelfDescribingJson object at 0x70bd7af69e10>]}
[0m22:21:05.229497 [debug] [Thread-2 (]: Sending event: {'category': 'dbt', 'action': 'run_model', 'label': 'f10a4b0a-1564-4b3a-927b-d02a58394ff6', 'context': [<snowplow_tracker.self_describing_json.SelfDescribingJson object at 0x70bd815f45d0>]}
[0m22:21:05.240238 [debug] [Thread-1 (]: Runtime Error in model fct_tickets (models/marts/other/fct_tickets.sql)
  Binder Error: Referenced column "user_id" not found in FROM clause!
  Candidate bindings: "customer_id", "customer_gender", "purchase_date", "customer_age", "customer_name"
  
  LINE 13:     user_id,
               ^
[0m22:21:05.230315 [debug] [Thread-3 (]: Began running node model.customer_support_tickets.mart_cx_satisfaction
[0m22:21:05.241635 [error] [Thread-4 (]: 7 of 15 ERROR creating sql table model main_marts.fact_tickets ................. [[31mERROR[0m in 0.16s]
[0m22:21:05.245054 [debug] [Thread-4 (]: Finished running node model.customer_support_tickets.fact_tickets
[0m22:21:05.243384 [debug] [Thread-1 (]: Sending event: {'category': 'dbt', 'action': 'run_model', 'label': 'f10a4b0a-1564-4b3a-927b-d02a58394ff6', 'context': [<snowplow_tracker.self_describing_json.SelfDescribingJson object at 0x70bd7af68d90>]}
[0m22:21:05.246096 [debug] [Thread-7 (]: Marking all children of 'model.customer_support_tickets.fact_tickets' to be skipped because of status 'error'.  Reason: Runtime Error in model fact_tickets (models/marts/other/fact_tickets.sql)
  Binder Error: Referenced column "agent" not found in FROM clause!
  Candidate bindings: "_ingested_at", "ticket_id", "purchase_date"
  
  LINE 25:         agent as agent_id,
                   ^.
[0m22:21:05.242687 [error] [Thread-2 (]: 9 of 15 ERROR creating sql table model main_marts.fct_business_performanceB .... [[31mERROR[0m in 0.14s]
[0m22:21:05.248419 [debug] [Thread-2 (]: Finished running node model.customer_support_tickets.fct_business_performanceB
[0m22:21:05.249333 [debug] [Thread-2 (]: Began running node model.customer_support_tickets.mart_operations_sla
[0m22:21:05.250538 [debug] [Thread-7 (]: Marking all children of 'model.customer_support_tickets.fct_business_performanceB' to be skipped because of status 'error'.  Reason: Runtime Error in model fct_business_performanceB (models/marts/other/fct_business_performanceB.sql)
  Binder Error: Referenced column "closed_at" not found in FROM clause!
  Candidate bindings: "purchase_date", "customer_age", "ticket_id", "customer_name", "customer_id"
  
  LINE 17:         EXTRACT(EPOCH FROM (closed_at - created_at))/3600 as trt_hours,
                                       ^.
[0m22:21:05.247184 [error] [Thread-1 (]: 10 of 15 ERROR creating sql table model main_marts.fct_tickets ................. [[31mERROR[0m in 0.14s]
[0m22:21:05.253987 [debug] [Thread-1 (]: Finished running node model.customer_support_tickets.fct_tickets
[0m22:21:05.245621 [debug] [Thread-4 (]: Began running node model.customer_support_tickets.mart_fairness
[0m22:21:05.259263 [info ] [Thread-4 (]: 12 of 15 START sql table model main_marts.mart_fairness ........................ [RUN]
[0m22:21:05.258058 [debug] [Thread-1 (]: Began running node model.customer_support_tickets.mart_priority_subjects
[0m22:21:05.259915 [debug] [Thread-4 (]: Re-using an available connection from the pool (formerly model.customer_support_tickets.fact_tickets, now model.customer_support_tickets.mart_fairness)
[0m22:21:05.263467 [debug] [Thread-7 (]: Marking all children of 'model.customer_support_tickets.fct_tickets' to be skipped because of status 'error'.  Reason: Runtime Error in model fct_tickets (models/marts/other/fct_tickets.sql)
  Binder Error: Referenced column "user_id" not found in FROM clause!
  Candidate bindings: "customer_id", "customer_gender", "purchase_date", "customer_age", "customer_name"
  
  LINE 13:     user_id,
               ^.
[0m22:21:05.249904 [info ] [Thread-2 (]: 13 of 15 START sql table model main_marts.mart_operations_sla .................. [RUN]
[0m22:21:05.244316 [info ] [Thread-3 (]: 11 of 15 START sql table model main_marts.mart_cx_satisfaction ................. [RUN]
[0m22:21:05.266825 [debug] [Thread-3 (]: Re-using an available connection from the pool (formerly model.customer_support_tickets.fct_business_performanceA, now model.customer_support_tickets.mart_cx_satisfaction)
[0m22:21:05.267429 [debug] [Thread-3 (]: Began compiling node model.customer_support_tickets.mart_cx_satisfaction
[0m22:21:05.264589 [info ] [Thread-1 (]: 14 of 15 START sql table model main_marts.mart_priority_subjects ............... [RUN]
[0m22:21:05.265093 [debug] [Thread-4 (]: Began compiling node model.customer_support_tickets.mart_fairness
[0m22:21:05.273532 [debug] [Thread-2 (]: Re-using an available connection from the pool (formerly model.customer_support_tickets.fct_business_performanceB, now model.customer_support_tickets.mart_operations_sla)
[0m22:21:05.281547 [debug] [Thread-2 (]: Began compiling node model.customer_support_tickets.mart_operations_sla
[0m22:21:05.279464 [debug] [Thread-4 (]: Writing injected SQL for node "model.customer_support_tickets.mart_fairness"
[0m22:21:05.274065 [debug] [Thread-1 (]: Re-using an available connection from the pool (formerly model.customer_support_tickets.fct_tickets, now model.customer_support_tickets.mart_priority_subjects)
[0m22:21:05.287510 [debug] [Thread-1 (]: Began compiling node model.customer_support_tickets.mart_priority_subjects
[0m22:21:05.280913 [debug] [Thread-3 (]: Writing injected SQL for node "model.customer_support_tickets.mart_cx_satisfaction"
[0m22:21:05.298331 [debug] [Thread-3 (]: Began executing node model.customer_support_tickets.mart_cx_satisfaction
[0m22:21:05.292326 [debug] [Thread-2 (]: Writing injected SQL for node "model.customer_support_tickets.mart_operations_sla"
[0m22:21:05.297304 [debug] [Thread-1 (]: Writing injected SQL for node "model.customer_support_tickets.mart_priority_subjects"
[0m22:21:05.288261 [debug] [Thread-4 (]: Began executing node model.customer_support_tickets.mart_fairness
[0m22:21:05.310948 [debug] [Thread-4 (]: Writing runtime sql for node "model.customer_support_tickets.mart_fairness"
[0m22:21:05.311661 [debug] [Thread-3 (]: Writing runtime sql for node "model.customer_support_tickets.mart_cx_satisfaction"
[0m22:21:05.312950 [debug] [Thread-2 (]: Began executing node model.customer_support_tickets.mart_operations_sla
[0m22:21:05.312354 [debug] [Thread-1 (]: Began executing node model.customer_support_tickets.mart_priority_subjects
[0m22:21:05.313808 [debug] [Thread-4 (]: Using duckdb connection "model.customer_support_tickets.mart_fairness"
[0m22:21:05.328288 [debug] [Thread-4 (]: On model.customer_support_tickets.mart_fairness: BEGIN
[0m22:21:05.328860 [debug] [Thread-4 (]: Opening a new connection, currently in state closed
[0m22:21:05.314723 [debug] [Thread-3 (]: Using duckdb connection "model.customer_support_tickets.mart_cx_satisfaction"
[0m22:21:05.331495 [debug] [Thread-3 (]: On model.customer_support_tickets.mart_cx_satisfaction: BEGIN
[0m22:21:05.331920 [debug] [Thread-3 (]: Opening a new connection, currently in state closed
[0m22:21:05.332656 [debug] [Thread-3 (]: SQL status: OK in 0.001 seconds
[0m22:21:05.319944 [debug] [Thread-2 (]: Writing runtime sql for node "model.customer_support_tickets.mart_operations_sla"
[0m22:21:05.324902 [debug] [Thread-1 (]: Writing runtime sql for node "model.customer_support_tickets.mart_priority_subjects"
[0m22:21:05.334890 [debug] [Thread-1 (]: Using duckdb connection "model.customer_support_tickets.mart_priority_subjects"
[0m22:21:05.335417 [debug] [Thread-1 (]: On model.customer_support_tickets.mart_priority_subjects: BEGIN
[0m22:21:05.336149 [debug] [Thread-2 (]: Using duckdb connection "model.customer_support_tickets.mart_operations_sla"
[0m22:21:05.336591 [debug] [Thread-4 (]: SQL status: OK in 0.008 seconds
[0m22:21:05.337945 [debug] [Thread-4 (]: Using duckdb connection "model.customer_support_tickets.mart_fairness"
[0m22:21:05.338518 [debug] [Thread-4 (]: On model.customer_support_tickets.mart_fairness: /* {"app": "dbt", "dbt_version": "1.11.7", "profile_name": "customer_support_tickets", "target_name": "dev", "node_id": "model.customer_support_tickets.mart_fairness"} */

  
    
    

    create  table
      "support"."main_marts"."mart_fairness__dbt_tmp"
  
    as (
      

-- Dashboard 6: Fairness / Bias
-- Responde:
--   - Diferencias sistemáticas en resolución por género
--   - Tickets de grupos demográficos con prioridad diferente
--   - Sesgo en asignación de prioridades por canal

with base as (
    select * from "support"."main_staging"."stg_tickets"
),

enriched as (
    select
        *,
        case
            when customer_age < 25               then 'Gen Z (<25)'
            when customer_age between 25 and 34  then 'Millennial (25-34)'
            when customer_age between 35 and 44  then 'Gen X (35-44)'
            when customer_age between 45 and 59  then 'Boomer (45-59)'
            else                                      'Senior (60+)'
        end as age_segment
    from base
),

-- Baseline global para calcular desvíos
global_avg as (
    select
        avg(resolution_hrs)      as global_avg_resolution,
        avg(first_response_hrs)  as global_avg_frt,
        avg(satisfaction_rating) as global_avg_sat
    from base
)

select
    e.customer_gender,
    e.age_segment,
    e.ticket_channel,
    e.ticket_priority,

    count(*)                     as ticket_count,
    avg(e.resolution_hrs)        as avg_resolution_hrs,
    avg(e.first_response_hrs)    as avg_first_response_hrs,
    avg(e.satisfaction_rating)   as avg_satisfaction,

    -- Desvío respecto al promedio global (+ = peor servicio, - = mejor)
    avg(e.resolution_hrs)    - max(g.global_avg_resolution) as resolution_bias,
    avg(e.first_response_hrs)- max(g.global_avg_frt)        as frt_bias,
    avg(e.satisfaction_rating)-max(g.global_avg_sat)        as satisfaction_bias,

    -- % de tickets asignados a prioridad Critical por grupo
    round(
        100.0 * sum(case when e.ticket_priority='critical' then 1 else 0 end) / count(*)
    , 1) as pct_critical,

    round(
        100.0 * sum(case when e.ticket_status='closed' then 1 else 0 end) / count(*)
    , 1) as pct_resolved

from enriched e
cross join global_avg g
group by 1,2,3,4
    );
  
  
[0m22:21:05.333097 [debug] [Thread-3 (]: Using duckdb connection "model.customer_support_tickets.mart_cx_satisfaction"
[0m22:21:05.339395 [debug] [Thread-3 (]: On model.customer_support_tickets.mart_cx_satisfaction: /* {"app": "dbt", "dbt_version": "1.11.7", "profile_name": "customer_support_tickets", "target_name": "dev", "node_id": "model.customer_support_tickets.mart_cx_satisfaction"} */

  
    
    

    create  table
      "support"."main_marts"."mart_cx_satisfaction__dbt_tmp"
  
    as (
      

-- Dashboard 3: Priority Matrix + CX
-- Responde:
--   - Correlación edad-satisfacción
--   - Canal con mayor satisfacción
--   - Producto con más quejas críticas
--   - Diferencia de satisfacción por género
--   - Tickets con mayor resolution_hrs → peor rating

with base as (
    select * from "support"."main_staging"."stg_tickets"
),

enriched as (
    select
        *,
        case
            when customer_age < 25               then 'Gen Z (<25)'
            when customer_age between 25 and 34  then 'Millennial (25-34)'
            when customer_age between 35 and 44  then 'Gen X (35-44)'
            when customer_age between 45 and 59  then 'Boomer (45-59)'
            else                                      'Senior (60+)'
        end as age_segment,

        -- Bucket de resolución para scatter en Superset
        case
            when resolution_hrs < 6   then '0-6h'
            when resolution_hrs < 24  then '6-24h'
            when resolution_hrs < 72  then '1-3 days'
            else                           '3+ days'
        end as resolution_bucket

    from base
)

select
    ticket_channel,
    ticket_priority,
    ticket_type,
    ticket_status,
    product_purchased,
    customer_gender,
    age_segment,
    resolution_bucket,

    count(*)                as total_tickets,
    avg(satisfaction_rating) as avg_satisfaction,
    avg(resolution_hrs)      as avg_resolution_hrs,
    avg(first_response_hrs)  as avg_first_response_hrs,

    -- Para Priority Matrix heatmap
    sum(case when ticket_priority = 'critical' then 1 else 0 end) as critical_count,
    sum(case when ticket_status   = 'closed'   then 1 else 0 end) as closed_count,

    round(
        100.0 * sum(case when ticket_status='closed' then 1 else 0 end) / count(*)
    , 1) as pct_closed

from enriched
group by 1,2,3,4,5,6,7,8
    );
  
  
[0m22:21:05.336951 [debug] [Thread-1 (]: Opening a new connection, currently in state closed
[0m22:21:05.344483 [debug] [Thread-1 (]: SQL status: OK in 0.008 seconds
[0m22:21:05.344960 [debug] [Thread-1 (]: Using duckdb connection "model.customer_support_tickets.mart_priority_subjects"
[0m22:21:05.337481 [debug] [Thread-2 (]: On model.customer_support_tickets.mart_operations_sla: BEGIN
[0m22:21:05.348421 [debug] [Thread-2 (]: Opening a new connection, currently in state closed
[0m22:21:05.349174 [debug] [Thread-2 (]: SQL status: OK in 0.001 seconds
[0m22:21:05.345581 [debug] [Thread-1 (]: On model.customer_support_tickets.mart_priority_subjects: /* {"app": "dbt", "dbt_version": "1.11.7", "profile_name": "customer_support_tickets", "target_name": "dev", "node_id": "model.customer_support_tickets.mart_priority_subjects"} */

  
    
    

    create  table
      "support"."main_marts"."mart_priority_subjects__dbt_tmp"
  
    as (
      

-- Dashboard 3 & 5: Priority Matrix + Product Complaints
-- Responde:
--   - Subjects más frecuentes como Critical
--   - Sistema de prioridades vs satisfacción real
--   - Tipo de ticket con mayor tasa de escalamiento
--   - Productos con más tickets críticos

with base as (
    select * from "support"."main_staging"."stg_tickets"
)

select
    ticket_subject,
    ticket_type,
    ticket_priority,
    product_purchased,

    count(*)                     as total_tickets,
    avg(satisfaction_rating)     as avg_satisfaction,
    avg(resolution_hrs)          as avg_resolution_hrs,

    -- % no resueltos (proxy de escalamiento)
    round(
        100.0 * sum(case when ticket_status != 'closed' then 1 else 0 end) / count(*)
    , 1) as pct_unresolved,

    sum(case when ticket_priority = 'critical' then 1 else 0 end) as critical_count,
    sum(case when ticket_priority = 'high'     then 1 else 0 end) as high_count,

    -- ¿La prioridad asignada coincide con la satisfacción?
    -- Si critical tiene alta satisfacción, el sistema de prioridades es inconsistente
    case
        when avg(satisfaction_rating) >= 4
         and ticket_priority in ('critical','high') then 'Prioridad sobreasignada'
        when avg(satisfaction_rating) <= 2
         and ticket_priority in ('low','medium')    then 'Prioridad subasignada'
        else 'Consistente'
    end as priority_alignment

from base
group by 1,2,3,4
order by critical_count desc
    );
  
  
[0m22:21:05.351102 [debug] [Thread-2 (]: Using duckdb connection "model.customer_support_tickets.mart_operations_sla"
[0m22:21:05.358842 [debug] [Thread-2 (]: On model.customer_support_tickets.mart_operations_sla: /* {"app": "dbt", "dbt_version": "1.11.7", "profile_name": "customer_support_tickets", "target_name": "dev", "node_id": "model.customer_support_tickets.mart_operations_sla"} */

  
    
    

    create  table
      "support"."main_marts"."mart_operations_sla__dbt_tmp"
  
    as (
      

-- Dashboard 1 & 2: Operations Overview + Channel Performance
-- Responde:
--   - Tiempo promedio de primera respuesta por canal
--   - % tickets resueltos en < 24 horas
--   - Backlog actual (open + pending)
--   - % tickets Critical sin resolver
--   - Carga por día de semana y mes

with base as (
    select * from "support"."main_staging"."stg_tickets"
),

per_channel as (
    select
        ticket_channel,
        ticket_priority,
        ticket_status,
        ticket_type,

        extract('dow'   from purchase_date) as day_of_week,
        strftime(purchase_date, '%A')       as day_name,
        extract('month' from purchase_date) as month_num,
        strftime(purchase_date, '%B')       as month_name,
        extract('year'  from purchase_date) as year,

        first_response_hrs,
        resolution_hrs,
        satisfaction_rating,

        -- SLA flags
        case when resolution_hrs <= 24 then 1 else 0 end          as resolved_under_24h,
        case when ticket_status in ('open','pending customer response')
             then 1 else 0 end                                     as is_backlog,
        case when ticket_priority = 'critical'
              and ticket_status != 'closed' then 1 else 0 end      as is_critical_unresolved

    from base
)

select
    ticket_channel,
    ticket_priority,
    ticket_status,
    ticket_type,
    day_of_week,
    day_name,
    month_num,
    month_name,
    year,

    count(*)                                  as total_tickets,
    avg(first_response_hrs)                   as avg_first_response_hrs,
    avg(resolution_hrs)                       as avg_resolution_hrs,
    avg(satisfaction_rating)                  as avg_satisfaction,

    sum(resolved_under_24h)                   as tickets_resolved_under_24h,
    round(
        100.0 * sum(resolved_under_24h) / count(*), 1
    )                                         as pct_resolved_under_24h,

    sum(is_backlog)                           as backlog_count,
    sum(is_critical_unresolved)               as critical_unresolved_count,

    round(
        100.0 * sum(is_critical_unresolved)
            / nullif(sum(case when ticket_priority='critical' then 1 end), 0)
    , 1)                                      as pct_critical_unresolved

from per_channel
group by 1,2,3,4,5,6,7,8,9
    );
  
  
[0m22:21:05.365870 [debug] [Thread-1 (]: DuckDB adapter: duckdb error: Conversion Error: Unimplemented type for cast (TIMESTAMP -> DOUBLE) when casting from source column Time to Resolution

LINE 45:         when avg(satisfaction_rating) >= 4
                                          ^
[0m22:21:05.366624 [debug] [Thread-1 (]: DuckDB adapter: Error running SQL: /* {"app": "dbt", "dbt_version": "1.11.7", "profile_name": "customer_support_tickets", "target_name": "dev", "node_id": "model.customer_support_tickets.mart_priority_subjects"} */

  
    
    

    create  table
      "support"."main_marts"."mart_priority_subjects__dbt_tmp"
  
    as (
      

-- Dashboard 3 & 5: Priority Matrix + Product Complaints
-- Responde:
--   - Subjects más frecuentes como Critical
--   - Sistema de prioridades vs satisfacción real
--   - Tipo de ticket con mayor tasa de escalamiento
--   - Productos con más tickets críticos

with base as (
    select * from "support"."main_staging"."stg_tickets"
)

select
    ticket_subject,
    ticket_type,
    ticket_priority,
    product_purchased,

    count(*)                     as total_tickets,
    avg(satisfaction_rating)     as avg_satisfaction,
    avg(resolution_hrs)          as avg_resolution_hrs,

    -- % no resueltos (proxy de escalamiento)
    round(
        100.0 * sum(case when ticket_status != 'closed' then 1 else 0 end) / count(*)
    , 1) as pct_unresolved,

    sum(case when ticket_priority = 'critical' then 1 else 0 end) as critical_count,
    sum(case when ticket_priority = 'high'     then 1 else 0 end) as high_count,

    -- ¿La prioridad asignada coincide con la satisfacción?
    -- Si critical tiene alta satisfacción, el sistema de prioridades es inconsistente
    case
        when avg(satisfaction_rating) >= 4
         and ticket_priority in ('critical','high') then 'Prioridad sobreasignada'
        when avg(satisfaction_rating) <= 2
         and ticket_priority in ('low','medium')    then 'Prioridad subasignada'
        else 'Consistente'
    end as priority_alignment

from base
group by 1,2,3,4
order by critical_count desc
    );
  
  
[0m22:21:05.367819 [debug] [Thread-4 (]: DuckDB adapter: duckdb error: Conversion Error: Unimplemented type for cast (TIMESTAMP -> DOUBLE) when casting from source column First Response Time

LINE 49:     e.ticket_priority,
               ^
[0m22:21:05.374421 [debug] [Thread-4 (]: DuckDB adapter: Error running SQL: /* {"app": "dbt", "dbt_version": "1.11.7", "profile_name": "customer_support_tickets", "target_name": "dev", "node_id": "model.customer_support_tickets.mart_fairness"} */

  
    
    

    create  table
      "support"."main_marts"."mart_fairness__dbt_tmp"
  
    as (
      

-- Dashboard 6: Fairness / Bias
-- Responde:
--   - Diferencias sistemáticas en resolución por género
--   - Tickets de grupos demográficos con prioridad diferente
--   - Sesgo en asignación de prioridades por canal

with base as (
    select * from "support"."main_staging"."stg_tickets"
),

enriched as (
    select
        *,
        case
            when customer_age < 25               then 'Gen Z (<25)'
            when customer_age between 25 and 34  then 'Millennial (25-34)'
            when customer_age between 35 and 44  then 'Gen X (35-44)'
            when customer_age between 45 and 59  then 'Boomer (45-59)'
            else                                      'Senior (60+)'
        end as age_segment
    from base
),

-- Baseline global para calcular desvíos
global_avg as (
    select
        avg(resolution_hrs)      as global_avg_resolution,
        avg(first_response_hrs)  as global_avg_frt,
        avg(satisfaction_rating) as global_avg_sat
    from base
)

select
    e.customer_gender,
    e.age_segment,
    e.ticket_channel,
    e.ticket_priority,

    count(*)                     as ticket_count,
    avg(e.resolution_hrs)        as avg_resolution_hrs,
    avg(e.first_response_hrs)    as avg_first_response_hrs,
    avg(e.satisfaction_rating)   as avg_satisfaction,

    -- Desvío respecto al promedio global (+ = peor servicio, - = mejor)
    avg(e.resolution_hrs)    - max(g.global_avg_resolution) as resolution_bias,
    avg(e.first_response_hrs)- max(g.global_avg_frt)        as frt_bias,
    avg(e.satisfaction_rating)-max(g.global_avg_sat)        as satisfaction_bias,

    -- % de tickets asignados a prioridad Critical por grupo
    round(
        100.0 * sum(case when e.ticket_priority='critical' then 1 else 0 end) / count(*)
    , 1) as pct_critical,

    round(
        100.0 * sum(case when e.ticket_status='closed' then 1 else 0 end) / count(*)
    , 1) as pct_resolved

from enriched e
cross join global_avg g
group by 1,2,3,4
    );
  
  
[0m22:21:05.372533 [debug] [Thread-3 (]: DuckDB adapter: duckdb error: Conversion Error: Unimplemented type for cast (TIMESTAMP -> DOUBLE) when casting from source column First Response Time

LINE 41:             else                           '3+ days'
                                                            ^
[0m22:21:05.371277 [debug] [Thread-1 (]: DuckDB adapter: Rolling back transaction.
[0m22:21:05.378539 [debug] [Thread-1 (]: On model.customer_support_tickets.mart_priority_subjects: ROLLBACK
[0m22:21:05.376379 [debug] [Thread-4 (]: DuckDB adapter: Rolling back transaction.
[0m22:21:05.380501 [debug] [Thread-4 (]: On model.customer_support_tickets.mart_fairness: ROLLBACK
[0m22:21:05.377079 [debug] [Thread-3 (]: DuckDB adapter: Error running SQL: /* {"app": "dbt", "dbt_version": "1.11.7", "profile_name": "customer_support_tickets", "target_name": "dev", "node_id": "model.customer_support_tickets.mart_cx_satisfaction"} */

  
    
    

    create  table
      "support"."main_marts"."mart_cx_satisfaction__dbt_tmp"
  
    as (
      

-- Dashboard 3: Priority Matrix + CX
-- Responde:
--   - Correlación edad-satisfacción
--   - Canal con mayor satisfacción
--   - Producto con más quejas críticas
--   - Diferencia de satisfacción por género
--   - Tickets con mayor resolution_hrs → peor rating

with base as (
    select * from "support"."main_staging"."stg_tickets"
),

enriched as (
    select
        *,
        case
            when customer_age < 25               then 'Gen Z (<25)'
            when customer_age between 25 and 34  then 'Millennial (25-34)'
            when customer_age between 35 and 44  then 'Gen X (35-44)'
            when customer_age between 45 and 59  then 'Boomer (45-59)'
            else                                      'Senior (60+)'
        end as age_segment,

        -- Bucket de resolución para scatter en Superset
        case
            when resolution_hrs < 6   then '0-6h'
            when resolution_hrs < 24  then '6-24h'
            when resolution_hrs < 72  then '1-3 days'
            else                           '3+ days'
        end as resolution_bucket

    from base
)

select
    ticket_channel,
    ticket_priority,
    ticket_type,
    ticket_status,
    product_purchased,
    customer_gender,
    age_segment,
    resolution_bucket,

    count(*)                as total_tickets,
    avg(satisfaction_rating) as avg_satisfaction,
    avg(resolution_hrs)      as avg_resolution_hrs,
    avg(first_response_hrs)  as avg_first_response_hrs,

    -- Para Priority Matrix heatmap
    sum(case when ticket_priority = 'critical' then 1 else 0 end) as critical_count,
    sum(case when ticket_status   = 'closed'   then 1 else 0 end) as closed_count,

    round(
        100.0 * sum(case when ticket_status='closed' then 1 else 0 end) / count(*)
    , 1) as pct_closed

from enriched
group by 1,2,3,4,5,6,7,8
    );
  
  
[0m22:21:05.384514 [debug] [Thread-3 (]: DuckDB adapter: Rolling back transaction.
[0m22:21:05.381622 [debug] [Thread-1 (]: Failed to rollback 'model.customer_support_tickets.mart_priority_subjects'
[0m22:21:05.388552 [debug] [Thread-1 (]: On model.customer_support_tickets.mart_priority_subjects: Close
[0m22:21:05.386384 [debug] [Thread-2 (]: DuckDB adapter: duckdb error: Conversion Error: Unimplemented type for cast (TIMESTAMP -> DOUBLE) when casting from source column First Response Time

LINE 45:              then 1 else 0 end                                     as is_backlog...
                              ^
[0m22:21:05.391988 [debug] [Thread-2 (]: DuckDB adapter: Error running SQL: /* {"app": "dbt", "dbt_version": "1.11.7", "profile_name": "customer_support_tickets", "target_name": "dev", "node_id": "model.customer_support_tickets.mart_operations_sla"} */

  
    
    

    create  table
      "support"."main_marts"."mart_operations_sla__dbt_tmp"
  
    as (
      

-- Dashboard 1 & 2: Operations Overview + Channel Performance
-- Responde:
--   - Tiempo promedio de primera respuesta por canal
--   - % tickets resueltos en < 24 horas
--   - Backlog actual (open + pending)
--   - % tickets Critical sin resolver
--   - Carga por día de semana y mes

with base as (
    select * from "support"."main_staging"."stg_tickets"
),

per_channel as (
    select
        ticket_channel,
        ticket_priority,
        ticket_status,
        ticket_type,

        extract('dow'   from purchase_date) as day_of_week,
        strftime(purchase_date, '%A')       as day_name,
        extract('month' from purchase_date) as month_num,
        strftime(purchase_date, '%B')       as month_name,
        extract('year'  from purchase_date) as year,

        first_response_hrs,
        resolution_hrs,
        satisfaction_rating,

        -- SLA flags
        case when resolution_hrs <= 24 then 1 else 0 end          as resolved_under_24h,
        case when ticket_status in ('open','pending customer response')
             then 1 else 0 end                                     as is_backlog,
        case when ticket_priority = 'critical'
              and ticket_status != 'closed' then 1 else 0 end      as is_critical_unresolved

    from base
)

select
    ticket_channel,
    ticket_priority,
    ticket_status,
    ticket_type,
    day_of_week,
    day_name,
    month_num,
    month_name,
    year,

    count(*)                                  as total_tickets,
    avg(first_response_hrs)                   as avg_first_response_hrs,
    avg(resolution_hrs)                       as avg_resolution_hrs,
    avg(satisfaction_rating)                  as avg_satisfaction,

    sum(resolved_under_24h)                   as tickets_resolved_under_24h,
    round(
        100.0 * sum(resolved_under_24h) / count(*), 1
    )                                         as pct_resolved_under_24h,

    sum(is_backlog)                           as backlog_count,
    sum(is_critical_unresolved)               as critical_unresolved_count,

    round(
        100.0 * sum(is_critical_unresolved)
            / nullif(sum(case when ticket_priority='critical' then 1 end), 0)
    , 1)                                      as pct_critical_unresolved

from per_channel
group by 1,2,3,4,5,6,7,8,9
    );
  
  
[0m22:21:05.392733 [debug] [Thread-2 (]: DuckDB adapter: Rolling back transaction.
[0m22:21:05.386856 [debug] [Thread-3 (]: On model.customer_support_tickets.mart_cx_satisfaction: ROLLBACK
[0m22:21:05.387623 [debug] [Thread-4 (]: Failed to rollback 'model.customer_support_tickets.mart_fairness'
[0m22:21:05.394616 [debug] [Thread-3 (]: Failed to rollback 'model.customer_support_tickets.mart_cx_satisfaction'
[0m22:21:05.399403 [debug] [Thread-3 (]: On model.customer_support_tickets.mart_cx_satisfaction: Close
[0m22:21:05.393567 [debug] [Thread-2 (]: On model.customer_support_tickets.mart_operations_sla: ROLLBACK
[0m22:21:05.397209 [debug] [Thread-4 (]: On model.customer_support_tickets.mart_fairness: Close
[0m22:21:05.396566 [debug] [Thread-1 (]: Runtime Error in model mart_priority_subjects (models/marts/mart_priority_subjects.sql)
  Conversion Error: Unimplemented type for cast (TIMESTAMP -> DOUBLE) when casting from source column Time to Resolution
  
  LINE 45:         when avg(satisfaction_rating) >= 4
                                            ^
[0m22:21:05.408994 [debug] [Thread-1 (]: Sending event: {'category': 'dbt', 'action': 'run_model', 'label': 'f10a4b0a-1564-4b3a-927b-d02a58394ff6', 'context': [<snowplow_tracker.self_describing_json.SelfDescribingJson object at 0x70bd815830d0>]}
[0m22:21:05.400795 [debug] [Thread-2 (]: Failed to rollback 'model.customer_support_tickets.mart_operations_sla'
[0m22:21:05.411057 [debug] [Thread-2 (]: On model.customer_support_tickets.mart_operations_sla: Close
[0m22:21:05.404645 [debug] [Thread-4 (]: Runtime Error in model mart_fairness (models/marts/mart_fairness.sql)
  Conversion Error: Unimplemented type for cast (TIMESTAMP -> DOUBLE) when casting from source column First Response Time
  
  LINE 49:     e.ticket_priority,
                 ^
[0m22:21:05.412420 [debug] [Thread-4 (]: Sending event: {'category': 'dbt', 'action': 'run_model', 'label': 'f10a4b0a-1564-4b3a-927b-d02a58394ff6', 'context': [<snowplow_tracker.self_describing_json.SelfDescribingJson object at 0x70bd80294850>]}
[0m22:21:05.408334 [debug] [Thread-3 (]: Runtime Error in model mart_cx_satisfaction (models/marts/mart_cx_satisfaction.sql)
  Conversion Error: Unimplemented type for cast (TIMESTAMP -> DOUBLE) when casting from source column First Response Time
  
  LINE 41:             else                           '3+ days'
                                                              ^
[0m22:21:05.418006 [debug] [Thread-2 (]: Runtime Error in model mart_operations_sla (models/marts/mart_operations_sla.sql)
  Conversion Error: Unimplemented type for cast (TIMESTAMP -> DOUBLE) when casting from source column First Response Time
  
  LINE 45:              then 1 else 0 end                                     as is_backlog...
                                ^
[0m22:21:05.409937 [error] [Thread-1 (]: 14 of 15 ERROR creating sql table model main_marts.mart_priority_subjects ...... [[31mERROR[0m in 0.13s]
[0m22:21:05.421014 [debug] [Thread-1 (]: Finished running node model.customer_support_tickets.mart_priority_subjects
[0m22:21:05.419566 [error] [Thread-4 (]: 12 of 15 ERROR creating sql table model main_marts.mart_fairness ............... [[31mERROR[0m in 0.15s]
[0m22:21:05.423554 [debug] [Thread-4 (]: Finished running node model.customer_support_tickets.mart_fairness
[0m22:21:05.418799 [debug] [Thread-3 (]: Sending event: {'category': 'dbt', 'action': 'run_model', 'label': 'f10a4b0a-1564-4b3a-927b-d02a58394ff6', 'context': [<snowplow_tracker.self_describing_json.SelfDescribingJson object at 0x70bd7af60610>]}
[0m22:21:05.422719 [debug] [Thread-7 (]: Marking all children of 'model.customer_support_tickets.mart_priority_subjects' to be skipped because of status 'error'.  Reason: Runtime Error in model mart_priority_subjects (models/marts/mart_priority_subjects.sql)
  Conversion Error: Unimplemented type for cast (TIMESTAMP -> DOUBLE) when casting from source column Time to Resolution
  
  LINE 45:         when avg(satisfaction_rating) >= 4
                                            ^.
[0m22:21:05.422041 [debug] [Thread-1 (]: Began running node model.customer_support_tickets.fct_ticket_metrics
[0m22:21:05.421473 [debug] [Thread-2 (]: Sending event: {'category': 'dbt', 'action': 'run_model', 'label': 'f10a4b0a-1564-4b3a-927b-d02a58394ff6', 'context': [<snowplow_tracker.self_describing_json.SelfDescribingJson object at 0x70bd80202890>]}
[0m22:21:05.424489 [error] [Thread-3 (]: 11 of 15 ERROR creating sql table model main_marts.mart_cx_satisfaction ........ [[31mERROR[0m in 0.15s]
[0m22:21:05.425458 [debug] [Thread-7 (]: Marking all children of 'model.customer_support_tickets.mart_fairness' to be skipped because of status 'error'.  Reason: Runtime Error in model mart_fairness (models/marts/mart_fairness.sql)
  Conversion Error: Unimplemented type for cast (TIMESTAMP -> DOUBLE) when casting from source column First Response Time
  
  LINE 49:     e.ticket_priority,
                 ^.
[0m22:21:05.427342 [info ] [Thread-1 (]: 15 of 15 SKIP relation main_marts.fct_ticket_metrics ........................... [[33mSKIP[0m]
[0m22:21:05.428665 [error] [Thread-2 (]: 13 of 15 ERROR creating sql table model main_marts.mart_operations_sla ......... [[31mERROR[0m in 0.15s]
[0m22:21:05.430153 [debug] [Thread-3 (]: Finished running node model.customer_support_tickets.mart_cx_satisfaction
[0m22:21:05.432098 [debug] [Thread-1 (]: Finished running node model.customer_support_tickets.fct_ticket_metrics
[0m22:21:05.433281 [debug] [Thread-2 (]: Finished running node model.customer_support_tickets.mart_operations_sla
[0m22:21:05.434074 [debug] [Thread-7 (]: Marking all children of 'model.customer_support_tickets.mart_cx_satisfaction' to be skipped because of status 'error'.  Reason: Runtime Error in model mart_cx_satisfaction (models/marts/mart_cx_satisfaction.sql)
  Conversion Error: Unimplemented type for cast (TIMESTAMP -> DOUBLE) when casting from source column First Response Time
  
  LINE 41:             else                           '3+ days'
                                                              ^.
[0m22:21:05.435174 [debug] [Thread-7 (]: Marking all children of 'model.customer_support_tickets.mart_operations_sla' to be skipped because of status 'error'.  Reason: Runtime Error in model mart_operations_sla (models/marts/mart_operations_sla.sql)
  Conversion Error: Unimplemented type for cast (TIMESTAMP -> DOUBLE) when casting from source column First Response Time
  
  LINE 45:              then 1 else 0 end                                     as is_backlog...
                                ^.
[0m22:21:05.438243 [debug] [MainThread]: Using duckdb connection "master"
[0m22:21:05.441004 [debug] [MainThread]: On master: BEGIN
[0m22:21:05.442298 [debug] [MainThread]: Opening a new connection, currently in state closed
[0m22:21:05.446943 [debug] [MainThread]: SQL status: OK in 0.003 seconds
[0m22:21:05.451755 [debug] [MainThread]: On master: COMMIT
[0m22:21:05.452268 [debug] [MainThread]: Using duckdb connection "master"
[0m22:21:05.452647 [debug] [MainThread]: On master: COMMIT
[0m22:21:05.453456 [debug] [MainThread]: SQL status: OK in 0.000 seconds
[0m22:21:05.453922 [debug] [MainThread]: On master: Close
[0m22:21:05.454519 [debug] [MainThread]: Connection 'master' was properly closed.
[0m22:21:05.454924 [debug] [MainThread]: Connection 'model.customer_support_tickets.mart_operations_sla' was properly closed.
[0m22:21:05.455334 [debug] [MainThread]: Connection 'model.customer_support_tickets.mart_cx_satisfaction' was properly closed.
[0m22:21:05.455734 [debug] [MainThread]: Connection 'model.customer_support_tickets.mart_priority_subjects' was properly closed.
[0m22:21:05.456096 [debug] [MainThread]: Connection 'model.customer_support_tickets.mart_fairness' was properly closed.
[0m22:21:05.456738 [info ] [MainThread]: 
[0m22:21:05.457245 [info ] [MainThread]: Finished running 1 incremental model, 12 table models, 2 view models in 0 hours 0 minutes and 0.77 seconds (0.77s).
[0m22:21:05.462735 [debug] [MainThread]: Command end result
[0m22:21:05.527829 [debug] [MainThread]: Wrote artifact WritableManifest to /usr/app/dbt/capstone_support/target/manifest.json
[0m22:21:05.530751 [debug] [MainThread]: Wrote artifact SemanticManifest to /usr/app/dbt/capstone_support/target/semantic_manifest.json
[0m22:21:05.540989 [debug] [MainThread]: Wrote artifact RunExecutionResult to /usr/app/dbt/capstone_support/target/run_results.json
[0m22:21:05.541502 [info ] [MainThread]: 
[0m22:21:05.542702 [info ] [MainThread]: [31mCompleted with 12 errors, 0 partial successes, and 0 warnings:[0m
[0m22:21:05.543639 [info ] [MainThread]: 
[0m22:21:05.544854 [error] [MainThread]: [31mFailure in model dim_agents (models/marts/other/dim_agents.sql)[0m
[0m22:21:05.545912 [error] [MainThread]:   Runtime Error in model dim_agents (models/marts/other/dim_agents.sql)
  Binder Error: Referenced column "agent" not found in FROM clause!
  Candidate bindings: "_ingested_at", "ticket_id", "purchase_date"
  
  LINE 27:     where agent is not null
                     ^
[0m22:21:05.547102 [info ] [MainThread]: 
[0m22:21:05.548252 [info ] [MainThread]:   compiled code at target/compiled/customer_support_tickets/models/marts/other/dim_agents.sql
[0m22:21:05.549682 [info ] [MainThread]: 
[0m22:21:05.551703 [error] [MainThread]: [31mFailure in model dim_customers (models/marts/other/dim_customers.sql)[0m
[0m22:21:05.553125 [error] [MainThread]:   Runtime Error in model dim_customers (models/marts/other/dim_customers.sql)
  Binder Error: Referenced column "customer_email" not found in FROM clause!
  Candidate bindings: "customer_name", "customer_id", "customer_age", "customer_gender", "resolution_hrs"
  
  LINE 24:         customer_email,
                   ^
[0m22:21:05.555201 [info ] [MainThread]: 
[0m22:21:05.557478 [info ] [MainThread]:   compiled code at target/compiled/customer_support_tickets/models/marts/other/dim_customers.sql
[0m22:21:05.558545 [info ] [MainThread]: 
[0m22:21:05.559425 [error] [MainThread]: [31mFailure in model dim_products (models/marts/other/dim_products.sql)[0m
[0m22:21:05.560085 [error] [MainThread]:   Runtime Error in model dim_products (models/marts/other/dim_products.sql)
  Binder Error: Referenced column "product_id" not found in FROM clause!
  Candidate bindings: "product_purchased", "ticket_id", "customer_id", "purchase_date", "customer_gender"
  
  LINE 27:     where product_id is not null
                     ^
[0m22:21:05.562309 [info ] [MainThread]: 
[0m22:21:05.563071 [info ] [MainThread]:   compiled code at target/compiled/customer_support_tickets/models/marts/other/dim_products.sql
[0m22:21:05.563641 [info ] [MainThread]: 
[0m22:21:05.564483 [error] [MainThread]: [31mFailure in model dim_date (models/marts/other/dim_date.sql)[0m
[0m22:21:05.565207 [error] [MainThread]:   Runtime Error in model dim_date (models/marts/other/dim_date.sql)
  Binder Error: Referenced column "created_at" not found in FROM clause!
  Candidate bindings: "_ingested_at", "purchase_date", "ticket_id", "customer_gender", "customer_age"
  
  LINE 16:         created_at as full_date
                   ^
[0m22:21:05.567476 [info ] [MainThread]: 
[0m22:21:05.567970 [info ] [MainThread]:   compiled code at target/compiled/customer_support_tickets/models/marts/other/dim_date.sql
[0m22:21:05.568394 [info ] [MainThread]: 
[0m22:21:05.568901 [error] [MainThread]: [31mFailure in model fct_business_performanceA (models/marts/other/fct_business_performanceA.sql)[0m
[0m22:21:05.571156 [error] [MainThread]:   Runtime Error in model fct_business_performanceA (models/marts/other/fct_business_performanceA.sql)
  Binder Error: Referenced column "status" not found in FROM clause!
  Candidate bindings: "ticket_status", "ticket_subject", "satisfaction_rating", "first_response_hrs", "ticket_id"
  
  LINE 17:         status,
                   ^
[0m22:21:05.571728 [info ] [MainThread]: 
[0m22:21:05.574600 [info ] [MainThread]:   compiled code at target/compiled/customer_support_tickets/models/marts/other/fct_business_performanceA.sql
[0m22:21:05.575648 [info ] [MainThread]: 
[0m22:21:05.576328 [error] [MainThread]: [31mFailure in model fact_tickets (models/marts/other/fact_tickets.sql)[0m
[0m22:21:05.576942 [error] [MainThread]:   Runtime Error in model fact_tickets (models/marts/other/fact_tickets.sql)
  Binder Error: Referenced column "agent" not found in FROM clause!
  Candidate bindings: "_ingested_at", "ticket_id", "purchase_date"
  
  LINE 25:         agent as agent_id,
                   ^
[0m22:21:05.577518 [info ] [MainThread]: 
[0m22:21:05.580027 [info ] [MainThread]:   compiled code at target/compiled/customer_support_tickets/models/marts/other/fact_tickets.sql
[0m22:21:05.581373 [info ] [MainThread]: 
[0m22:21:05.582048 [error] [MainThread]: [31mFailure in model fct_business_performanceB (models/marts/other/fct_business_performanceB.sql)[0m
[0m22:21:05.582755 [error] [MainThread]:   Runtime Error in model fct_business_performanceB (models/marts/other/fct_business_performanceB.sql)
  Binder Error: Referenced column "closed_at" not found in FROM clause!
  Candidate bindings: "purchase_date", "customer_age", "ticket_id", "customer_name", "customer_id"
  
  LINE 17:         EXTRACT(EPOCH FROM (closed_at - created_at))/3600 as trt_hours,
                                       ^
[0m22:21:05.583329 [info ] [MainThread]: 
[0m22:21:05.584145 [info ] [MainThread]:   compiled code at target/compiled/customer_support_tickets/models/marts/other/fct_business_performanceB.sql
[0m22:21:05.584723 [info ] [MainThread]: 
[0m22:21:05.586685 [error] [MainThread]: [31mFailure in model fct_tickets (models/marts/other/fct_tickets.sql)[0m
[0m22:21:05.588500 [error] [MainThread]:   Runtime Error in model fct_tickets (models/marts/other/fct_tickets.sql)
  Binder Error: Referenced column "user_id" not found in FROM clause!
  Candidate bindings: "customer_id", "customer_gender", "purchase_date", "customer_age", "customer_name"
  
  LINE 13:     user_id,
               ^
[0m22:21:05.589203 [info ] [MainThread]: 
[0m22:21:05.591309 [info ] [MainThread]:   compiled code at target/compiled/customer_support_tickets/models/marts/other/fct_tickets.sql
[0m22:21:05.592131 [info ] [MainThread]: 
[0m22:21:05.592863 [error] [MainThread]: [31mFailure in model mart_priority_subjects (models/marts/mart_priority_subjects.sql)[0m
[0m22:21:05.596766 [error] [MainThread]:   Runtime Error in model mart_priority_subjects (models/marts/mart_priority_subjects.sql)
  Conversion Error: Unimplemented type for cast (TIMESTAMP -> DOUBLE) when casting from source column Time to Resolution
  
  LINE 45:         when avg(satisfaction_rating) >= 4
                                            ^
[0m22:21:05.600786 [info ] [MainThread]: 
[0m22:21:05.601379 [info ] [MainThread]:   compiled code at target/compiled/customer_support_tickets/models/marts/mart_priority_subjects.sql
[0m22:21:05.603227 [info ] [MainThread]: 
[0m22:21:05.604071 [error] [MainThread]: [31mFailure in model mart_fairness (models/marts/mart_fairness.sql)[0m
[0m22:21:05.607440 [error] [MainThread]:   Runtime Error in model mart_fairness (models/marts/mart_fairness.sql)
  Conversion Error: Unimplemented type for cast (TIMESTAMP -> DOUBLE) when casting from source column First Response Time
  
  LINE 49:     e.ticket_priority,
                 ^
[0m22:21:05.609463 [info ] [MainThread]: 
[0m22:21:05.610980 [info ] [MainThread]:   compiled code at target/compiled/customer_support_tickets/models/marts/mart_fairness.sql
[0m22:21:05.613015 [info ] [MainThread]: 
[0m22:21:05.616414 [error] [MainThread]: [31mFailure in model mart_cx_satisfaction (models/marts/mart_cx_satisfaction.sql)[0m
[0m22:21:05.619293 [error] [MainThread]:   Runtime Error in model mart_cx_satisfaction (models/marts/mart_cx_satisfaction.sql)
  Conversion Error: Unimplemented type for cast (TIMESTAMP -> DOUBLE) when casting from source column First Response Time
  
  LINE 41:             else                           '3+ days'
                                                              ^
[0m22:21:05.620219 [info ] [MainThread]: 
[0m22:21:05.620772 [info ] [MainThread]:   compiled code at target/compiled/customer_support_tickets/models/marts/mart_cx_satisfaction.sql
[0m22:21:05.621380 [info ] [MainThread]: 
[0m22:21:05.623874 [error] [MainThread]: [31mFailure in model mart_operations_sla (models/marts/mart_operations_sla.sql)[0m
[0m22:21:05.625274 [error] [MainThread]:   Runtime Error in model mart_operations_sla (models/marts/mart_operations_sla.sql)
  Conversion Error: Unimplemented type for cast (TIMESTAMP -> DOUBLE) when casting from source column First Response Time
  
  LINE 45:              then 1 else 0 end                                     as is_backlog...
                                ^
[0m22:21:05.625871 [info ] [MainThread]: 
[0m22:21:05.628179 [info ] [MainThread]:   compiled code at target/compiled/customer_support_tickets/models/marts/mart_operations_sla.sql
[0m22:21:05.630236 [info ] [MainThread]: 
[0m22:21:05.631240 [info ] [MainThread]: Done. PASS=2 WARN=0 ERROR=12 SKIP=1 NO-OP=0 TOTAL=15
[0m22:21:05.633636 [debug] [MainThread]: Resource report: {"command_name": "run", "command_success": false, "command_wall_clock_time": 2.2076976, "process_in_blocks": "2008", "process_kernel_time": 0.484685, "process_mem_max_rss": "177028", "process_out_blocks": "8216", "process_user_time": 3.194203}
[0m22:21:05.637262 [debug] [MainThread]: Command `dbt run` failed at 22:21:05.637070 after 2.21 seconds
[0m22:21:05.638013 [debug] [MainThread]: Sending event: {'category': 'dbt', 'action': 'invocation', 'label': 'end', 'context': [<snowplow_tracker.self_describing_json.SelfDescribingJson object at 0x70bd8697b1d0>, <snowplow_tracker.self_describing_json.SelfDescribingJson object at 0x70bd869ca6d0>, <snowplow_tracker.self_describing_json.SelfDescribingJson object at 0x70bd78e2fc50>]}
[0m22:21:05.638490 [debug] [MainThread]: Flushing usage events
[0m22:21:05.737897 [debug] [MainThread]: An error was encountered while trying to flush usage events
[0m22:30:15.143496 [debug] [MainThread]: Sending event: {'category': 'dbt', 'action': 'invocation', 'label': 'start', 'context': [<snowplow_tracker.self_describing_json.SelfDescribingJson object at 0x786190e22f50>, <snowplow_tracker.self_describing_json.SelfDescribingJson object at 0x78619335c410>, <snowplow_tracker.self_describing_json.SelfDescribingJson object at 0x786190e22c50>]}


============================== 22:30:15.164664 | 59509897-0b8c-4a08-8a1d-9485937d4896 ==============================
[0m22:30:15.164664 [info ] [MainThread]: Running with dbt=1.11.7
[0m22:30:15.168984 [debug] [MainThread]: running dbt with arguments {'quiet': 'False', 'empty': 'False', 'target_path': 'None', 'cache_selected_only': 'False', 'introspect': 'True', 'indirect_selection': 'eager', 'log_format': 'default', 'warn_error': 'None', 'warn_error_options': 'WarnErrorOptionsV2(error=[], warn=[], silence=[])', 'no_print': 'None', 'write_json': 'True', 'fail_fast': 'False', 'profiles_dir': '/usr/app/dbt', 'log_cache_events': 'False', 'static_parser': 'True', 'printer_width': '80', 'use_experimental_parser': 'False', 'partial_parse': 'True', 'log_path': '/usr/app/dbt/capstone_support/logs', 'use_colors': 'True', 'debug': 'False', 'version_check': 'True', 'invocation_command': 'dbt run --profiles-dir /usr/app/dbt', 'send_anonymous_usage_stats': 'True'}
[0m22:30:15.382553 [warn ] [MainThread]: [[33mWARNING[0m][DuplicateYAMLKeysDeprecation]: Deprecated functionality
Duplicate key 'marts' in "<unicode string>", line 24, column 5 in file
`/usr/app/dbt/capstone_support/dbt_project.yml`
[0m22:30:15.383579 [debug] [MainThread]: Sending event: {'category': 'dbt', 'action': 'deprecation', 'label': '59509897-0b8c-4a08-8a1d-9485937d4896', 'property_': 'warn', 'context': [<snowplow_tracker.self_describing_json.SelfDescribingJson object at 0x786190ffbf10>]}
[0m22:30:15.513996 [debug] [MainThread]: Sending event: {'category': 'dbt', 'action': 'project_id', 'label': '59509897-0b8c-4a08-8a1d-9485937d4896', 'context': [<snowplow_tracker.self_describing_json.SelfDescribingJson object at 0x786191dbba50>]}
[0m22:30:15.578606 [debug] [MainThread]: Sending event: {'category': 'dbt', 'action': 'adapter_info', 'label': '59509897-0b8c-4a08-8a1d-9485937d4896', 'context': [<snowplow_tracker.self_describing_json.SelfDescribingJson object at 0x786193f44a10>]}
[0m22:30:15.580746 [info ] [MainThread]: Registered adapter: duckdb=1.10.1
[0m22:30:15.718054 [debug] [MainThread]: checksum: b80718358155fc17c3559352095564dd56ada1cc1a1c0ef2e62c857e71583775, vars: {}, profile: , target: , version: 1.11.7
[0m22:30:15.818233 [info ] [MainThread]: Unable to do partial parsing because a project config has changed
[0m22:30:15.818825 [debug] [MainThread]: Sending event: {'category': 'dbt', 'action': 'partial_parser', 'label': '59509897-0b8c-4a08-8a1d-9485937d4896', 'context': [<snowplow_tracker.self_describing_json.SelfDescribingJson object at 0x786191f3aa90>]}
[0m22:30:18.176474 [warn ] [MainThread]: [[33mWARNING[0m][MissingArgumentsPropertyInGenericTestDeprecation]: Deprecated
functionality
Found top-level arguments to test `accepted_values` defined on 'stg_tickets' in
package 'customer_support_tickets' (models/staging/schema.yml). Arguments to
generic tests should be nested under the `arguments` property.
[0m22:30:18.177470 [debug] [MainThread]: Sending event: {'category': 'dbt', 'action': 'deprecation', 'label': '59509897-0b8c-4a08-8a1d-9485937d4896', 'property_': 'warn', 'context': [<snowplow_tracker.self_describing_json.SelfDescribingJson object at 0x78618b55b190>]}
[0m22:30:18.623631 [warn ] [MainThread]: [[33mWARNING[0m]: Configuration paths exist in your dbt_project.yml file which do not apply to any resources.
There are 1 unused configuration paths:
- models.customer_support_tickets.core
[0m22:30:18.635182 [debug] [MainThread]: Sending event: {'category': 'dbt', 'action': 'load_project', 'label': '59509897-0b8c-4a08-8a1d-9485937d4896', 'context': [<snowplow_tracker.self_describing_json.SelfDescribingJson object at 0x78618b5d23d0>]}
[0m22:30:18.739631 [debug] [MainThread]: Wrote artifact WritableManifest to /usr/app/dbt/capstone_support/target/manifest.json
[0m22:30:18.754737 [debug] [MainThread]: Wrote artifact SemanticManifest to /usr/app/dbt/capstone_support/target/semantic_manifest.json
[0m22:30:18.782500 [debug] [MainThread]: Sending event: {'category': 'dbt', 'action': 'resource_counts', 'label': '59509897-0b8c-4a08-8a1d-9485937d4896', 'context': [<snowplow_tracker.self_describing_json.SelfDescribingJson object at 0x78618b4c0310>]}
[0m22:30:18.783075 [info ] [MainThread]: Found 15 models, 1 seed, 3 data tests, 1 source, 618 macros
[0m22:30:18.783520 [debug] [MainThread]: Sending event: {'category': 'dbt', 'action': 'runnable_timing', 'label': '59509897-0b8c-4a08-8a1d-9485937d4896', 'context': [<snowplow_tracker.self_describing_json.SelfDescribingJson object at 0x78618b47b410>]}
[0m22:30:18.786198 [info ] [MainThread]: 
[0m22:30:18.786590 [info ] [MainThread]: Concurrency: 4 threads (target='dev')
[0m22:30:18.787091 [info ] [MainThread]: 
[0m22:30:18.787963 [debug] [MainThread]: Acquiring new duckdb connection 'master'
[0m22:30:18.795720 [debug] [ThreadPool]: Acquiring new duckdb connection 'list_support'
[0m22:30:18.796438 [debug] [ThreadPool]: Acquiring new duckdb connection 'list_support'
[0m22:30:18.841352 [debug] [ThreadPool]: Using duckdb connection "list_support"
[0m22:30:18.841809 [debug] [ThreadPool]: Using duckdb connection "list_support"
[0m22:30:18.842172 [debug] [ThreadPool]: On list_support: /* {"app": "dbt", "dbt_version": "1.11.7", "profile_name": "customer_support_tickets", "target_name": "dev", "connection_name": "list_support"} */

    
    select schema_name
    from system.information_schema.schemata
    
    where lower(catalog_name) = '"support"'
    
  
  
[0m22:30:18.842534 [debug] [ThreadPool]: On list_support: /* {"app": "dbt", "dbt_version": "1.11.7", "profile_name": "customer_support_tickets", "target_name": "dev", "connection_name": "list_support"} */

    
    select schema_name
    from system.information_schema.schemata
    
    where lower(catalog_name) = '"support"'
    
  
  
[0m22:30:18.842874 [debug] [ThreadPool]: Opening a new connection, currently in state init
[0m22:30:18.843246 [debug] [ThreadPool]: Opening a new connection, currently in state init
[0m22:30:18.857823 [debug] [ThreadPool]: SQL status: OK in 0.015 seconds
[0m22:30:18.858306 [debug] [ThreadPool]: SQL status: OK in 0.015 seconds
[0m22:30:18.859657 [debug] [ThreadPool]: On list_support: Close
[0m22:30:18.860814 [debug] [ThreadPool]: On list_support: Close
[0m22:30:18.861834 [debug] [ThreadPool]: Re-using an available connection from the pool (formerly list_support, now create_support_main_staging)
[0m22:30:18.862213 [debug] [ThreadPool]: Re-using an available connection from the pool (formerly list_support, now create_support_main_marts)
[0m22:30:18.862678 [debug] [ThreadPool]: Creating schema "database: "support"
schema: "main_staging"
"
[0m22:30:18.863177 [debug] [ThreadPool]: Creating schema "database: "support"
schema: "main_marts"
"
[0m22:30:18.869857 [debug] [ThreadPool]: Using duckdb connection "create_support_main_staging"
[0m22:30:18.872232 [debug] [ThreadPool]: Using duckdb connection "create_support_main_marts"
[0m22:30:18.872643 [debug] [ThreadPool]: On create_support_main_staging: /* {"app": "dbt", "dbt_version": "1.11.7", "profile_name": "customer_support_tickets", "target_name": "dev", "connection_name": "create_support_main_staging"} */

    
        select type from duckdb_databases()
        where lower(database_name)='support'
        and type='sqlite'
    
  
[0m22:30:18.873074 [debug] [ThreadPool]: On create_support_main_marts: /* {"app": "dbt", "dbt_version": "1.11.7", "profile_name": "customer_support_tickets", "target_name": "dev", "connection_name": "create_support_main_marts"} */

    
        select type from duckdb_databases()
        where lower(database_name)='support'
        and type='sqlite'
    
  
[0m22:30:18.873452 [debug] [ThreadPool]: Opening a new connection, currently in state closed
[0m22:30:18.873781 [debug] [ThreadPool]: Opening a new connection, currently in state closed
[0m22:30:18.875263 [debug] [ThreadPool]: SQL status: OK in 0.001 seconds
[0m22:30:18.875627 [debug] [ThreadPool]: SQL status: OK in 0.002 seconds
[0m22:30:18.877016 [debug] [ThreadPool]: Using duckdb connection "create_support_main_staging"
[0m22:30:18.878056 [debug] [ThreadPool]: Using duckdb connection "create_support_main_marts"
[0m22:30:18.878354 [debug] [ThreadPool]: On create_support_main_staging: BEGIN
[0m22:30:18.878682 [debug] [ThreadPool]: On create_support_main_marts: BEGIN
[0m22:30:18.879384 [debug] [ThreadPool]: SQL status: OK in 0.000 seconds
[0m22:30:18.879664 [debug] [ThreadPool]: SQL status: OK in 0.001 seconds
[0m22:30:18.879972 [debug] [ThreadPool]: Using duckdb connection "create_support_main_marts"
[0m22:30:18.880351 [debug] [ThreadPool]: Using duckdb connection "create_support_main_staging"
[0m22:30:18.880750 [debug] [ThreadPool]: On create_support_main_marts: /* {"app": "dbt", "dbt_version": "1.11.7", "profile_name": "customer_support_tickets", "target_name": "dev", "connection_name": "create_support_main_marts"} */

    
    
        create schema if not exists "support"."main_marts"
    
[0m22:30:18.881092 [debug] [ThreadPool]: On create_support_main_staging: /* {"app": "dbt", "dbt_version": "1.11.7", "profile_name": "customer_support_tickets", "target_name": "dev", "connection_name": "create_support_main_staging"} */

    
    
        create schema if not exists "support"."main_staging"
    
[0m22:30:18.881830 [debug] [ThreadPool]: SQL status: OK in 0.000 seconds
[0m22:30:18.882199 [debug] [ThreadPool]: SQL status: OK in 0.001 seconds
[0m22:30:18.882954 [debug] [ThreadPool]: On create_support_main_staging: COMMIT
[0m22:30:18.883748 [debug] [ThreadPool]: On create_support_main_marts: COMMIT
[0m22:30:18.884086 [debug] [ThreadPool]: Using duckdb connection "create_support_main_staging"
[0m22:30:18.884483 [debug] [ThreadPool]: Using duckdb connection "create_support_main_marts"
[0m22:30:18.884821 [debug] [ThreadPool]: On create_support_main_staging: COMMIT
[0m22:30:18.885227 [debug] [ThreadPool]: On create_support_main_marts: COMMIT
[0m22:30:18.885873 [debug] [ThreadPool]: SQL status: OK in 0.000 seconds
[0m22:30:18.886180 [debug] [ThreadPool]: SQL status: OK in 0.000 seconds
[0m22:30:18.886510 [debug] [ThreadPool]: On create_support_main_staging: Close
[0m22:30:18.886899 [debug] [ThreadPool]: On create_support_main_marts: Close
[0m22:30:18.889552 [debug] [ThreadPool]: Re-using an available connection from the pool (formerly create_support_main_marts, now list_support_main_staging)
[0m22:30:18.890149 [debug] [ThreadPool]: Re-using an available connection from the pool (formerly create_support_main_staging, now list_support_main_marts)
[0m22:30:18.895824 [debug] [ThreadPool]: Acquiring new duckdb connection 'list_support_main'
[0m22:30:18.896139 [debug] [ThreadPool]: Using duckdb connection "list_support_main_staging"
[0m22:30:18.898285 [debug] [ThreadPool]: Using duckdb connection "list_support_main_marts"
[0m22:30:18.900137 [debug] [ThreadPool]: Using duckdb connection "list_support_main"
[0m22:30:18.900492 [debug] [ThreadPool]: On list_support_main_staging: BEGIN
[0m22:30:18.900921 [debug] [ThreadPool]: On list_support_main_marts: BEGIN
[0m22:30:18.901353 [debug] [ThreadPool]: On list_support_main: BEGIN
[0m22:30:18.901706 [debug] [ThreadPool]: Opening a new connection, currently in state closed
[0m22:30:18.902049 [debug] [ThreadPool]: Opening a new connection, currently in state closed
[0m22:30:18.902416 [debug] [ThreadPool]: Opening a new connection, currently in state init
[0m22:30:18.903625 [debug] [ThreadPool]: SQL status: OK in 0.001 seconds
[0m22:30:18.904025 [debug] [ThreadPool]: SQL status: OK in 0.002 seconds
[0m22:30:18.905312 [debug] [ThreadPool]: Using duckdb connection "list_support_main_staging"
[0m22:30:18.905690 [debug] [ThreadPool]: On list_support_main_staging: /* {"app": "dbt", "dbt_version": "1.11.7", "profile_name": "customer_support_tickets", "target_name": "dev", "connection_name": "list_support_main_staging"} */
select
      'support' as database,
      table_name as name,
      table_schema as schema,
      CASE table_type
        WHEN 'BASE TABLE' THEN 'table'
        WHEN 'VIEW' THEN 'view'
        WHEN 'LOCAL TEMPORARY' THEN 'table'
        END as type
    from system.information_schema.tables
    where lower(table_schema) = 'main_staging'
    and lower(table_catalog) = 'support'
  
[0m22:30:18.904888 [debug] [ThreadPool]: SQL status: OK in 0.003 seconds
[0m22:30:18.904422 [debug] [ThreadPool]: Using duckdb connection "list_support_main"
[0m22:30:18.907279 [debug] [ThreadPool]: On list_support_main: /* {"app": "dbt", "dbt_version": "1.11.7", "profile_name": "customer_support_tickets", "target_name": "dev", "connection_name": "list_support_main"} */
select
      'support' as database,
      table_name as name,
      table_schema as schema,
      CASE table_type
        WHEN 'BASE TABLE' THEN 'table'
        WHEN 'VIEW' THEN 'view'
        WHEN 'LOCAL TEMPORARY' THEN 'table'
        END as type
    from system.information_schema.tables
    where lower(table_schema) = 'main'
    and lower(table_catalog) = 'support'
  
[0m22:30:18.906808 [debug] [ThreadPool]: Using duckdb connection "list_support_main_marts"
[0m22:30:18.909332 [debug] [ThreadPool]: On list_support_main_marts: /* {"app": "dbt", "dbt_version": "1.11.7", "profile_name": "customer_support_tickets", "target_name": "dev", "connection_name": "list_support_main_marts"} */
select
      'support' as database,
      table_name as name,
      table_schema as schema,
      CASE table_type
        WHEN 'BASE TABLE' THEN 'table'
        WHEN 'VIEW' THEN 'view'
        WHEN 'LOCAL TEMPORARY' THEN 'table'
        END as type
    from system.information_schema.tables
    where lower(table_schema) = 'main_marts'
    and lower(table_catalog) = 'support'
  
[0m22:30:18.912549 [debug] [ThreadPool]: SQL status: OK in 0.005 seconds
[0m22:30:18.913977 [debug] [ThreadPool]: On list_support_main: ROLLBACK
[0m22:30:18.914386 [debug] [ThreadPool]: SQL status: OK in 0.005 seconds
[0m22:30:18.914816 [debug] [ThreadPool]: SQL status: OK in 0.009 seconds
[0m22:30:18.915451 [debug] [ThreadPool]: Failed to rollback 'list_support_main'
[0m22:30:18.916563 [debug] [ThreadPool]: On list_support_main_marts: ROLLBACK
[0m22:30:18.917843 [debug] [ThreadPool]: On list_support_main_staging: ROLLBACK
[0m22:30:18.918147 [debug] [ThreadPool]: On list_support_main: Close
[0m22:30:18.918639 [debug] [ThreadPool]: Failed to rollback 'list_support_main_marts'
[0m22:30:18.919105 [debug] [ThreadPool]: Failed to rollback 'list_support_main_staging'
[0m22:30:18.919935 [debug] [ThreadPool]: On list_support_main_marts: Close
[0m22:30:18.920612 [debug] [ThreadPool]: On list_support_main_staging: Close
[0m22:30:18.924057 [debug] [MainThread]: Sending event: {'category': 'dbt', 'action': 'runnable_timing', 'label': '59509897-0b8c-4a08-8a1d-9485937d4896', 'context': [<snowplow_tracker.self_describing_json.SelfDescribingJson object at 0x78618bf28b50>]}
[0m22:30:18.924744 [debug] [MainThread]: Using duckdb connection "master"
[0m22:30:18.925302 [debug] [MainThread]: On master: BEGIN
[0m22:30:18.925648 [debug] [MainThread]: Opening a new connection, currently in state init
[0m22:30:18.926344 [debug] [MainThread]: SQL status: OK in 0.001 seconds
[0m22:30:18.926651 [debug] [MainThread]: On master: COMMIT
[0m22:30:18.926963 [debug] [MainThread]: Using duckdb connection "master"
[0m22:30:18.927285 [debug] [MainThread]: On master: COMMIT
[0m22:30:18.927796 [debug] [MainThread]: SQL status: OK in 0.000 seconds
[0m22:30:18.928096 [debug] [MainThread]: On master: Close
[0m22:30:18.981779 [debug] [Thread-1 (]: Began running node model.customer_support_tickets.stg_tickets
[0m22:30:18.982285 [debug] [Thread-2 (]: Began running node model.customer_support_tickets.stg_users
[0m22:30:18.982956 [info ] [Thread-1 (]: 1 of 15 START sql view model main_staging.stg_tickets .......................... [RUN]
[0m22:30:18.983747 [info ] [Thread-2 (]: 2 of 15 START sql view model main_staging.stg_users ............................ [RUN]
[0m22:30:18.984634 [debug] [Thread-1 (]: Re-using an available connection from the pool (formerly list_support_main_staging, now model.customer_support_tickets.stg_tickets)
[0m22:30:18.985305 [debug] [Thread-2 (]: Re-using an available connection from the pool (formerly list_support_main_marts, now model.customer_support_tickets.stg_users)
[0m22:30:18.985805 [debug] [Thread-1 (]: Began compiling node model.customer_support_tickets.stg_tickets
[0m22:30:18.986315 [debug] [Thread-2 (]: Began compiling node model.customer_support_tickets.stg_users
[0m22:30:18.998893 [debug] [Thread-1 (]: Writing injected SQL for node "model.customer_support_tickets.stg_tickets"
[0m22:30:19.003226 [debug] [Thread-2 (]: Writing injected SQL for node "model.customer_support_tickets.stg_users"
[0m22:30:19.004035 [debug] [Thread-1 (]: Began executing node model.customer_support_tickets.stg_tickets
[0m22:30:19.004855 [debug] [Thread-2 (]: Began executing node model.customer_support_tickets.stg_users
[0m22:30:19.039327 [debug] [Thread-2 (]: Writing runtime sql for node "model.customer_support_tickets.stg_users"
[0m22:30:19.041990 [debug] [Thread-1 (]: Writing runtime sql for node "model.customer_support_tickets.stg_tickets"
[0m22:30:19.043198 [debug] [Thread-2 (]: Using duckdb connection "model.customer_support_tickets.stg_users"
[0m22:30:19.043583 [debug] [Thread-1 (]: Using duckdb connection "model.customer_support_tickets.stg_tickets"
[0m22:30:19.044002 [debug] [Thread-2 (]: On model.customer_support_tickets.stg_users: BEGIN
[0m22:30:19.044448 [debug] [Thread-1 (]: On model.customer_support_tickets.stg_tickets: BEGIN
[0m22:30:19.044857 [debug] [Thread-2 (]: Opening a new connection, currently in state closed
[0m22:30:19.045264 [debug] [Thread-1 (]: Opening a new connection, currently in state closed
[0m22:30:19.046324 [debug] [Thread-1 (]: SQL status: OK in 0.001 seconds
[0m22:30:19.046656 [debug] [Thread-2 (]: SQL status: OK in 0.002 seconds
[0m22:30:19.047048 [debug] [Thread-1 (]: Using duckdb connection "model.customer_support_tickets.stg_tickets"
[0m22:30:19.047506 [debug] [Thread-2 (]: Using duckdb connection "model.customer_support_tickets.stg_users"
[0m22:30:19.048053 [debug] [Thread-1 (]: On model.customer_support_tickets.stg_tickets: /* {"app": "dbt", "dbt_version": "1.11.7", "profile_name": "customer_support_tickets", "target_name": "dev", "node_id": "model.customer_support_tickets.stg_tickets"} */

  
  create view "support"."main_staging"."stg_tickets__dbt_tmp" as (
    

with source as (
    select * from "support"."raw"."customer_support_tickets"
),

cleaned as (
    select
        -- La clave subrogada va ACÁ adentro del select
        md5(cast(coalesce(cast("Customer Name" as TEXT), '_dbt_utils_surrogate_key_null_') || '-' || coalesce(cast("Customer Email" as TEXT), '_dbt_utils_surrogate_key_null_') as TEXT)) as customer_id,
        cast("Ticket ID"           as varchar)  as ticket_id,
        lower(trim("Customer Name"))            as customer_name,
        cast("Customer Age"        as integer)  as customer_age,
        lower(trim("Customer Gender"))          as customer_gender,
        lower(trim("Product Purchased"))        as product_purchased,
        cast("Date of Purchase"    as date)     as purchase_date,
        lower(trim("Ticket Type"))              as ticket_type,
        lower(trim("Ticket Subject"))           as ticket_subject,
        lower(trim("Ticket Status"))            as ticket_status,
        lower(trim("Ticket Priority"))          as ticket_priority,
        lower(trim("Ticket Channel"))           as ticket_channel,
        epoch(cast("First Response Time" as timestamp)) / 3600.0  as first_response_hrs,
        epoch(cast("Time to Resolution"  as timestamp)) / 3600.0  as resolution_hrs,
        cast("Customer Satisfaction Rating" as double) as satisfaction_rating,
        _ingested_at
    from source
)

select * from cleaned
  );

[0m22:30:19.048563 [debug] [Thread-2 (]: On model.customer_support_tickets.stg_users: /* {"app": "dbt", "dbt_version": "1.11.7", "profile_name": "customer_support_tickets", "target_name": "dev", "node_id": "model.customer_support_tickets.stg_users"} */

  
  create view "support"."main_staging"."stg_users__dbt_tmp" as (
    

with source as (
    select * from "support"."raw"."customer_support_tickets"
)

select
    distinct
    md5(cast(coalesce(cast("Customer Name" as TEXT), '_dbt_utils_surrogate_key_null_') || '-' || coalesce(cast("Customer Email" as TEXT), '_dbt_utils_surrogate_key_null_') as TEXT)) as user_id,
    "Customer Name" as name,
    "Customer Email" as email
from "support"."raw"."customer_support_tickets"
  );

[0m22:30:19.050107 [debug] [Thread-2 (]: SQL status: OK in 0.001 seconds
[0m22:30:19.056154 [debug] [Thread-1 (]: SQL status: OK in 0.007 seconds
[0m22:30:19.064919 [debug] [Thread-2 (]: Using duckdb connection "model.customer_support_tickets.stg_users"
[0m22:30:19.065495 [debug] [Thread-2 (]: On model.customer_support_tickets.stg_users: /* {"app": "dbt", "dbt_version": "1.11.7", "profile_name": "customer_support_tickets", "target_name": "dev", "node_id": "model.customer_support_tickets.stg_users"} */
alter view "support"."main_staging"."stg_users" rename to "stg_users__dbt_backup"
[0m22:30:19.062950 [debug] [Thread-1 (]: Using duckdb connection "model.customer_support_tickets.stg_tickets"
[0m22:30:19.066414 [debug] [Thread-1 (]: On model.customer_support_tickets.stg_tickets: /* {"app": "dbt", "dbt_version": "1.11.7", "profile_name": "customer_support_tickets", "target_name": "dev", "node_id": "model.customer_support_tickets.stg_tickets"} */
alter view "support"."main_staging"."stg_tickets" rename to "stg_tickets__dbt_backup"
[0m22:30:19.067482 [debug] [Thread-1 (]: SQL status: OK in 0.001 seconds
[0m22:30:19.071130 [debug] [Thread-1 (]: Using duckdb connection "model.customer_support_tickets.stg_tickets"
[0m22:30:19.071612 [debug] [Thread-1 (]: On model.customer_support_tickets.stg_tickets: /* {"app": "dbt", "dbt_version": "1.11.7", "profile_name": "customer_support_tickets", "target_name": "dev", "node_id": "model.customer_support_tickets.stg_tickets"} */
alter view "support"."main_staging"."stg_tickets__dbt_tmp" rename to "stg_tickets"
[0m22:30:19.074318 [debug] [Thread-2 (]: SQL status: OK in 0.006 seconds
[0m22:30:19.077692 [debug] [Thread-2 (]: Using duckdb connection "model.customer_support_tickets.stg_users"
[0m22:30:19.078165 [debug] [Thread-2 (]: On model.customer_support_tickets.stg_users: /* {"app": "dbt", "dbt_version": "1.11.7", "profile_name": "customer_support_tickets", "target_name": "dev", "node_id": "model.customer_support_tickets.stg_users"} */
alter view "support"."main_staging"."stg_users__dbt_tmp" rename to "stg_users"
[0m22:30:19.078490 [debug] [Thread-1 (]: SQL status: OK in 0.004 seconds
[0m22:30:19.089531 [debug] [Thread-2 (]: SQL status: OK in 0.011 seconds
[0m22:30:19.092210 [debug] [Thread-1 (]: On model.customer_support_tickets.stg_tickets: COMMIT
[0m22:30:19.093749 [debug] [Thread-2 (]: On model.customer_support_tickets.stg_users: COMMIT
[0m22:30:19.094271 [debug] [Thread-1 (]: Using duckdb connection "model.customer_support_tickets.stg_tickets"
[0m22:30:19.094726 [debug] [Thread-2 (]: Using duckdb connection "model.customer_support_tickets.stg_users"
[0m22:30:19.095192 [debug] [Thread-1 (]: On model.customer_support_tickets.stg_tickets: COMMIT
[0m22:30:19.095613 [debug] [Thread-2 (]: On model.customer_support_tickets.stg_users: COMMIT
[0m22:30:19.099449 [debug] [Thread-1 (]: SQL status: OK in 0.003 seconds
[0m22:30:19.106543 [debug] [Thread-1 (]: Using duckdb connection "model.customer_support_tickets.stg_tickets"
[0m22:30:19.107041 [debug] [Thread-1 (]: On model.customer_support_tickets.stg_tickets: /* {"app": "dbt", "dbt_version": "1.11.7", "profile_name": "customer_support_tickets", "target_name": "dev", "node_id": "model.customer_support_tickets.stg_tickets"} */

      drop view if exists "support"."main_staging"."stg_tickets__dbt_backup" cascade
    
[0m22:30:19.107536 [debug] [Thread-2 (]: SQL status: OK in 0.011 seconds
[0m22:30:19.110489 [debug] [Thread-2 (]: Using duckdb connection "model.customer_support_tickets.stg_users"
[0m22:30:19.110920 [debug] [Thread-2 (]: On model.customer_support_tickets.stg_users: /* {"app": "dbt", "dbt_version": "1.11.7", "profile_name": "customer_support_tickets", "target_name": "dev", "node_id": "model.customer_support_tickets.stg_users"} */

      drop view if exists "support"."main_staging"."stg_users__dbt_backup" cascade
    
[0m22:30:19.112487 [debug] [Thread-1 (]: SQL status: OK in 0.005 seconds
[0m22:30:19.115263 [debug] [Thread-1 (]: On model.customer_support_tickets.stg_tickets: Close
[0m22:30:19.115698 [debug] [Thread-2 (]: SQL status: OK in 0.004 seconds
[0m22:30:19.118382 [debug] [Thread-2 (]: On model.customer_support_tickets.stg_users: Close
[0m22:30:19.119242 [debug] [Thread-1 (]: Sending event: {'category': 'dbt', 'action': 'run_model', 'label': '59509897-0b8c-4a08-8a1d-9485937d4896', 'context': [<snowplow_tracker.self_describing_json.SelfDescribingJson object at 0x78618a0cc490>]}
[0m22:30:19.119542 [debug] [Thread-2 (]: Sending event: {'category': 'dbt', 'action': 'run_model', 'label': '59509897-0b8c-4a08-8a1d-9485937d4896', 'context': [<snowplow_tracker.self_describing_json.SelfDescribingJson object at 0x78618b322c90>]}
[0m22:30:19.120251 [info ] [Thread-1 (]: 1 of 15 OK created sql view model main_staging.stg_tickets ..................... [[32mOK[0m in 0.13s]
[0m22:30:19.121186 [info ] [Thread-2 (]: 2 of 15 OK created sql view model main_staging.stg_users ....................... [[32mOK[0m in 0.13s]
[0m22:30:19.122028 [debug] [Thread-1 (]: Finished running node model.customer_support_tickets.stg_tickets
[0m22:30:19.122615 [debug] [Thread-2 (]: Finished running node model.customer_support_tickets.stg_users
[0m22:30:19.123778 [debug] [Thread-4 (]: Began running node model.customer_support_tickets.dim_agents
[0m22:30:19.124280 [info ] [Thread-4 (]: 3 of 15 START sql table model main_marts.dim_agents ............................ [RUN]
[0m22:30:19.124957 [debug] [Thread-3 (]: Began running node model.customer_support_tickets.dim_customers
[0m22:30:19.125594 [debug] [Thread-4 (]: Acquiring new duckdb connection 'model.customer_support_tickets.dim_agents'
[0m22:30:19.126003 [debug] [Thread-1 (]: Began running node model.customer_support_tickets.dim_date
[0m22:30:19.126458 [debug] [Thread-2 (]: Began running node model.customer_support_tickets.dim_products
[0m22:30:19.127087 [info ] [Thread-3 (]: 4 of 15 START sql table model main_marts.dim_customers ......................... [RUN]
[0m22:30:19.129489 [info ] [Thread-2 (]: 6 of 15 START sql table model main_marts.dim_products .......................... [RUN]
[0m22:30:19.131185 [debug] [Thread-2 (]: Re-using an available connection from the pool (formerly model.customer_support_tickets.stg_users, now model.customer_support_tickets.dim_products)
[0m22:30:19.127885 [debug] [Thread-4 (]: Began compiling node model.customer_support_tickets.dim_agents
[0m22:30:19.130500 [debug] [Thread-3 (]: Re-using an available connection from the pool (formerly list_support_main, now model.customer_support_tickets.dim_customers)
[0m22:30:19.128657 [info ] [Thread-1 (]: 5 of 15 START sql table model main_marts.dim_date .............................. [RUN]
[0m22:30:19.131762 [debug] [Thread-2 (]: Began compiling node model.customer_support_tickets.dim_products
[0m22:30:19.136372 [debug] [Thread-4 (]: Writing injected SQL for node "model.customer_support_tickets.dim_agents"
[0m22:30:19.136849 [debug] [Thread-3 (]: Began compiling node model.customer_support_tickets.dim_customers
[0m22:30:19.137340 [debug] [Thread-1 (]: Re-using an available connection from the pool (formerly model.customer_support_tickets.stg_tickets, now model.customer_support_tickets.dim_date)
[0m22:30:19.140446 [debug] [Thread-2 (]: Writing injected SQL for node "model.customer_support_tickets.dim_products"
[0m22:30:19.143826 [debug] [Thread-3 (]: Writing injected SQL for node "model.customer_support_tickets.dim_customers"
[0m22:30:19.144217 [debug] [Thread-4 (]: Began executing node model.customer_support_tickets.dim_agents
[0m22:30:19.144660 [debug] [Thread-1 (]: Began compiling node model.customer_support_tickets.dim_date
[0m22:30:19.145528 [debug] [Thread-2 (]: Began executing node model.customer_support_tickets.dim_products
[0m22:30:19.145830 [debug] [Thread-3 (]: Began executing node model.customer_support_tickets.dim_customers
[0m22:30:19.164236 [debug] [Thread-4 (]: Writing runtime sql for node "model.customer_support_tickets.dim_agents"
[0m22:30:19.172467 [debug] [Thread-1 (]: Writing injected SQL for node "model.customer_support_tickets.dim_date"
[0m22:30:19.175682 [debug] [Thread-2 (]: Writing runtime sql for node "model.customer_support_tickets.dim_products"
[0m22:30:19.178842 [debug] [Thread-3 (]: Writing runtime sql for node "model.customer_support_tickets.dim_customers"
[0m22:30:19.179827 [debug] [Thread-4 (]: Using duckdb connection "model.customer_support_tickets.dim_agents"
[0m22:30:19.180641 [debug] [Thread-2 (]: Using duckdb connection "model.customer_support_tickets.dim_products"
[0m22:30:19.181050 [debug] [Thread-1 (]: Began executing node model.customer_support_tickets.dim_date
[0m22:30:19.181770 [debug] [Thread-4 (]: On model.customer_support_tickets.dim_agents: BEGIN
[0m22:30:19.182147 [debug] [Thread-3 (]: Using duckdb connection "model.customer_support_tickets.dim_customers"
[0m22:30:19.182549 [debug] [Thread-2 (]: On model.customer_support_tickets.dim_products: BEGIN
[0m22:30:19.185718 [debug] [Thread-1 (]: Writing runtime sql for node "model.customer_support_tickets.dim_date"
[0m22:30:19.186197 [debug] [Thread-4 (]: Opening a new connection, currently in state init
[0m22:30:19.186613 [debug] [Thread-3 (]: On model.customer_support_tickets.dim_customers: BEGIN
[0m22:30:19.187015 [debug] [Thread-2 (]: Opening a new connection, currently in state closed
[0m22:30:19.187714 [debug] [Thread-1 (]: Using duckdb connection "model.customer_support_tickets.dim_date"
[0m22:30:19.188370 [debug] [Thread-3 (]: Opening a new connection, currently in state closed
[0m22:30:19.188857 [debug] [Thread-4 (]: SQL status: OK in 0.003 seconds
[0m22:30:19.189460 [debug] [Thread-1 (]: On model.customer_support_tickets.dim_date: BEGIN
[0m22:30:19.190103 [debug] [Thread-2 (]: SQL status: OK in 0.003 seconds
[0m22:30:19.190485 [debug] [Thread-3 (]: SQL status: OK in 0.002 seconds
[0m22:30:19.190876 [debug] [Thread-4 (]: Using duckdb connection "model.customer_support_tickets.dim_agents"
[0m22:30:19.191283 [debug] [Thread-1 (]: Opening a new connection, currently in state closed
[0m22:30:19.191685 [debug] [Thread-2 (]: Using duckdb connection "model.customer_support_tickets.dim_products"
[0m22:30:19.192084 [debug] [Thread-3 (]: Using duckdb connection "model.customer_support_tickets.dim_customers"
[0m22:30:19.192524 [debug] [Thread-4 (]: On model.customer_support_tickets.dim_agents: /* {"app": "dbt", "dbt_version": "1.11.7", "profile_name": "customer_support_tickets", "target_name": "dev", "node_id": "model.customer_support_tickets.dim_agents"} */

  
    
    

    create  table
      "support"."main_marts"."dim_agents__dbt_tmp"
  
    as (
      

with source as (

    select * from "support"."main_staging"."stg_tickets"

),

dim_agents as (

    select distinct
        agent as agent_id,
        agent_team,
        agent_role

    from source
    where agent is not null

)

select * from dim_agents
    );
  
  
[0m22:30:19.193220 [debug] [Thread-2 (]: On model.customer_support_tickets.dim_products: /* {"app": "dbt", "dbt_version": "1.11.7", "profile_name": "customer_support_tickets", "target_name": "dev", "node_id": "model.customer_support_tickets.dim_products"} */

  
    
    

    create  table
      "support"."main_marts"."dim_products__dbt_tmp"
  
    as (
      

with source as (

    select * from "support"."main_staging"."stg_tickets"

),

dim_products as (

    select distinct
        product_id,
        product_name,
        purchase_date

    from source
    where product_id is not null

)

select * from dim_products
    );
  
  
[0m22:30:19.193645 [debug] [Thread-1 (]: SQL status: OK in 0.002 seconds
[0m22:30:19.194275 [debug] [Thread-3 (]: On model.customer_support_tickets.dim_customers: /* {"app": "dbt", "dbt_version": "1.11.7", "profile_name": "customer_support_tickets", "target_name": "dev", "node_id": "model.customer_support_tickets.dim_customers"} */

  
    
    

    create  table
      "support"."main_marts"."dim_customers__dbt_tmp"
  
    as (
      

with source as (

    select * from "support"."main_staging"."stg_tickets"

),

dim_customers as (

    select distinct
        customer_id,
        customer_name,
        customer_email,
        customer_age,
        gender as customer_gender

    from source
    where customer_id is not null

)

select * from dim_customers
    );
  
  
[0m22:30:19.196652 [debug] [Thread-2 (]: DuckDB adapter: duckdb error: Binder Error: Referenced column "product_id" not found in FROM clause!
Candidate bindings: "product_purchased", "ticket_id", "customer_id", "purchase_date", "customer_gender"

LINE 27:     where product_id is not null
                   ^
[0m22:30:19.198210 [debug] [Thread-2 (]: DuckDB adapter: Error running SQL: /* {"app": "dbt", "dbt_version": "1.11.7", "profile_name": "customer_support_tickets", "target_name": "dev", "node_id": "model.customer_support_tickets.dim_products"} */

  
    
    

    create  table
      "support"."main_marts"."dim_products__dbt_tmp"
  
    as (
      

with source as (

    select * from "support"."main_staging"."stg_tickets"

),

dim_products as (

    select distinct
        product_id,
        product_name,
        purchase_date

    from source
    where product_id is not null

)

select * from dim_products
    );
  
  
[0m22:30:19.198743 [debug] [Thread-2 (]: DuckDB adapter: Rolling back transaction.
[0m22:30:19.199236 [debug] [Thread-2 (]: On model.customer_support_tickets.dim_products: ROLLBACK
[0m22:30:19.197501 [debug] [Thread-1 (]: Using duckdb connection "model.customer_support_tickets.dim_date"
[0m22:30:19.197036 [debug] [Thread-4 (]: DuckDB adapter: duckdb error: Binder Error: Referenced column "agent" not found in FROM clause!
Candidate bindings: "_ingested_at", "ticket_id", "purchase_date"

LINE 27:     where agent is not null
                   ^
[0m22:30:19.199983 [debug] [Thread-3 (]: DuckDB adapter: duckdb error: Binder Error: Referenced column "customer_email" not found in FROM clause!
Candidate bindings: "customer_name", "customer_id", "customer_age", "customer_gender", "resolution_hrs"

LINE 24:         customer_email,
                 ^
[0m22:30:19.201800 [debug] [Thread-3 (]: DuckDB adapter: Error running SQL: /* {"app": "dbt", "dbt_version": "1.11.7", "profile_name": "customer_support_tickets", "target_name": "dev", "node_id": "model.customer_support_tickets.dim_customers"} */

  
    
    

    create  table
      "support"."main_marts"."dim_customers__dbt_tmp"
  
    as (
      

with source as (

    select * from "support"."main_staging"."stg_tickets"

),

dim_customers as (

    select distinct
        customer_id,
        customer_name,
        customer_email,
        customer_age,
        gender as customer_gender

    from source
    where customer_id is not null

)

select * from dim_customers
    );
  
  
[0m22:30:19.201154 [debug] [Thread-4 (]: DuckDB adapter: Error running SQL: /* {"app": "dbt", "dbt_version": "1.11.7", "profile_name": "customer_support_tickets", "target_name": "dev", "node_id": "model.customer_support_tickets.dim_agents"} */

  
    
    

    create  table
      "support"."main_marts"."dim_agents__dbt_tmp"
  
    as (
      

with source as (

    select * from "support"."main_staging"."stg_tickets"

),

dim_agents as (

    select distinct
        agent as agent_id,
        agent_team,
        agent_role

    from source
    where agent is not null

)

select * from dim_agents
    );
  
  
[0m22:30:19.200550 [debug] [Thread-1 (]: On model.customer_support_tickets.dim_date: /* {"app": "dbt", "dbt_version": "1.11.7", "profile_name": "customer_support_tickets", "target_name": "dev", "node_id": "model.customer_support_tickets.dim_date"} */

  
    
    

    create  table
      "support"."main_marts"."dim_date__dbt_tmp"
  
    as (
      

with dates as (

    select
        created_at as full_date
    from "support"."main_staging"."stg_tickets"

    union

    select
        resolved_at
    from "support"."main_staging"."stg_tickets"

),

dim_date as (

    select distinct
        full_date,

        extract(year from full_date) as year,
        extract(month from full_date) as month,
        extract(day from full_date) as day,
        extract(dow from full_date) as day_of_week,
        extract(quarter from full_date) as quarter

    from dates
    where full_date is not null

)

select * from dim_date
    );
  
  
[0m22:30:19.202679 [debug] [Thread-2 (]: Failed to rollback 'model.customer_support_tickets.dim_products'
[0m22:30:19.203133 [debug] [Thread-3 (]: DuckDB adapter: Rolling back transaction.
[0m22:30:19.203577 [debug] [Thread-4 (]: DuckDB adapter: Rolling back transaction.
[0m22:30:19.205468 [debug] [Thread-2 (]: On model.customer_support_tickets.dim_products: Close
[0m22:30:19.205993 [debug] [Thread-1 (]: DuckDB adapter: duckdb error: Binder Error: Referenced column "created_at" not found in FROM clause!
Candidate bindings: "_ingested_at", "purchase_date", "ticket_id", "customer_gender", "customer_age"

LINE 16:         created_at as full_date
                 ^
[0m22:30:19.206509 [debug] [Thread-3 (]: On model.customer_support_tickets.dim_customers: ROLLBACK
[0m22:30:19.206930 [debug] [Thread-4 (]: On model.customer_support_tickets.dim_agents: ROLLBACK
[0m22:30:19.210619 [debug] [Thread-4 (]: Failed to rollback 'model.customer_support_tickets.dim_agents'
[0m22:30:19.211239 [debug] [Thread-4 (]: On model.customer_support_tickets.dim_agents: Close
[0m22:30:19.208430 [debug] [Thread-1 (]: DuckDB adapter: Error running SQL: /* {"app": "dbt", "dbt_version": "1.11.7", "profile_name": "customer_support_tickets", "target_name": "dev", "node_id": "model.customer_support_tickets.dim_date"} */

  
    
    

    create  table
      "support"."main_marts"."dim_date__dbt_tmp"
  
    as (
      

with dates as (

    select
        created_at as full_date
    from "support"."main_staging"."stg_tickets"

    union

    select
        resolved_at
    from "support"."main_staging"."stg_tickets"

),

dim_date as (

    select distinct
        full_date,

        extract(year from full_date) as year,
        extract(month from full_date) as month,
        extract(day from full_date) as day,
        extract(dow from full_date) as day_of_week,
        extract(quarter from full_date) as quarter

    from dates
    where full_date is not null

)

select * from dim_date
    );
  
  
[0m22:30:19.213735 [debug] [Thread-1 (]: DuckDB adapter: Rolling back transaction.
[0m22:30:19.209357 [debug] [Thread-3 (]: Failed to rollback 'model.customer_support_tickets.dim_customers'
[0m22:30:19.215054 [debug] [Thread-3 (]: On model.customer_support_tickets.dim_customers: Close
[0m22:30:19.214270 [debug] [Thread-1 (]: On model.customer_support_tickets.dim_date: ROLLBACK
[0m22:30:19.218205 [debug] [Thread-1 (]: Failed to rollback 'model.customer_support_tickets.dim_date'
[0m22:30:19.222056 [debug] [Thread-3 (]: Runtime Error in model dim_customers (models/marts/other/dim_customers.sql)
  Binder Error: Referenced column "customer_email" not found in FROM clause!
  Candidate bindings: "customer_name", "customer_id", "customer_age", "customer_gender", "resolution_hrs"
  
  LINE 24:         customer_email,
                   ^
[0m22:30:19.223832 [debug] [Thread-4 (]: Runtime Error in model dim_agents (models/marts/other/dim_agents.sql)
  Binder Error: Referenced column "agent" not found in FROM clause!
  Candidate bindings: "_ingested_at", "ticket_id", "purchase_date"
  
  LINE 27:     where agent is not null
                     ^
[0m22:30:19.228315 [debug] [Thread-4 (]: Sending event: {'category': 'dbt', 'action': 'run_model', 'label': '59509897-0b8c-4a08-8a1d-9485937d4896', 'context': [<snowplow_tracker.self_describing_json.SelfDescribingJson object at 0x78618a0a6f50>]}
[0m22:30:19.229210 [error] [Thread-4 (]: 3 of 15 ERROR creating sql table model main_marts.dim_agents ................... [[31mERROR[0m in 0.10s]
[0m22:30:19.224441 [debug] [Thread-1 (]: On model.customer_support_tickets.dim_date: Close
[0m22:30:19.226993 [debug] [Thread-2 (]: Runtime Error in model dim_products (models/marts/other/dim_products.sql)
  Binder Error: Referenced column "product_id" not found in FROM clause!
  Candidate bindings: "product_purchased", "ticket_id", "customer_id", "purchase_date", "customer_gender"
  
  LINE 27:     where product_id is not null
                     ^
[0m22:30:19.227617 [debug] [Thread-3 (]: Sending event: {'category': 'dbt', 'action': 'run_model', 'label': '59509897-0b8c-4a08-8a1d-9485937d4896', 'context': [<snowplow_tracker.self_describing_json.SelfDescribingJson object at 0x78618b507490>]}
[0m22:30:19.230135 [debug] [Thread-4 (]: Finished running node model.customer_support_tickets.dim_agents
[0m22:30:19.233501 [debug] [Thread-1 (]: Runtime Error in model dim_date (models/marts/other/dim_date.sql)
  Binder Error: Referenced column "created_at" not found in FROM clause!
  Candidate bindings: "_ingested_at", "purchase_date", "ticket_id", "customer_gender", "customer_age"
  
  LINE 16:         created_at as full_date
                   ^
[0m22:30:19.234142 [debug] [Thread-2 (]: Sending event: {'category': 'dbt', 'action': 'run_model', 'label': '59509897-0b8c-4a08-8a1d-9485937d4896', 'context': [<snowplow_tracker.self_describing_json.SelfDescribingJson object at 0x78618b6e0690>]}
[0m22:30:19.237625 [debug] [Thread-1 (]: Sending event: {'category': 'dbt', 'action': 'run_model', 'label': '59509897-0b8c-4a08-8a1d-9485937d4896', 'context': [<snowplow_tracker.self_describing_json.SelfDescribingJson object at 0x78618a1c31d0>]}
[0m22:30:19.235103 [error] [Thread-3 (]: 4 of 15 ERROR creating sql table model main_marts.dim_customers ................ [[31mERROR[0m in 0.10s]
[0m22:30:19.236939 [debug] [Thread-7 (]: Marking all children of 'model.customer_support_tickets.dim_agents' to be skipped because of status 'error'.  Reason: Runtime Error in model dim_agents (models/marts/other/dim_agents.sql)
  Binder Error: Referenced column "agent" not found in FROM clause!
  Candidate bindings: "_ingested_at", "ticket_id", "purchase_date"
  
  LINE 27:     where agent is not null
                     ^.
[0m22:30:19.235855 [debug] [Thread-4 (]: Began running node model.customer_support_tickets.fact_tickets
[0m22:30:19.238711 [error] [Thread-2 (]: 6 of 15 ERROR creating sql table model main_marts.dim_products ................. [[31mERROR[0m in 0.10s]
[0m22:30:19.243697 [debug] [Thread-2 (]: Finished running node model.customer_support_tickets.dim_products
[0m22:30:19.244371 [debug] [Thread-2 (]: Began running node model.customer_support_tickets.fct_business_performanceA
[0m22:30:19.242446 [info ] [Thread-4 (]: 7 of 15 START sql table model main_marts.fact_tickets .......................... [RUN]
[0m22:30:19.239670 [error] [Thread-1 (]: 5 of 15 ERROR creating sql table model main_marts.dim_date ..................... [[31mERROR[0m in 0.10s]
[0m22:30:19.240748 [debug] [Thread-3 (]: Finished running node model.customer_support_tickets.dim_customers
[0m22:30:19.245133 [debug] [Thread-7 (]: Marking all children of 'model.customer_support_tickets.dim_products' to be skipped because of status 'error'.  Reason: Runtime Error in model dim_products (models/marts/other/dim_products.sql)
  Binder Error: Referenced column "product_id" not found in FROM clause!
  Candidate bindings: "product_purchased", "ticket_id", "customer_id", "purchase_date", "customer_gender"
  
  LINE 27:     where product_id is not null
                     ^.
[0m22:30:19.246413 [debug] [Thread-4 (]: Re-using an available connection from the pool (formerly model.customer_support_tickets.dim_agents, now model.customer_support_tickets.fact_tickets)
[0m22:30:19.245780 [info ] [Thread-2 (]: 8 of 15 START sql table model main_marts.fct_business_performanceA ............. [RUN]
[0m22:30:19.247347 [debug] [Thread-1 (]: Finished running node model.customer_support_tickets.dim_date
[0m22:30:19.247800 [debug] [Thread-3 (]: Began running node model.customer_support_tickets.fct_business_performanceB
[0m22:30:19.248378 [debug] [Thread-7 (]: Marking all children of 'model.customer_support_tickets.dim_customers' to be skipped because of status 'error'.  Reason: Runtime Error in model dim_customers (models/marts/other/dim_customers.sql)
  Binder Error: Referenced column "customer_email" not found in FROM clause!
  Candidate bindings: "customer_name", "customer_id", "customer_age", "customer_gender", "resolution_hrs"
  
  LINE 24:         customer_email,
                   ^.
[0m22:30:19.251398 [debug] [Thread-7 (]: Marking all children of 'model.customer_support_tickets.dim_date' to be skipped because of status 'error'.  Reason: Runtime Error in model dim_date (models/marts/other/dim_date.sql)
  Binder Error: Referenced column "created_at" not found in FROM clause!
  Candidate bindings: "_ingested_at", "purchase_date", "ticket_id", "customer_gender", "customer_age"
  
  LINE 16:         created_at as full_date
                   ^.
[0m22:30:19.248805 [debug] [Thread-4 (]: Began compiling node model.customer_support_tickets.fact_tickets
[0m22:30:19.249857 [debug] [Thread-1 (]: Began running node model.customer_support_tickets.fct_tickets
[0m22:30:19.250563 [info ] [Thread-3 (]: 9 of 15 START sql table model main_marts.fct_business_performanceB ............. [RUN]
[0m22:30:19.249413 [debug] [Thread-2 (]: Re-using an available connection from the pool (formerly model.customer_support_tickets.dim_products, now model.customer_support_tickets.fct_business_performanceA)
[0m22:30:19.256097 [debug] [Thread-4 (]: Writing injected SQL for node "model.customer_support_tickets.fact_tickets"
[0m22:30:19.257290 [debug] [Thread-3 (]: Re-using an available connection from the pool (formerly model.customer_support_tickets.dim_customers, now model.customer_support_tickets.fct_business_performanceB)
[0m22:30:19.256647 [info ] [Thread-1 (]: 10 of 15 START sql table model main_marts.fct_tickets .......................... [RUN]
[0m22:30:19.259747 [debug] [Thread-1 (]: Re-using an available connection from the pool (formerly model.customer_support_tickets.dim_date, now model.customer_support_tickets.fct_tickets)
[0m22:30:19.260206 [debug] [Thread-1 (]: Began compiling node model.customer_support_tickets.fct_tickets
[0m22:30:19.257883 [debug] [Thread-2 (]: Began compiling node model.customer_support_tickets.fct_business_performanceA
[0m22:30:19.258739 [debug] [Thread-3 (]: Began compiling node model.customer_support_tickets.fct_business_performanceB
[0m22:30:19.259200 [debug] [Thread-4 (]: Began executing node model.customer_support_tickets.fact_tickets
[0m22:30:19.263874 [debug] [Thread-1 (]: Writing injected SQL for node "model.customer_support_tickets.fct_tickets"
[0m22:30:19.267035 [debug] [Thread-2 (]: Writing injected SQL for node "model.customer_support_tickets.fct_business_performanceA"
[0m22:30:19.270150 [debug] [Thread-3 (]: Writing injected SQL for node "model.customer_support_tickets.fct_business_performanceB"
[0m22:30:19.273540 [debug] [Thread-4 (]: Writing runtime sql for node "model.customer_support_tickets.fact_tickets"
[0m22:30:19.274623 [debug] [Thread-2 (]: Began executing node model.customer_support_tickets.fct_business_performanceA
[0m22:30:19.275244 [debug] [Thread-1 (]: Began executing node model.customer_support_tickets.fct_tickets
[0m22:30:19.283649 [debug] [Thread-1 (]: Writing runtime sql for node "model.customer_support_tickets.fct_tickets"
[0m22:30:19.284499 [debug] [Thread-2 (]: Writing runtime sql for node "model.customer_support_tickets.fct_business_performanceA"
[0m22:30:19.285166 [debug] [Thread-3 (]: Began executing node model.customer_support_tickets.fct_business_performanceB
[0m22:30:19.285557 [debug] [Thread-1 (]: Using duckdb connection "model.customer_support_tickets.fct_tickets"
[0m22:30:19.285984 [debug] [Thread-4 (]: Using duckdb connection "model.customer_support_tickets.fact_tickets"
[0m22:30:19.289339 [debug] [Thread-3 (]: Writing runtime sql for node "model.customer_support_tickets.fct_business_performanceB"
[0m22:30:19.289865 [debug] [Thread-1 (]: On model.customer_support_tickets.fct_tickets: BEGIN
[0m22:30:19.290344 [debug] [Thread-4 (]: On model.customer_support_tickets.fact_tickets: BEGIN
[0m22:30:19.290701 [debug] [Thread-2 (]: Using duckdb connection "model.customer_support_tickets.fct_business_performanceA"
[0m22:30:19.291315 [debug] [Thread-1 (]: Opening a new connection, currently in state closed
[0m22:30:19.291823 [debug] [Thread-4 (]: Opening a new connection, currently in state closed
[0m22:30:19.292194 [debug] [Thread-3 (]: Using duckdb connection "model.customer_support_tickets.fct_business_performanceB"
[0m22:30:19.292589 [debug] [Thread-2 (]: On model.customer_support_tickets.fct_business_performanceA: BEGIN
[0m22:30:19.293668 [debug] [Thread-3 (]: On model.customer_support_tickets.fct_business_performanceB: BEGIN
[0m22:30:19.294088 [debug] [Thread-1 (]: SQL status: OK in 0.003 seconds
[0m22:30:19.294478 [debug] [Thread-4 (]: SQL status: OK in 0.003 seconds
[0m22:30:19.294847 [debug] [Thread-2 (]: Opening a new connection, currently in state closed
[0m22:30:19.295267 [debug] [Thread-3 (]: Opening a new connection, currently in state closed
[0m22:30:19.295656 [debug] [Thread-1 (]: Using duckdb connection "model.customer_support_tickets.fct_tickets"
[0m22:30:19.296066 [debug] [Thread-4 (]: Using duckdb connection "model.customer_support_tickets.fact_tickets"
[0m22:30:19.296999 [debug] [Thread-1 (]: On model.customer_support_tickets.fct_tickets: /* {"app": "dbt", "dbt_version": "1.11.7", "profile_name": "customer_support_tickets", "target_name": "dev", "node_id": "model.customer_support_tickets.fct_tickets"} */

  
    
    

    create  table
      "support"."main_marts"."fct_tickets__dbt_tmp"
  
    as (
      SELECT
    ticket_id,
    user_id,
    created_at,
    closed_at,
    status,
    -- KPI: TTR (Time to Resolution)
    timestamp_diff(closed_at, created_at, MINUTE) as ttr_minutes,
    -- KPI: FIRST RESPONSE TIME
    timestamp_diff(first_interaction_at, created_at, MINUTE) as frt_minutes
FROM "support"."main_staging"."stg_tickets"
-- EFECTIVIZA KPI: Eficiencia operativa. 
-- Si el TTR sube, necesitás más personal o mejor automatización.
    );
  
  
[0m22:30:19.297425 [debug] [Thread-3 (]: SQL status: OK in 0.002 seconds
[0m22:30:19.298805 [debug] [Thread-3 (]: Using duckdb connection "model.customer_support_tickets.fct_business_performanceB"
[0m22:30:19.299340 [debug] [Thread-3 (]: On model.customer_support_tickets.fct_business_performanceB: /* {"app": "dbt", "dbt_version": "1.11.7", "profile_name": "customer_support_tickets", "target_name": "dev", "node_id": "model.customer_support_tickets.fct_business_performanceB"} */

  
    
    

    create  table
      "support"."main_marts"."fct_business_performanceB__dbt_tmp"
  
    as (
      

WITH metrics AS (
    SELECT 
        *,
        -- KPI: Ticket Resolution Time (TRT)
        EXTRACT(EPOCH FROM (closed_at - created_at))/3600 as trt_hours,
        -- KPI: ROI (Rentabilidad)
        (revenue - cac) / NULLIF(cac, 0) as roi
    FROM "support"."main_staging"."stg_tickets"
)
SELECT 
    category,
    AVG(trt_hours) as avg_resolution_time,
    AVG(cac) as avg_cac,
    AVG(roi) as avg_roi,
    AVG(nps_score) as nps_index,
    COUNT(ticket_id) as total_tickets
FROM metrics
GROUP BY 1
    );
  
  
[0m22:30:19.297817 [debug] [Thread-2 (]: SQL status: OK in 0.003 seconds
[0m22:30:19.298164 [debug] [Thread-4 (]: On model.customer_support_tickets.fact_tickets: /* {"app": "dbt", "dbt_version": "1.11.7", "profile_name": "customer_support_tickets", "target_name": "dev", "node_id": "model.customer_support_tickets.fact_tickets"} */

  
    
    

    create  table
      "support"."main_marts"."fact_tickets__dbt_tmp"
  
    as (
      

with source as (

    select * from "support"."main_staging"."stg_tickets"

),

fact as (

    select
        ticket_id,

        customer_id,
        agent as agent_id,
        product_id,

        created_at,
        resolved_at,

        first_response_time,
        time_to_resolution,
        customer_satisfaction_rating,
        status,
        priority

    from source

)

select * from fact
    );
  
  
[0m22:30:19.302036 [debug] [Thread-3 (]: DuckDB adapter: duckdb error: Binder Error: Referenced column "closed_at" not found in FROM clause!
Candidate bindings: "purchase_date", "customer_age", "ticket_id", "customer_name", "customer_id"

LINE 17:         EXTRACT(EPOCH FROM (closed_at - created_at))/3600 as trt_hours,
                                     ^
[0m22:30:19.300387 [debug] [Thread-2 (]: Using duckdb connection "model.customer_support_tickets.fct_business_performanceA"
[0m22:30:19.302719 [debug] [Thread-3 (]: DuckDB adapter: Error running SQL: /* {"app": "dbt", "dbt_version": "1.11.7", "profile_name": "customer_support_tickets", "target_name": "dev", "node_id": "model.customer_support_tickets.fct_business_performanceB"} */

  
    
    

    create  table
      "support"."main_marts"."fct_business_performanceB__dbt_tmp"
  
    as (
      

WITH metrics AS (
    SELECT 
        *,
        -- KPI: Ticket Resolution Time (TRT)
        EXTRACT(EPOCH FROM (closed_at - created_at))/3600 as trt_hours,
        -- KPI: ROI (Rentabilidad)
        (revenue - cac) / NULLIF(cac, 0) as roi
    FROM "support"."main_staging"."stg_tickets"
)
SELECT 
    category,
    AVG(trt_hours) as avg_resolution_time,
    AVG(cac) as avg_cac,
    AVG(roi) as avg_roi,
    AVG(nps_score) as nps_index,
    COUNT(ticket_id) as total_tickets
FROM metrics
GROUP BY 1
    );
  
  
[0m22:30:19.303278 [debug] [Thread-4 (]: DuckDB adapter: duckdb error: Binder Error: Referenced column "agent" not found in FROM clause!
Candidate bindings: "_ingested_at", "ticket_id", "purchase_date"

LINE 25:         agent as agent_id,
                 ^
[0m22:30:19.303640 [debug] [Thread-2 (]: On model.customer_support_tickets.fct_business_performanceA: /* {"app": "dbt", "dbt_version": "1.11.7", "profile_name": "customer_support_tickets", "target_name": "dev", "node_id": "model.customer_support_tickets.fct_business_performanceA"} */

  
    
    

    create  table
      "support"."main_marts"."fct_business_performanceA__dbt_tmp"
  
    as (
      

WITH base_metrics AS (
    SELECT 
        ticket_id,
        customer_id,
        status,
        created_at,
        closed_at,
        cost_of_acquisition, -- CAC
        revenue_generated,    -- Para ROI
        nps_score,           -- NPS
        -- KPI: Ticket Resolution Time (TRT)
        DATEDIFF('hour', created_at, closed_at) as resolution_time_hr
    FROM "support"."main_staging"."stg_tickets"
)

SELECT 
    customer_id,
    -- KPI: ROI (Rentabilidad por ticket/cliente)
    SUM(revenue_generated) / NULLIF(SUM(cost_of_acquisition), 0) as roi_ratio,
    -- KPI: CAC Promedio
    AVG(cost_of_acquisition) as avg_cac,
    -- KPI: NPS Promedio (Satisfacción)
    AVG(nps_score) as avg_nps,
    -- KPI: Eficiencia Operativa
    AVG(resolution_time_hr) as avg_trt
FROM base_metrics
GROUP BY 1
    );
  
  
[0m22:30:19.304029 [debug] [Thread-1 (]: DuckDB adapter: duckdb error: Binder Error: Referenced column "user_id" not found in FROM clause!
Candidate bindings: "customer_id", "customer_gender", "purchase_date", "customer_age", "customer_name"

LINE 13:     user_id,
             ^
[0m22:30:19.304503 [debug] [Thread-3 (]: DuckDB adapter: Rolling back transaction.
[0m22:30:19.306545 [debug] [Thread-3 (]: On model.customer_support_tickets.fct_business_performanceB: ROLLBACK
[0m22:30:19.304934 [debug] [Thread-4 (]: DuckDB adapter: Error running SQL: /* {"app": "dbt", "dbt_version": "1.11.7", "profile_name": "customer_support_tickets", "target_name": "dev", "node_id": "model.customer_support_tickets.fact_tickets"} */

  
    
    

    create  table
      "support"."main_marts"."fact_tickets__dbt_tmp"
  
    as (
      

with source as (

    select * from "support"."main_staging"."stg_tickets"

),

fact as (

    select
        ticket_id,

        customer_id,
        agent as agent_id,
        product_id,

        created_at,
        resolved_at,

        first_response_time,
        time_to_resolution,
        customer_satisfaction_rating,
        status,
        priority

    from source

)

select * from fact
    );
  
  
[0m22:30:19.307364 [debug] [Thread-4 (]: DuckDB adapter: Rolling back transaction.
[0m22:30:19.308781 [debug] [Thread-4 (]: On model.customer_support_tickets.fact_tickets: ROLLBACK
[0m22:30:19.309816 [debug] [Thread-4 (]: Failed to rollback 'model.customer_support_tickets.fact_tickets'
[0m22:30:19.305715 [debug] [Thread-1 (]: DuckDB adapter: Error running SQL: /* {"app": "dbt", "dbt_version": "1.11.7", "profile_name": "customer_support_tickets", "target_name": "dev", "node_id": "model.customer_support_tickets.fct_tickets"} */

  
    
    

    create  table
      "support"."main_marts"."fct_tickets__dbt_tmp"
  
    as (
      SELECT
    ticket_id,
    user_id,
    created_at,
    closed_at,
    status,
    -- KPI: TTR (Time to Resolution)
    timestamp_diff(closed_at, created_at, MINUTE) as ttr_minutes,
    -- KPI: FIRST RESPONSE TIME
    timestamp_diff(first_interaction_at, created_at, MINUTE) as frt_minutes
FROM "support"."main_staging"."stg_tickets"
-- EFECTIVIZA KPI: Eficiencia operativa. 
-- Si el TTR sube, necesitás más personal o mejor automatización.
    );
  
  
[0m22:30:19.311086 [debug] [Thread-1 (]: DuckDB adapter: Rolling back transaction.
[0m22:30:19.311561 [debug] [Thread-1 (]: On model.customer_support_tickets.fct_tickets: ROLLBACK
[0m22:30:19.308392 [debug] [Thread-3 (]: Failed to rollback 'model.customer_support_tickets.fct_business_performanceB'
[0m22:30:19.314064 [debug] [Thread-3 (]: On model.customer_support_tickets.fct_business_performanceB: Close
[0m22:30:19.313410 [debug] [Thread-2 (]: DuckDB adapter: duckdb error: Binder Error: Referenced column "status" not found in FROM clause!
Candidate bindings: "ticket_status", "ticket_subject", "satisfaction_rating", "first_response_hrs", "ticket_id"

LINE 17:         status,
                 ^
[0m22:30:19.310545 [debug] [Thread-4 (]: On model.customer_support_tickets.fact_tickets: Close
[0m22:30:19.312565 [debug] [Thread-1 (]: Failed to rollback 'model.customer_support_tickets.fct_tickets'
[0m22:30:19.315880 [debug] [Thread-2 (]: DuckDB adapter: Error running SQL: /* {"app": "dbt", "dbt_version": "1.11.7", "profile_name": "customer_support_tickets", "target_name": "dev", "node_id": "model.customer_support_tickets.fct_business_performanceA"} */

  
    
    

    create  table
      "support"."main_marts"."fct_business_performanceA__dbt_tmp"
  
    as (
      

WITH base_metrics AS (
    SELECT 
        ticket_id,
        customer_id,
        status,
        created_at,
        closed_at,
        cost_of_acquisition, -- CAC
        revenue_generated,    -- Para ROI
        nps_score,           -- NPS
        -- KPI: Ticket Resolution Time (TRT)
        DATEDIFF('hour', created_at, closed_at) as resolution_time_hr
    FROM "support"."main_staging"."stg_tickets"
)

SELECT 
    customer_id,
    -- KPI: ROI (Rentabilidad por ticket/cliente)
    SUM(revenue_generated) / NULLIF(SUM(cost_of_acquisition), 0) as roi_ratio,
    -- KPI: CAC Promedio
    AVG(cost_of_acquisition) as avg_cac,
    -- KPI: NPS Promedio (Satisfacción)
    AVG(nps_score) as avg_nps,
    -- KPI: Eficiencia Operativa
    AVG(resolution_time_hr) as avg_trt
FROM base_metrics
GROUP BY 1
    );
  
  
[0m22:30:19.318635 [debug] [Thread-1 (]: On model.customer_support_tickets.fct_tickets: Close
[0m22:30:19.319370 [debug] [Thread-2 (]: DuckDB adapter: Rolling back transaction.
[0m22:30:19.320534 [debug] [Thread-3 (]: Runtime Error in model fct_business_performanceB (models/marts/other/fct_business_performanceB.sql)
  Binder Error: Referenced column "closed_at" not found in FROM clause!
  Candidate bindings: "purchase_date", "customer_age", "ticket_id", "customer_name", "customer_id"
  
  LINE 17:         EXTRACT(EPOCH FROM (closed_at - created_at))/3600 as trt_hours,
                                       ^
[0m22:30:19.321993 [debug] [Thread-4 (]: Runtime Error in model fact_tickets (models/marts/other/fact_tickets.sql)
  Binder Error: Referenced column "agent" not found in FROM clause!
  Candidate bindings: "_ingested_at", "ticket_id", "purchase_date"
  
  LINE 25:         agent as agent_id,
                   ^
[0m22:30:19.323356 [debug] [Thread-2 (]: On model.customer_support_tickets.fct_business_performanceA: ROLLBACK
[0m22:30:19.324443 [debug] [Thread-1 (]: Runtime Error in model fct_tickets (models/marts/other/fct_tickets.sql)
  Binder Error: Referenced column "user_id" not found in FROM clause!
  Candidate bindings: "customer_id", "customer_gender", "purchase_date", "customer_age", "customer_name"
  
  LINE 13:     user_id,
               ^
[0m22:30:19.325031 [debug] [Thread-3 (]: Sending event: {'category': 'dbt', 'action': 'run_model', 'label': '59509897-0b8c-4a08-8a1d-9485937d4896', 'context': [<snowplow_tracker.self_describing_json.SelfDescribingJson object at 0x78618a1c31d0>]}
[0m22:30:19.325556 [debug] [Thread-4 (]: Sending event: {'category': 'dbt', 'action': 'run_model', 'label': '59509897-0b8c-4a08-8a1d-9485937d4896', 'context': [<snowplow_tracker.self_describing_json.SelfDescribingJson object at 0x7861887d6950>]}
[0m22:30:19.326348 [debug] [Thread-2 (]: Failed to rollback 'model.customer_support_tickets.fct_business_performanceA'
[0m22:30:19.326819 [debug] [Thread-1 (]: Sending event: {'category': 'dbt', 'action': 'run_model', 'label': '59509897-0b8c-4a08-8a1d-9485937d4896', 'context': [<snowplow_tracker.self_describing_json.SelfDescribingJson object at 0x78618bd557d0>]}
[0m22:30:19.327529 [error] [Thread-3 (]: 9 of 15 ERROR creating sql table model main_marts.fct_business_performanceB .... [[31mERROR[0m in 0.07s]
[0m22:30:19.328644 [error] [Thread-4 (]: 7 of 15 ERROR creating sql table model main_marts.fact_tickets ................. [[31mERROR[0m in 0.08s]
[0m22:30:19.329494 [debug] [Thread-2 (]: On model.customer_support_tickets.fct_business_performanceA: Close
[0m22:30:19.330280 [error] [Thread-1 (]: 10 of 15 ERROR creating sql table model main_marts.fct_tickets ................. [[31mERROR[0m in 0.07s]
[0m22:30:19.331202 [debug] [Thread-3 (]: Finished running node model.customer_support_tickets.fct_business_performanceB
[0m22:30:19.331874 [debug] [Thread-4 (]: Finished running node model.customer_support_tickets.fact_tickets
[0m22:30:19.333586 [debug] [Thread-1 (]: Finished running node model.customer_support_tickets.fct_tickets
[0m22:30:19.337167 [debug] [Thread-1 (]: Began running node model.customer_support_tickets.mart_operations_sla
[0m22:30:19.335816 [debug] [Thread-2 (]: Runtime Error in model fct_business_performanceA (models/marts/other/fct_business_performanceA.sql)
  Binder Error: Referenced column "status" not found in FROM clause!
  Candidate bindings: "ticket_status", "ticket_subject", "satisfaction_rating", "first_response_hrs", "ticket_id"
  
  LINE 17:         status,
                   ^
[0m22:30:19.336596 [debug] [Thread-4 (]: Began running node model.customer_support_tickets.mart_fairness
[0m22:30:19.334339 [debug] [Thread-3 (]: Began running node model.customer_support_tickets.mart_cx_satisfaction
[0m22:30:19.338987 [debug] [Thread-7 (]: Marking all children of 'model.customer_support_tickets.fct_business_performanceB' to be skipped because of status 'error'.  Reason: Runtime Error in model fct_business_performanceB (models/marts/other/fct_business_performanceB.sql)
  Binder Error: Referenced column "closed_at" not found in FROM clause!
  Candidate bindings: "purchase_date", "customer_age", "ticket_id", "customer_name", "customer_id"
  
  LINE 17:         EXTRACT(EPOCH FROM (closed_at - created_at))/3600 as trt_hours,
                                       ^.
[0m22:30:19.337831 [info ] [Thread-1 (]: 13 of 15 START sql table model main_marts.mart_operations_sla .................. [RUN]
[0m22:30:19.339876 [debug] [Thread-2 (]: Sending event: {'category': 'dbt', 'action': 'run_model', 'label': '59509897-0b8c-4a08-8a1d-9485937d4896', 'context': [<snowplow_tracker.self_describing_json.SelfDescribingJson object at 0x786188600990>]}
[0m22:30:19.340419 [info ] [Thread-4 (]: 12 of 15 START sql table model main_marts.mart_fairness ........................ [RUN]
[0m22:30:19.341094 [info ] [Thread-3 (]: 11 of 15 START sql table model main_marts.mart_cx_satisfaction ................. [RUN]
[0m22:30:19.341918 [debug] [Thread-7 (]: Marking all children of 'model.customer_support_tickets.fact_tickets' to be skipped because of status 'error'.  Reason: Runtime Error in model fact_tickets (models/marts/other/fact_tickets.sql)
  Binder Error: Referenced column "agent" not found in FROM clause!
  Candidate bindings: "_ingested_at", "ticket_id", "purchase_date"
  
  LINE 25:         agent as agent_id,
                   ^.
[0m22:30:19.342446 [debug] [Thread-1 (]: Re-using an available connection from the pool (formerly model.customer_support_tickets.fct_tickets, now model.customer_support_tickets.mart_operations_sla)
[0m22:30:19.345654 [debug] [Thread-1 (]: Began compiling node model.customer_support_tickets.mart_operations_sla
[0m22:30:19.343093 [error] [Thread-2 (]: 8 of 15 ERROR creating sql table model main_marts.fct_business_performanceA .... [[31mERROR[0m in 0.09s]
[0m22:30:19.344416 [debug] [Thread-3 (]: Re-using an available connection from the pool (formerly model.customer_support_tickets.fct_business_performanceB, now model.customer_support_tickets.mart_cx_satisfaction)
[0m22:30:19.350912 [debug] [Thread-3 (]: Began compiling node model.customer_support_tickets.mart_cx_satisfaction
[0m22:30:19.343874 [debug] [Thread-4 (]: Re-using an available connection from the pool (formerly model.customer_support_tickets.fact_tickets, now model.customer_support_tickets.mart_fairness)
[0m22:30:19.356498 [debug] [Thread-4 (]: Began compiling node model.customer_support_tickets.mart_fairness
[0m22:30:19.350460 [debug] [Thread-2 (]: Finished running node model.customer_support_tickets.fct_business_performanceA
[0m22:30:19.345088 [debug] [Thread-7 (]: Marking all children of 'model.customer_support_tickets.fct_tickets' to be skipped because of status 'error'.  Reason: Runtime Error in model fct_tickets (models/marts/other/fct_tickets.sql)
  Binder Error: Referenced column "user_id" not found in FROM clause!
  Candidate bindings: "customer_id", "customer_gender", "purchase_date", "customer_age", "customer_name"
  
  LINE 13:     user_id,
               ^.
[0m22:30:19.349833 [debug] [Thread-1 (]: Writing injected SQL for node "model.customer_support_tickets.mart_operations_sla"
[0m22:30:19.355812 [debug] [Thread-3 (]: Writing injected SQL for node "model.customer_support_tickets.mart_cx_satisfaction"
[0m22:30:19.363049 [debug] [Thread-3 (]: Began executing node model.customer_support_tickets.mart_cx_satisfaction
[0m22:30:19.361444 [debug] [Thread-2 (]: Began running node model.customer_support_tickets.mart_priority_subjects
[0m22:30:19.362156 [debug] [Thread-7 (]: Marking all children of 'model.customer_support_tickets.fct_business_performanceA' to be skipped because of status 'error'.  Reason: Runtime Error in model fct_business_performanceA (models/marts/other/fct_business_performanceA.sql)
  Binder Error: Referenced column "status" not found in FROM clause!
  Candidate bindings: "ticket_status", "ticket_subject", "satisfaction_rating", "first_response_hrs", "ticket_id"
  
  LINE 17:         status,
                   ^.
[0m22:30:19.360888 [debug] [Thread-4 (]: Writing injected SQL for node "model.customer_support_tickets.mart_fairness"
[0m22:30:19.366869 [debug] [Thread-3 (]: Writing runtime sql for node "model.customer_support_tickets.mart_cx_satisfaction"
[0m22:30:19.367548 [info ] [Thread-2 (]: 14 of 15 START sql table model main_marts.mart_priority_subjects ............... [RUN]
[0m22:30:19.368266 [debug] [Thread-1 (]: Began executing node model.customer_support_tickets.mart_operations_sla
[0m22:30:19.369411 [debug] [Thread-3 (]: Using duckdb connection "model.customer_support_tickets.mart_cx_satisfaction"
[0m22:30:19.370027 [debug] [Thread-2 (]: Re-using an available connection from the pool (formerly model.customer_support_tickets.fct_business_performanceA, now model.customer_support_tickets.mart_priority_subjects)
[0m22:30:19.370422 [debug] [Thread-4 (]: Began executing node model.customer_support_tickets.mart_fairness
[0m22:30:19.375191 [debug] [Thread-2 (]: Began compiling node model.customer_support_tickets.mart_priority_subjects
[0m22:30:19.374557 [debug] [Thread-3 (]: On model.customer_support_tickets.mart_cx_satisfaction: BEGIN
[0m22:30:19.374032 [debug] [Thread-1 (]: Writing runtime sql for node "model.customer_support_tickets.mart_operations_sla"
[0m22:30:19.382046 [debug] [Thread-4 (]: Writing runtime sql for node "model.customer_support_tickets.mart_fairness"
[0m22:30:19.385504 [debug] [Thread-2 (]: Writing injected SQL for node "model.customer_support_tickets.mart_priority_subjects"
[0m22:30:19.386057 [debug] [Thread-3 (]: Opening a new connection, currently in state closed
[0m22:30:19.386959 [debug] [Thread-1 (]: Using duckdb connection "model.customer_support_tickets.mart_operations_sla"
[0m22:30:19.387747 [debug] [Thread-4 (]: Using duckdb connection "model.customer_support_tickets.mart_fairness"
[0m22:30:19.388927 [debug] [Thread-3 (]: SQL status: OK in 0.003 seconds
[0m22:30:19.389468 [debug] [Thread-1 (]: On model.customer_support_tickets.mart_operations_sla: BEGIN
[0m22:30:19.389933 [debug] [Thread-2 (]: Began executing node model.customer_support_tickets.mart_priority_subjects
[0m22:30:19.390247 [debug] [Thread-4 (]: On model.customer_support_tickets.mart_fairness: BEGIN
[0m22:30:19.390636 [debug] [Thread-3 (]: Using duckdb connection "model.customer_support_tickets.mart_cx_satisfaction"
[0m22:30:19.391062 [debug] [Thread-1 (]: Opening a new connection, currently in state closed
[0m22:30:19.394488 [debug] [Thread-2 (]: Writing runtime sql for node "model.customer_support_tickets.mart_priority_subjects"
[0m22:30:19.394907 [debug] [Thread-4 (]: Opening a new connection, currently in state closed
[0m22:30:19.395474 [debug] [Thread-3 (]: On model.customer_support_tickets.mart_cx_satisfaction: /* {"app": "dbt", "dbt_version": "1.11.7", "profile_name": "customer_support_tickets", "target_name": "dev", "node_id": "model.customer_support_tickets.mart_cx_satisfaction"} */

  
    
    

    create  table
      "support"."main_marts"."mart_cx_satisfaction__dbt_tmp"
  
    as (
      

-- Dashboard 3: Priority Matrix + CX
-- Responde:
--   - Correlación edad-satisfacción
--   - Canal con mayor satisfacción
--   - Producto con más quejas críticas
--   - Diferencia de satisfacción por género
--   - Tickets con mayor resolution_hrs → peor rating

with base as (
    select * from "support"."main_staging"."stg_tickets"
),

enriched as (
    select
        *,
        case
            when customer_age < 25               then 'Gen Z (<25)'
            when customer_age between 25 and 34  then 'Millennial (25-34)'
            when customer_age between 35 and 44  then 'Gen X (35-44)'
            when customer_age between 45 and 59  then 'Boomer (45-59)'
            else                                      'Senior (60+)'
        end as age_segment,

        -- Bucket de resolución para scatter en Superset
        case
            when resolution_hrs < 6   then '0-6h'
            when resolution_hrs < 24  then '6-24h'
            when resolution_hrs < 72  then '1-3 days'
            else                           '3+ days'
        end as resolution_bucket

    from base
)

select
    ticket_channel,
    ticket_priority,
    ticket_type,
    ticket_status,
    product_purchased,
    customer_gender,
    age_segment,
    resolution_bucket,

    count(*)                as total_tickets,
    avg(satisfaction_rating) as avg_satisfaction,
    avg(resolution_hrs)      as avg_resolution_hrs,
    avg(first_response_hrs)  as avg_first_response_hrs,

    -- Para Priority Matrix heatmap
    sum(case when ticket_priority = 'critical' then 1 else 0 end) as critical_count,
    sum(case when ticket_status   = 'closed'   then 1 else 0 end) as closed_count,

    round(
        100.0 * sum(case when ticket_status='closed' then 1 else 0 end) / count(*)
    , 1) as pct_closed

from enriched
group by 1,2,3,4,5,6,7,8
    );
  
  
[0m22:30:19.396369 [debug] [Thread-1 (]: SQL status: OK in 0.005 seconds
[0m22:30:19.397959 [debug] [Thread-1 (]: Using duckdb connection "model.customer_support_tickets.mart_operations_sla"
[0m22:30:19.398624 [debug] [Thread-1 (]: On model.customer_support_tickets.mart_operations_sla: /* {"app": "dbt", "dbt_version": "1.11.7", "profile_name": "customer_support_tickets", "target_name": "dev", "node_id": "model.customer_support_tickets.mart_operations_sla"} */

  
    
    

    create  table
      "support"."main_marts"."mart_operations_sla__dbt_tmp"
  
    as (
      

-- Dashboard 1 & 2: Operations Overview + Channel Performance
-- Responde:
--   - Tiempo promedio de primera respuesta por canal
--   - % tickets resueltos en < 24 horas
--   - Backlog actual (open + pending)
--   - % tickets Critical sin resolver
--   - Carga por día de semana y mes

with base as (
    select * from "support"."main_staging"."stg_tickets"
),

per_channel as (
    select
        ticket_channel,
        ticket_priority,
        ticket_status,
        ticket_type,

        extract('dow'   from purchase_date) as day_of_week,
        strftime(purchase_date, '%A')       as day_name,
        extract('month' from purchase_date) as month_num,
        strftime(purchase_date, '%B')       as month_name,
        extract('year'  from purchase_date) as year,

        first_response_hrs,
        resolution_hrs,
        satisfaction_rating,

        -- SLA flags
        case when resolution_hrs <= 24 then 1 else 0 end          as resolved_under_24h,
        case when ticket_status in ('open','pending customer response')
             then 1 else 0 end                                     as is_backlog,
        case when ticket_priority = 'critical'
              and ticket_status != 'closed' then 1 else 0 end      as is_critical_unresolved

    from base
)

select
    ticket_channel,
    ticket_priority,
    ticket_status,
    ticket_type,
    day_of_week,
    day_name,
    month_num,
    month_name,
    year,

    count(*)                                  as total_tickets,
    avg(first_response_hrs)                   as avg_first_response_hrs,
    avg(resolution_hrs)                       as avg_resolution_hrs,
    avg(satisfaction_rating)                  as avg_satisfaction,

    sum(resolved_under_24h)                   as tickets_resolved_under_24h,
    round(
        100.0 * sum(resolved_under_24h) / count(*), 1
    )                                         as pct_resolved_under_24h,

    sum(is_backlog)                           as backlog_count,
    sum(is_critical_unresolved)               as critical_unresolved_count,

    round(
        100.0 * sum(is_critical_unresolved)
            / nullif(sum(case when ticket_priority='critical' then 1 end), 0)
    , 1)                                      as pct_critical_unresolved

from per_channel
group by 1,2,3,4,5,6,7,8,9
    );
  
  
[0m22:30:19.400378 [debug] [Thread-2 (]: Using duckdb connection "model.customer_support_tickets.mart_priority_subjects"
[0m22:30:19.400838 [debug] [Thread-2 (]: On model.customer_support_tickets.mart_priority_subjects: BEGIN
[0m22:30:19.401296 [debug] [Thread-2 (]: Opening a new connection, currently in state closed
[0m22:30:19.397138 [debug] [Thread-4 (]: SQL status: OK in 0.002 seconds
[0m22:30:19.402505 [debug] [Thread-4 (]: Using duckdb connection "model.customer_support_tickets.mart_fairness"
[0m22:30:19.403087 [debug] [Thread-4 (]: On model.customer_support_tickets.mart_fairness: /* {"app": "dbt", "dbt_version": "1.11.7", "profile_name": "customer_support_tickets", "target_name": "dev", "node_id": "model.customer_support_tickets.mart_fairness"} */

  
    
    

    create  table
      "support"."main_marts"."mart_fairness__dbt_tmp"
  
    as (
      

-- Dashboard 6: Fairness / Bias
-- Responde:
--   - Diferencias sistemáticas en resolución por género
--   - Tickets de grupos demográficos con prioridad diferente
--   - Sesgo en asignación de prioridades por canal

with base as (
    select * from "support"."main_staging"."stg_tickets"
),

enriched as (
    select
        *,
        case
            when customer_age < 25               then 'Gen Z (<25)'
            when customer_age between 25 and 34  then 'Millennial (25-34)'
            when customer_age between 35 and 44  then 'Gen X (35-44)'
            when customer_age between 45 and 59  then 'Boomer (45-59)'
            else                                      'Senior (60+)'
        end as age_segment
    from base
),

-- Baseline global para calcular desvíos
global_avg as (
    select
        avg(resolution_hrs)      as global_avg_resolution,
        avg(first_response_hrs)  as global_avg_frt,
        avg(satisfaction_rating) as global_avg_sat
    from base
)

select
    e.customer_gender,
    e.age_segment,
    e.ticket_channel,
    e.ticket_priority,

    count(*)                     as ticket_count,
    avg(e.resolution_hrs)        as avg_resolution_hrs,
    avg(e.first_response_hrs)    as avg_first_response_hrs,
    avg(e.satisfaction_rating)   as avg_satisfaction,

    -- Desvío respecto al promedio global (+ = peor servicio, - = mejor)
    avg(e.resolution_hrs)    - max(g.global_avg_resolution) as resolution_bias,
    avg(e.first_response_hrs)- max(g.global_avg_frt)        as frt_bias,
    avg(e.satisfaction_rating)-max(g.global_avg_sat)        as satisfaction_bias,

    -- % de tickets asignados a prioridad Critical por grupo
    round(
        100.0 * sum(case when e.ticket_priority='critical' then 1 else 0 end) / count(*)
    , 1) as pct_critical,

    round(
        100.0 * sum(case when e.ticket_status='closed' then 1 else 0 end) / count(*)
    , 1) as pct_resolved

from enriched e
cross join global_avg g
group by 1,2,3,4
    );
  
  
[0m22:30:19.401981 [debug] [Thread-2 (]: SQL status: OK in 0.001 seconds
[0m22:30:19.406387 [debug] [Thread-2 (]: Using duckdb connection "model.customer_support_tickets.mart_priority_subjects"
[0m22:30:19.406978 [debug] [Thread-2 (]: On model.customer_support_tickets.mart_priority_subjects: /* {"app": "dbt", "dbt_version": "1.11.7", "profile_name": "customer_support_tickets", "target_name": "dev", "node_id": "model.customer_support_tickets.mart_priority_subjects"} */

  
    
    

    create  table
      "support"."main_marts"."mart_priority_subjects__dbt_tmp"
  
    as (
      

-- Dashboard 3 & 5: Priority Matrix + Product Complaints
-- Responde:
--   - Subjects más frecuentes como Critical
--   - Sistema de prioridades vs satisfacción real
--   - Tipo de ticket con mayor tasa de escalamiento
--   - Productos con más tickets críticos

with base as (
    select * from "support"."main_staging"."stg_tickets"
)

select
    ticket_subject,
    ticket_type,
    ticket_priority,
    product_purchased,

    count(*)                     as total_tickets,
    avg(satisfaction_rating)     as avg_satisfaction,
    avg(resolution_hrs)          as avg_resolution_hrs,

    -- % no resueltos (proxy de escalamiento)
    round(
        100.0 * sum(case when ticket_status != 'closed' then 1 else 0 end) / count(*)
    , 1) as pct_unresolved,

    sum(case when ticket_priority = 'critical' then 1 else 0 end) as critical_count,
    sum(case when ticket_priority = 'high'     then 1 else 0 end) as high_count,

    -- ¿La prioridad asignada coincide con la satisfacción?
    -- Si critical tiene alta satisfacción, el sistema de prioridades es inconsistente
    case
        when avg(satisfaction_rating) >= 4
         and ticket_priority in ('critical','high') then 'Prioridad sobreasignada'
        when avg(satisfaction_rating) <= 2
         and ticket_priority in ('low','medium')    then 'Prioridad subasignada'
        else 'Consistente'
    end as priority_alignment

from base
group by 1,2,3,4
order by critical_count desc
    );
  
  
[0m22:30:19.437002 [debug] [Thread-4 (]: SQL status: OK in 0.033 seconds
[0m22:30:19.449296 [debug] [Thread-4 (]: Using duckdb connection "model.customer_support_tickets.mart_fairness"
[0m22:30:19.450020 [debug] [Thread-4 (]: On model.customer_support_tickets.mart_fairness: /* {"app": "dbt", "dbt_version": "1.11.7", "profile_name": "customer_support_tickets", "target_name": "dev", "node_id": "model.customer_support_tickets.mart_fairness"} */
alter table "support"."main_marts"."mart_fairness__dbt_tmp" rename to "mart_fairness"
[0m22:30:19.451054 [debug] [Thread-4 (]: SQL status: OK in 0.001 seconds
[0m22:30:19.469895 [debug] [Thread-4 (]: On model.customer_support_tickets.mart_fairness: COMMIT
[0m22:30:19.472480 [debug] [Thread-4 (]: Using duckdb connection "model.customer_support_tickets.mart_fairness"
[0m22:30:19.473199 [debug] [Thread-2 (]: SQL status: OK in 0.066 seconds
[0m22:30:19.474591 [debug] [Thread-4 (]: On model.customer_support_tickets.mart_fairness: COMMIT
[0m22:30:19.474074 [debug] [Thread-3 (]: SQL status: OK in 0.076 seconds
[0m22:30:19.479280 [debug] [Thread-2 (]: Using duckdb connection "model.customer_support_tickets.mart_priority_subjects"
[0m22:30:19.487308 [debug] [Thread-2 (]: On model.customer_support_tickets.mart_priority_subjects: /* {"app": "dbt", "dbt_version": "1.11.7", "profile_name": "customer_support_tickets", "target_name": "dev", "node_id": "model.customer_support_tickets.mart_priority_subjects"} */
alter table "support"."main_marts"."mart_priority_subjects__dbt_tmp" rename to "mart_priority_subjects"
[0m22:30:19.483999 [debug] [Thread-3 (]: Using duckdb connection "model.customer_support_tickets.mart_cx_satisfaction"
[0m22:30:19.489485 [debug] [Thread-3 (]: On model.customer_support_tickets.mart_cx_satisfaction: /* {"app": "dbt", "dbt_version": "1.11.7", "profile_name": "customer_support_tickets", "target_name": "dev", "node_id": "model.customer_support_tickets.mart_cx_satisfaction"} */
alter table "support"."main_marts"."mart_cx_satisfaction__dbt_tmp" rename to "mart_cx_satisfaction"
[0m22:30:19.488752 [debug] [Thread-1 (]: SQL status: OK in 0.089 seconds
[0m22:30:19.498000 [debug] [Thread-3 (]: SQL status: OK in 0.008 seconds
[0m22:30:19.499944 [debug] [Thread-3 (]: On model.customer_support_tickets.mart_cx_satisfaction: COMMIT
[0m22:30:19.500458 [debug] [Thread-2 (]: SQL status: OK in 0.013 seconds
[0m22:30:19.500937 [debug] [Thread-4 (]: SQL status: OK in 0.021 seconds
[0m22:30:19.502044 [debug] [Thread-1 (]: Using duckdb connection "model.customer_support_tickets.mart_operations_sla"
[0m22:30:19.502579 [debug] [Thread-3 (]: Using duckdb connection "model.customer_support_tickets.mart_cx_satisfaction"
[0m22:30:19.503900 [debug] [Thread-2 (]: On model.customer_support_tickets.mart_priority_subjects: COMMIT
[0m22:30:19.506410 [debug] [Thread-4 (]: Using duckdb connection "model.customer_support_tickets.mart_fairness"
[0m22:30:19.506857 [debug] [Thread-1 (]: On model.customer_support_tickets.mart_operations_sla: /* {"app": "dbt", "dbt_version": "1.11.7", "profile_name": "customer_support_tickets", "target_name": "dev", "node_id": "model.customer_support_tickets.mart_operations_sla"} */
alter table "support"."main_marts"."mart_operations_sla__dbt_tmp" rename to "mart_operations_sla"
[0m22:30:19.507286 [debug] [Thread-3 (]: On model.customer_support_tickets.mart_cx_satisfaction: COMMIT
[0m22:30:19.507711 [debug] [Thread-2 (]: Using duckdb connection "model.customer_support_tickets.mart_priority_subjects"
[0m22:30:19.511398 [debug] [Thread-2 (]: On model.customer_support_tickets.mart_priority_subjects: COMMIT
[0m22:30:19.508139 [debug] [Thread-4 (]: On model.customer_support_tickets.mart_fairness: /* {"app": "dbt", "dbt_version": "1.11.7", "profile_name": "customer_support_tickets", "target_name": "dev", "node_id": "model.customer_support_tickets.mart_fairness"} */

      drop table if exists "support"."main_marts"."mart_fairness__dbt_backup" cascade
    
[0m22:30:19.512445 [debug] [Thread-4 (]: SQL status: OK in 0.000 seconds
[0m22:30:19.509677 [debug] [Thread-1 (]: SQL status: OK in 0.001 seconds
[0m22:30:19.514317 [debug] [Thread-4 (]: On model.customer_support_tickets.mart_fairness: Close
[0m22:30:19.516062 [debug] [Thread-1 (]: On model.customer_support_tickets.mart_operations_sla: COMMIT
[0m22:30:19.517816 [debug] [Thread-1 (]: Using duckdb connection "model.customer_support_tickets.mart_operations_sla"
[0m22:30:19.518356 [debug] [Thread-1 (]: On model.customer_support_tickets.mart_operations_sla: COMMIT
[0m22:30:19.517188 [debug] [Thread-4 (]: Sending event: {'category': 'dbt', 'action': 'run_model', 'label': '59509897-0b8c-4a08-8a1d-9485937d4896', 'context': [<snowplow_tracker.self_describing_json.SelfDescribingJson object at 0x786190e2ecd0>]}
[0m22:30:19.521045 [info ] [Thread-4 (]: 12 of 15 OK created sql table model main_marts.mart_fairness ................... [[32mOK[0m in 0.17s]
[0m22:30:19.524406 [debug] [Thread-4 (]: Finished running node model.customer_support_tickets.mart_fairness
[0m22:30:19.526676 [debug] [Thread-4 (]: Began running node model.customer_support_tickets.fct_ticket_metrics
[0m22:30:19.527227 [info ] [Thread-4 (]: 15 of 15 SKIP relation main_marts.fct_ticket_metrics ........................... [[33mSKIP[0m]
[0m22:30:19.527771 [debug] [Thread-4 (]: Finished running node model.customer_support_tickets.fct_ticket_metrics
[0m22:30:19.547697 [debug] [Thread-3 (]: SQL status: OK in 0.037 seconds
[0m22:30:19.552963 [debug] [Thread-3 (]: Using duckdb connection "model.customer_support_tickets.mart_cx_satisfaction"
[0m22:30:19.553658 [debug] [Thread-3 (]: On model.customer_support_tickets.mart_cx_satisfaction: /* {"app": "dbt", "dbt_version": "1.11.7", "profile_name": "customer_support_tickets", "target_name": "dev", "node_id": "model.customer_support_tickets.mart_cx_satisfaction"} */

      drop table if exists "support"."main_marts"."mart_cx_satisfaction__dbt_backup" cascade
    
[0m22:30:19.568316 [debug] [Thread-3 (]: SQL status: OK in 0.013 seconds
[0m22:30:19.570586 [debug] [Thread-3 (]: On model.customer_support_tickets.mart_cx_satisfaction: Close
[0m22:30:19.571242 [debug] [Thread-2 (]: SQL status: OK in 0.059 seconds
[0m22:30:19.571983 [debug] [Thread-3 (]: Sending event: {'category': 'dbt', 'action': 'run_model', 'label': '59509897-0b8c-4a08-8a1d-9485937d4896', 'context': [<snowplow_tracker.self_describing_json.SelfDescribingJson object at 0x7861887d4ed0>]}
[0m22:30:19.580607 [info ] [Thread-3 (]: 11 of 15 OK created sql table model main_marts.mart_cx_satisfaction ............ [[32mOK[0m in 0.23s]
[0m22:30:19.579500 [debug] [Thread-2 (]: Using duckdb connection "model.customer_support_tickets.mart_priority_subjects"
[0m22:30:19.583198 [debug] [Thread-2 (]: On model.customer_support_tickets.mart_priority_subjects: /* {"app": "dbt", "dbt_version": "1.11.7", "profile_name": "customer_support_tickets", "target_name": "dev", "node_id": "model.customer_support_tickets.mart_priority_subjects"} */

      drop table if exists "support"."main_marts"."mart_priority_subjects__dbt_backup" cascade
    
[0m22:30:19.582396 [debug] [Thread-3 (]: Finished running node model.customer_support_tickets.mart_cx_satisfaction
[0m22:30:19.593883 [debug] [Thread-1 (]: SQL status: OK in 0.074 seconds
[0m22:30:19.594488 [debug] [Thread-2 (]: SQL status: OK in 0.011 seconds
[0m22:30:19.597389 [debug] [Thread-1 (]: Using duckdb connection "model.customer_support_tickets.mart_operations_sla"
[0m22:30:19.598755 [debug] [Thread-2 (]: On model.customer_support_tickets.mart_priority_subjects: Close
[0m22:30:19.599222 [debug] [Thread-1 (]: On model.customer_support_tickets.mart_operations_sla: /* {"app": "dbt", "dbt_version": "1.11.7", "profile_name": "customer_support_tickets", "target_name": "dev", "node_id": "model.customer_support_tickets.mart_operations_sla"} */

      drop table if exists "support"."main_marts"."mart_operations_sla__dbt_backup" cascade
    
[0m22:30:19.599841 [debug] [Thread-2 (]: Sending event: {'category': 'dbt', 'action': 'run_model', 'label': '59509897-0b8c-4a08-8a1d-9485937d4896', 'context': [<snowplow_tracker.self_describing_json.SelfDescribingJson object at 0x7861886590d0>]}
[0m22:30:19.600822 [info ] [Thread-2 (]: 14 of 15 OK created sql table model main_marts.mart_priority_subjects .......... [[32mOK[0m in 0.23s]
[0m22:30:19.601630 [debug] [Thread-2 (]: Finished running node model.customer_support_tickets.mart_priority_subjects
[0m22:30:19.602370 [debug] [Thread-1 (]: SQL status: OK in 0.002 seconds
[0m22:30:19.604624 [debug] [Thread-1 (]: On model.customer_support_tickets.mart_operations_sla: Close
[0m22:30:19.605730 [debug] [Thread-1 (]: Sending event: {'category': 'dbt', 'action': 'run_model', 'label': '59509897-0b8c-4a08-8a1d-9485937d4896', 'context': [<snowplow_tracker.self_describing_json.SelfDescribingJson object at 0x78618a1d5250>]}
[0m22:30:19.606583 [info ] [Thread-1 (]: 13 of 15 OK created sql table model main_marts.mart_operations_sla ............. [[32mOK[0m in 0.26s]
[0m22:30:19.607394 [debug] [Thread-1 (]: Finished running node model.customer_support_tickets.mart_operations_sla
[0m22:30:19.610235 [debug] [MainThread]: Using duckdb connection "master"
[0m22:30:19.610698 [debug] [MainThread]: On master: BEGIN
[0m22:30:19.611141 [debug] [MainThread]: Opening a new connection, currently in state closed
[0m22:30:19.611992 [debug] [MainThread]: SQL status: OK in 0.001 seconds
[0m22:30:19.612463 [debug] [MainThread]: On master: COMMIT
[0m22:30:19.612878 [debug] [MainThread]: Using duckdb connection "master"
[0m22:30:19.613357 [debug] [MainThread]: On master: COMMIT
[0m22:30:19.613993 [debug] [MainThread]: SQL status: OK in 0.000 seconds
[0m22:30:19.614458 [debug] [MainThread]: On master: Close
[0m22:30:19.614878 [debug] [MainThread]: Connection 'master' was properly closed.
[0m22:30:19.615169 [debug] [MainThread]: Connection 'model.customer_support_tickets.mart_priority_subjects' was properly closed.
[0m22:30:19.615452 [debug] [MainThread]: Connection 'model.customer_support_tickets.mart_operations_sla' was properly closed.
[0m22:30:19.615736 [debug] [MainThread]: Connection 'model.customer_support_tickets.mart_cx_satisfaction' was properly closed.
[0m22:30:19.616029 [debug] [MainThread]: Connection 'model.customer_support_tickets.mart_fairness' was properly closed.
[0m22:30:19.616535 [info ] [MainThread]: 
[0m22:30:19.616973 [info ] [MainThread]: Finished running 1 incremental model, 12 table models, 2 view models in 0 hours 0 minutes and 0.83 seconds (0.83s).
[0m22:30:19.619532 [debug] [MainThread]: Command end result
[0m22:30:19.654096 [debug] [MainThread]: Wrote artifact WritableManifest to /usr/app/dbt/capstone_support/target/manifest.json
[0m22:30:19.656250 [debug] [MainThread]: Wrote artifact SemanticManifest to /usr/app/dbt/capstone_support/target/semantic_manifest.json
[0m22:30:19.662365 [debug] [MainThread]: Wrote artifact RunExecutionResult to /usr/app/dbt/capstone_support/target/run_results.json
[0m22:30:19.662746 [info ] [MainThread]: 
[0m22:30:19.663211 [info ] [MainThread]: [31mCompleted with 8 errors, 0 partial successes, and 0 warnings:[0m
[0m22:30:19.663620 [info ] [MainThread]: 
[0m22:30:19.664155 [error] [MainThread]: [31mFailure in model dim_agents (models/marts/other/dim_agents.sql)[0m
[0m22:30:19.664691 [error] [MainThread]:   Runtime Error in model dim_agents (models/marts/other/dim_agents.sql)
  Binder Error: Referenced column "agent" not found in FROM clause!
  Candidate bindings: "_ingested_at", "ticket_id", "purchase_date"
  
  LINE 27:     where agent is not null
                     ^
[0m22:30:19.665101 [info ] [MainThread]: 
[0m22:30:19.665614 [info ] [MainThread]:   compiled code at target/compiled/customer_support_tickets/models/marts/other/dim_agents.sql
[0m22:30:19.666017 [info ] [MainThread]: 
[0m22:30:19.666532 [error] [MainThread]: [31mFailure in model dim_products (models/marts/other/dim_products.sql)[0m
[0m22:30:19.667040 [error] [MainThread]:   Runtime Error in model dim_products (models/marts/other/dim_products.sql)
  Binder Error: Referenced column "product_id" not found in FROM clause!
  Candidate bindings: "product_purchased", "ticket_id", "customer_id", "purchase_date", "customer_gender"
  
  LINE 27:     where product_id is not null
                     ^
[0m22:30:19.667468 [info ] [MainThread]: 
[0m22:30:19.667957 [info ] [MainThread]:   compiled code at target/compiled/customer_support_tickets/models/marts/other/dim_products.sql
[0m22:30:19.668455 [info ] [MainThread]: 
[0m22:30:19.668970 [error] [MainThread]: [31mFailure in model dim_customers (models/marts/other/dim_customers.sql)[0m
[0m22:30:19.669495 [error] [MainThread]:   Runtime Error in model dim_customers (models/marts/other/dim_customers.sql)
  Binder Error: Referenced column "customer_email" not found in FROM clause!
  Candidate bindings: "customer_name", "customer_id", "customer_age", "customer_gender", "resolution_hrs"
  
  LINE 24:         customer_email,
                   ^
[0m22:30:19.669908 [info ] [MainThread]: 
[0m22:30:19.670388 [info ] [MainThread]:   compiled code at target/compiled/customer_support_tickets/models/marts/other/dim_customers.sql
[0m22:30:19.670780 [info ] [MainThread]: 
[0m22:30:19.671279 [error] [MainThread]: [31mFailure in model dim_date (models/marts/other/dim_date.sql)[0m
[0m22:30:19.671777 [error] [MainThread]:   Runtime Error in model dim_date (models/marts/other/dim_date.sql)
  Binder Error: Referenced column "created_at" not found in FROM clause!
  Candidate bindings: "_ingested_at", "purchase_date", "ticket_id", "customer_gender", "customer_age"
  
  LINE 16:         created_at as full_date
                   ^
[0m22:30:19.672209 [info ] [MainThread]: 
[0m22:30:19.672655 [info ] [MainThread]:   compiled code at target/compiled/customer_support_tickets/models/marts/other/dim_date.sql
[0m22:30:19.673040 [info ] [MainThread]: 
[0m22:30:19.673537 [error] [MainThread]: [31mFailure in model fct_business_performanceB (models/marts/other/fct_business_performanceB.sql)[0m
[0m22:30:19.674027 [error] [MainThread]:   Runtime Error in model fct_business_performanceB (models/marts/other/fct_business_performanceB.sql)
  Binder Error: Referenced column "closed_at" not found in FROM clause!
  Candidate bindings: "purchase_date", "customer_age", "ticket_id", "customer_name", "customer_id"
  
  LINE 17:         EXTRACT(EPOCH FROM (closed_at - created_at))/3600 as trt_hours,
                                       ^
[0m22:30:19.674477 [info ] [MainThread]: 
[0m22:30:19.674961 [info ] [MainThread]:   compiled code at target/compiled/customer_support_tickets/models/marts/other/fct_business_performanceB.sql
[0m22:30:19.675373 [info ] [MainThread]: 
[0m22:30:19.675862 [error] [MainThread]: [31mFailure in model fact_tickets (models/marts/other/fact_tickets.sql)[0m
[0m22:30:19.676360 [error] [MainThread]:   Runtime Error in model fact_tickets (models/marts/other/fact_tickets.sql)
  Binder Error: Referenced column "agent" not found in FROM clause!
  Candidate bindings: "_ingested_at", "ticket_id", "purchase_date"
  
  LINE 25:         agent as agent_id,
                   ^
[0m22:30:19.676768 [info ] [MainThread]: 
[0m22:30:19.677261 [info ] [MainThread]:   compiled code at target/compiled/customer_support_tickets/models/marts/other/fact_tickets.sql
[0m22:30:19.677656 [info ] [MainThread]: 
[0m22:30:19.678141 [error] [MainThread]: [31mFailure in model fct_tickets (models/marts/other/fct_tickets.sql)[0m
[0m22:30:19.678615 [error] [MainThread]:   Runtime Error in model fct_tickets (models/marts/other/fct_tickets.sql)
  Binder Error: Referenced column "user_id" not found in FROM clause!
  Candidate bindings: "customer_id", "customer_gender", "purchase_date", "customer_age", "customer_name"
  
  LINE 13:     user_id,
               ^
[0m22:30:19.678977 [info ] [MainThread]: 
[0m22:30:19.679465 [info ] [MainThread]:   compiled code at target/compiled/customer_support_tickets/models/marts/other/fct_tickets.sql
[0m22:30:19.679855 [info ] [MainThread]: 
[0m22:30:19.680358 [error] [MainThread]: [31mFailure in model fct_business_performanceA (models/marts/other/fct_business_performanceA.sql)[0m
[0m22:30:19.680841 [error] [MainThread]:   Runtime Error in model fct_business_performanceA (models/marts/other/fct_business_performanceA.sql)
  Binder Error: Referenced column "status" not found in FROM clause!
  Candidate bindings: "ticket_status", "ticket_subject", "satisfaction_rating", "first_response_hrs", "ticket_id"
  
  LINE 17:         status,
                   ^
[0m22:30:19.681259 [info ] [MainThread]: 
[0m22:30:19.681717 [info ] [MainThread]:   compiled code at target/compiled/customer_support_tickets/models/marts/other/fct_business_performanceA.sql
[0m22:30:19.682154 [info ] [MainThread]: 
[0m22:30:19.682580 [info ] [MainThread]: Done. PASS=6 WARN=0 ERROR=8 SKIP=1 NO-OP=0 TOTAL=15
[0m22:30:19.683440 [warn ] [MainThread]: [[33mWARNING[0m][DeprecationsSummary]: Deprecated functionality
Summary of encountered deprecations:
- DuplicateYAMLKeysDeprecation: 1 occurrence
- MissingArgumentsPropertyInGenericTestDeprecation: 1 occurrence
To see all deprecation instances instead of just the first occurrence of each,
run command again with the `--show-all-deprecations` flag. You may also need to
run with `--no-partial-parse` as some deprecations are only encountered during
parsing.
[0m22:30:19.686051 [debug] [MainThread]: Resource report: {"command_name": "run", "command_success": false, "command_wall_clock_time": 4.7111154, "process_in_blocks": "26296", "process_kernel_time": 0.568912, "process_mem_max_rss": "208868", "process_out_blocks": "15224", "process_user_time": 5.127055}
[0m22:30:19.686707 [debug] [MainThread]: Command `dbt run` failed at 22:30:19.686566 after 4.71 seconds
[0m22:30:19.687233 [debug] [MainThread]: Sending event: {'category': 'dbt', 'action': 'invocation', 'label': 'end', 'context': [<snowplow_tracker.self_describing_json.SelfDescribingJson object at 0x786195975010>, <snowplow_tracker.self_describing_json.SelfDescribingJson object at 0x786193f2bd10>, <snowplow_tracker.self_describing_json.SelfDescribingJson object at 0x786191020f50>]}
[0m22:30:19.687721 [debug] [MainThread]: Flushing usage events
[0m22:30:19.816910 [debug] [MainThread]: An error was encountered while trying to flush usage events
[0m22:30:58.940230 [debug] [MainThread]: Sending event: {'category': 'dbt', 'action': 'invocation', 'label': 'start', 'context': [<snowplow_tracker.self_describing_json.SelfDescribingJson object at 0x7b5b391cc5d0>, <snowplow_tracker.self_describing_json.SelfDescribingJson object at 0x7b5b3917f850>, <snowplow_tracker.self_describing_json.SelfDescribingJson object at 0x7b5b391de9d0>]}


============================== 22:30:58.945890 | 87f0e143-0bab-4654-b3fb-f7c5d20a9309 ==============================
[0m22:30:58.945890 [info ] [MainThread]: Running with dbt=1.11.7
[0m22:30:58.946789 [debug] [MainThread]: running dbt with arguments {'log_path': '/usr/app/dbt/capstone_support/logs', 'profiles_dir': '/usr/app/dbt', 'debug': 'False', 'use_experimental_parser': 'False', 'partial_parse': 'True', 'warn_error': 'None', 'indirect_selection': 'eager', 'log_format': 'default', 'send_anonymous_usage_stats': 'True', 'invocation_command': 'dbt run --profiles-dir /usr/app/dbt', 'quiet': 'False', 'empty': 'False', 'fail_fast': 'False', 'target_path': 'None', 'no_print': 'None', 'version_check': 'True', 'warn_error_options': 'WarnErrorOptionsV2(error=[], warn=[], silence=[])', 'cache_selected_only': 'False', 'use_colors': 'True', 'static_parser': 'True', 'log_cache_events': 'False', 'write_json': 'True', 'introspect': 'True', 'printer_width': '80'}
[0m22:30:58.947931 [error] [MainThread]: Encountered an error:
Runtime Error
  dbt cannot run because no profile was specified for this dbt project.
  To specify a profile for this project, add a line like the this to
  your dbt_project.yml file:
  
  profile: [profile name]
  
  Here, [profile name] should be replaced with a profile name
  defined in your profiles.yml file. You can find profiles.yml here:
  
  /root/.dbt/profiles.yml
  
[0m22:30:58.949357 [debug] [MainThread]: Resource report: {"command_name": "run", "command_success": false, "command_wall_clock_time": 0.061363626, "process_in_blocks": "3256", "process_kernel_time": 0.312974, "process_mem_max_rss": "107576", "process_out_blocks": "3200", "process_user_time": 1.443817}
[0m22:30:58.950082 [debug] [MainThread]: Command `dbt run` failed at 22:30:58.949813 after 0.06 seconds
[0m22:30:58.950655 [debug] [MainThread]: Sending event: {'category': 'dbt', 'action': 'invocation', 'label': 'end', 'context': [<snowplow_tracker.self_describing_json.SelfDescribingJson object at 0x7b5b3dd10ed0>, <snowplow_tracker.self_describing_json.SelfDescribingJson object at 0x7b5b391cc410>, <snowplow_tracker.self_describing_json.SelfDescribingJson object at 0x7b5b391de410>]}
[0m22:30:58.951469 [debug] [MainThread]: Flushing usage events
[0m22:30:59.084824 [debug] [MainThread]: An error was encountered while trying to flush usage events
[0m22:33:13.814353 [debug] [MainThread]: Sending event: {'category': 'dbt', 'action': 'invocation', 'label': 'start', 'context': [<snowplow_tracker.self_describing_json.SelfDescribingJson object at 0x7a9eda276550>, <snowplow_tracker.self_describing_json.SelfDescribingJson object at 0x7a9eda282390>, <snowplow_tracker.self_describing_json.SelfDescribingJson object at 0x7a9eda282d50>]}


============================== 22:33:13.822035 | 32ece16b-e90b-4ac6-8b60-03e813076fda ==============================
[0m22:33:13.822035 [info ] [MainThread]: Running with dbt=1.11.7
[0m22:33:13.822804 [debug] [MainThread]: running dbt with arguments {'profiles_dir': '/usr/app/dbt', 'target_path': 'None', 'use_colors': 'True', 'send_anonymous_usage_stats': 'True', 'no_print': 'None', 'log_format': 'default', 'empty': 'False', 'debug': 'False', 'version_check': 'True', 'cache_selected_only': 'False', 'invocation_command': 'dbt run --profiles-dir /usr/app/dbt', 'log_path': '/usr/app/dbt/capstone_support/logs', 'fail_fast': 'False', 'write_json': 'True', 'partial_parse': 'True', 'quiet': 'False', 'warn_error': 'None', 'printer_width': '80', 'introspect': 'True', 'use_experimental_parser': 'False', 'log_cache_events': 'False', 'static_parser': 'True', 'warn_error_options': 'WarnErrorOptionsV2(error=[], warn=[], silence=[])', 'indirect_selection': 'eager'}
[0m22:33:13.824096 [error] [MainThread]: Encountered an error:
Runtime Error
  dbt cannot run because no profile was specified for this dbt project.
  To specify a profile for this project, add a line like the this to
  your dbt_project.yml file:
  
  profile: [profile name]
  
  Here, [profile name] should be replaced with a profile name
  defined in your profiles.yml file. You can find profiles.yml here:
  
  /root/.dbt/profiles.yml
  
[0m22:33:13.825347 [debug] [MainThread]: Resource report: {"command_name": "run", "command_success": false, "command_wall_clock_time": 0.06602652, "process_in_blocks": "2960", "process_kernel_time": 0.306498, "process_mem_max_rss": "107888", "process_out_blocks": "3192", "process_user_time": 1.613304}
[0m22:33:13.825844 [debug] [MainThread]: Command `dbt run` failed at 22:33:13.825727 after 0.07 seconds
[0m22:33:13.826240 [debug] [MainThread]: Sending event: {'category': 'dbt', 'action': 'invocation', 'label': 'end', 'context': [<snowplow_tracker.self_describing_json.SelfDescribingJson object at 0x7a9ededc9010>, <snowplow_tracker.self_describing_json.SelfDescribingJson object at 0x7a9eda282290>, <snowplow_tracker.self_describing_json.SelfDescribingJson object at 0x7a9eda275210>]}
[0m22:33:13.826638 [debug] [MainThread]: Flushing usage events
[0m22:33:13.944151 [debug] [MainThread]: An error was encountered while trying to flush usage events
[0m22:35:48.323825 [debug] [MainThread]: Sending event: {'category': 'dbt', 'action': 'invocation', 'label': 'start', 'context': [<snowplow_tracker.self_describing_json.SelfDescribingJson object at 0x78f017d9aed0>, <snowplow_tracker.self_describing_json.SelfDescribingJson object at 0x78f017d9a6d0>, <snowplow_tracker.self_describing_json.SelfDescribingJson object at 0x78f017d9ac90>]}


============================== 22:35:48.329383 | 66c567f4-5033-4768-9637-48d44b95c017 ==============================
[0m22:35:48.329383 [info ] [MainThread]: Running with dbt=1.11.7
[0m22:35:48.330137 [debug] [MainThread]: running dbt with arguments {'cache_selected_only': 'False', 'version_check': 'True', 'log_cache_events': 'False', 'write_json': 'True', 'introspect': 'True', 'no_print': 'None', 'log_format': 'default', 'warn_error': 'None', 'debug': 'False', 'quiet': 'False', 'log_path': '/usr/app/dbt/capstone_support/logs', 'target_path': 'None', 'static_parser': 'True', 'indirect_selection': 'eager', 'empty': 'False', 'printer_width': '80', 'send_anonymous_usage_stats': 'True', 'profiles_dir': '/usr/app/dbt', 'invocation_command': 'dbt run --profiles-dir /usr/app/dbt', 'partial_parse': 'True', 'warn_error_options': 'WarnErrorOptionsV2(error=[], warn=[], silence=[])', 'use_colors': 'True', 'use_experimental_parser': 'False', 'fail_fast': 'False'}
[0m22:35:48.610546 [debug] [MainThread]: Sending event: {'category': 'dbt', 'action': 'project_id', 'label': '66c567f4-5033-4768-9637-48d44b95c017', 'context': [<snowplow_tracker.self_describing_json.SelfDescribingJson object at 0x78f012f2c490>]}
[0m22:35:48.721769 [debug] [MainThread]: Sending event: {'category': 'dbt', 'action': 'adapter_info', 'label': '66c567f4-5033-4768-9637-48d44b95c017', 'context': [<snowplow_tracker.self_describing_json.SelfDescribingJson object at 0x78f01aeca750>]}
[0m22:35:48.725280 [info ] [MainThread]: Registered adapter: duckdb=1.10.1
[0m22:35:48.876464 [debug] [MainThread]: checksum: b80718358155fc17c3559352095564dd56ada1cc1a1c0ef2e62c857e71583775, vars: {}, profile: , target: , version: 1.11.7
[0m22:35:48.992810 [info ] [MainThread]: Unable to do partial parsing because a project dependency has been added
[0m22:35:48.993394 [debug] [MainThread]: Sending event: {'category': 'dbt', 'action': 'partial_parser', 'label': '66c567f4-5033-4768-9637-48d44b95c017', 'context': [<snowplow_tracker.self_describing_json.SelfDescribingJson object at 0x78f018ea6d10>]}
[0m22:35:51.303522 [warn ] [MainThread]: [[33mWARNING[0m][MissingArgumentsPropertyInGenericTestDeprecation]: Deprecated
functionality
Found top-level arguments to test `accepted_values` defined on 'stg_tickets' in
package 'capstone_support' (models/staging/schema.yml). Arguments to generic
tests should be nested under the `arguments` property.
[0m22:35:51.304351 [debug] [MainThread]: Sending event: {'category': 'dbt', 'action': 'deprecation', 'label': '66c567f4-5033-4768-9637-48d44b95c017', 'property_': 'warn', 'context': [<snowplow_tracker.self_describing_json.SelfDescribingJson object at 0x78f012584890>]}
[0m22:35:51.595314 [warn ] [MainThread]: [[33mWARNING[0m]: Configuration paths exist in your dbt_project.yml file which do not apply to any resources.
There are 3 unused configuration paths:
- models.customer_support_tickets.staging
- models.customer_support_tickets.marts
- models.customer_support_tickets.marts.other
[0m22:35:51.606460 [debug] [MainThread]: Sending event: {'category': 'dbt', 'action': 'load_project', 'label': '66c567f4-5033-4768-9637-48d44b95c017', 'context': [<snowplow_tracker.self_describing_json.SelfDescribingJson object at 0x78f012200c10>]}
[0m22:35:51.793660 [debug] [MainThread]: Wrote artifact WritableManifest to /usr/app/dbt/capstone_support/target/manifest.json
[0m22:35:51.796774 [debug] [MainThread]: Wrote artifact SemanticManifest to /usr/app/dbt/capstone_support/target/semantic_manifest.json
[0m22:35:51.845499 [debug] [MainThread]: Sending event: {'category': 'dbt', 'action': 'resource_counts', 'label': '66c567f4-5033-4768-9637-48d44b95c017', 'context': [<snowplow_tracker.self_describing_json.SelfDescribingJson object at 0x78f0122784d0>]}
[0m22:35:51.846294 [info ] [MainThread]: Found 15 models, 1 seed, 3 data tests, 1 source, 618 macros
[0m22:35:51.846815 [debug] [MainThread]: Sending event: {'category': 'dbt', 'action': 'runnable_timing', 'label': '66c567f4-5033-4768-9637-48d44b95c017', 'context': [<snowplow_tracker.self_describing_json.SelfDescribingJson object at 0x78f0123dc1d0>]}
[0m22:35:51.850685 [info ] [MainThread]: 
[0m22:35:51.851452 [info ] [MainThread]: Concurrency: 4 threads (target='dev')
[0m22:35:51.852087 [info ] [MainThread]: 
[0m22:35:51.853059 [debug] [MainThread]: Acquiring new duckdb connection 'master'
[0m22:35:51.863654 [debug] [ThreadPool]: Acquiring new duckdb connection 'list_support'
[0m22:35:51.927349 [debug] [ThreadPool]: Using duckdb connection "list_support"
[0m22:35:51.927785 [debug] [ThreadPool]: On list_support: /* {"app": "dbt", "dbt_version": "1.11.7", "profile_name": "customer_support_tickets", "target_name": "dev", "connection_name": "list_support"} */

    
    select schema_name
    from system.information_schema.schemata
    
    where lower(catalog_name) = '"support"'
    
  
  
[0m22:35:51.928134 [debug] [ThreadPool]: Opening a new connection, currently in state init
[0m22:35:51.943520 [debug] [ThreadPool]: SQL status: OK in 0.015 seconds
[0m22:35:51.945142 [debug] [ThreadPool]: On list_support: Close
[0m22:35:51.946150 [debug] [ThreadPool]: Re-using an available connection from the pool (formerly list_support, now create_support_main)
[0m22:35:51.946705 [debug] [ThreadPool]: Creating schema "database: "support"
schema: "main"
"
[0m22:35:51.953786 [debug] [ThreadPool]: Using duckdb connection "create_support_main"
[0m22:35:51.954218 [debug] [ThreadPool]: On create_support_main: /* {"app": "dbt", "dbt_version": "1.11.7", "profile_name": "customer_support_tickets", "target_name": "dev", "connection_name": "create_support_main"} */

    
        select type from duckdb_databases()
        where lower(database_name)='support'
        and type='sqlite'
    
  
[0m22:35:51.954549 [debug] [ThreadPool]: Opening a new connection, currently in state closed
[0m22:35:51.955811 [debug] [ThreadPool]: SQL status: OK in 0.001 seconds
[0m22:35:51.957074 [debug] [ThreadPool]: Using duckdb connection "create_support_main"
[0m22:35:51.957418 [debug] [ThreadPool]: On create_support_main: BEGIN
[0m22:35:51.957946 [debug] [ThreadPool]: SQL status: OK in 0.000 seconds
[0m22:35:51.958252 [debug] [ThreadPool]: Using duckdb connection "create_support_main"
[0m22:35:51.958562 [debug] [ThreadPool]: On create_support_main: /* {"app": "dbt", "dbt_version": "1.11.7", "profile_name": "customer_support_tickets", "target_name": "dev", "connection_name": "create_support_main"} */

    
    
        create schema if not exists "support"."main"
    
[0m22:35:51.959139 [debug] [ThreadPool]: SQL status: OK in 0.000 seconds
[0m22:35:51.959905 [debug] [ThreadPool]: On create_support_main: COMMIT
[0m22:35:51.960222 [debug] [ThreadPool]: Using duckdb connection "create_support_main"
[0m22:35:51.960511 [debug] [ThreadPool]: On create_support_main: COMMIT
[0m22:35:51.960989 [debug] [ThreadPool]: SQL status: OK in 0.000 seconds
[0m22:35:51.961316 [debug] [ThreadPool]: On create_support_main: Close
[0m22:35:51.963475 [debug] [ThreadPool]: Re-using an available connection from the pool (formerly create_support_main, now list_support_main)
[0m22:35:51.968984 [debug] [ThreadPool]: Using duckdb connection "list_support_main"
[0m22:35:51.969383 [debug] [ThreadPool]: On list_support_main: BEGIN
[0m22:35:51.969721 [debug] [ThreadPool]: Opening a new connection, currently in state closed
[0m22:35:51.970514 [debug] [ThreadPool]: SQL status: OK in 0.001 seconds
[0m22:35:51.970804 [debug] [ThreadPool]: Using duckdb connection "list_support_main"
[0m22:35:51.971153 [debug] [ThreadPool]: On list_support_main: /* {"app": "dbt", "dbt_version": "1.11.7", "profile_name": "customer_support_tickets", "target_name": "dev", "connection_name": "list_support_main"} */
select
      'support' as database,
      table_name as name,
      table_schema as schema,
      CASE table_type
        WHEN 'BASE TABLE' THEN 'table'
        WHEN 'VIEW' THEN 'view'
        WHEN 'LOCAL TEMPORARY' THEN 'table'
        END as type
    from system.information_schema.tables
    where lower(table_schema) = 'main'
    and lower(table_catalog) = 'support'
  
[0m22:35:51.974633 [debug] [ThreadPool]: SQL status: OK in 0.003 seconds
[0m22:35:51.975921 [debug] [ThreadPool]: On list_support_main: ROLLBACK
[0m22:35:51.976942 [debug] [ThreadPool]: Failed to rollback 'list_support_main'
[0m22:35:51.977323 [debug] [ThreadPool]: On list_support_main: Close
[0m22:35:51.978057 [debug] [MainThread]: Sending event: {'category': 'dbt', 'action': 'runnable_timing', 'label': '66c567f4-5033-4768-9637-48d44b95c017', 'context': [<snowplow_tracker.self_describing_json.SelfDescribingJson object at 0x78f01244a710>]}
[0m22:35:51.978578 [debug] [MainThread]: Using duckdb connection "master"
[0m22:35:51.978872 [debug] [MainThread]: On master: BEGIN
[0m22:35:51.979170 [debug] [MainThread]: Opening a new connection, currently in state init
[0m22:35:51.979860 [debug] [MainThread]: SQL status: OK in 0.001 seconds
[0m22:35:51.980231 [debug] [MainThread]: On master: COMMIT
[0m22:35:51.980533 [debug] [MainThread]: Using duckdb connection "master"
[0m22:35:51.980820 [debug] [MainThread]: On master: COMMIT
[0m22:35:51.981338 [debug] [MainThread]: SQL status: OK in 0.000 seconds
[0m22:35:51.981643 [debug] [MainThread]: On master: Close
[0m22:35:52.032285 [debug] [Thread-1 (]: Began running node model.capstone_support.stg_tickets
[0m22:35:52.033662 [info ] [Thread-1 (]: 1 of 15 START sql view model main.stg_tickets .................................. [RUN]
[0m22:35:52.032764 [debug] [Thread-2 (]: Began running node model.capstone_support.stg_users
[0m22:35:52.034724 [debug] [Thread-1 (]: Re-using an available connection from the pool (formerly list_support_main, now model.capstone_support.stg_tickets)
[0m22:35:52.035767 [info ] [Thread-2 (]: 2 of 15 START sql view model main.stg_users .................................... [RUN]
[0m22:35:52.036632 [debug] [Thread-1 (]: Began compiling node model.capstone_support.stg_tickets
[0m22:35:52.037334 [debug] [Thread-2 (]: Acquiring new duckdb connection 'model.capstone_support.stg_users'
[0m22:35:52.048701 [debug] [Thread-2 (]: Began compiling node model.capstone_support.stg_users
[0m22:35:52.048128 [debug] [Thread-1 (]: Writing injected SQL for node "model.capstone_support.stg_tickets"
[0m22:35:52.056743 [debug] [Thread-1 (]: Began executing node model.capstone_support.stg_tickets
[0m22:35:52.078047 [debug] [Thread-2 (]: Writing injected SQL for node "model.capstone_support.stg_users"
[0m22:35:52.078894 [debug] [Thread-2 (]: Began executing node model.capstone_support.stg_users
[0m22:35:52.110312 [debug] [Thread-2 (]: Writing runtime sql for node "model.capstone_support.stg_users"
[0m22:35:52.111487 [debug] [Thread-1 (]: Writing runtime sql for node "model.capstone_support.stg_tickets"
[0m22:35:52.112307 [debug] [Thread-1 (]: Using duckdb connection "model.capstone_support.stg_tickets"
[0m22:35:52.112756 [debug] [Thread-1 (]: On model.capstone_support.stg_tickets: BEGIN
[0m22:35:52.113174 [debug] [Thread-1 (]: Opening a new connection, currently in state closed
[0m22:35:52.113866 [debug] [Thread-2 (]: Using duckdb connection "model.capstone_support.stg_users"
[0m22:35:52.114309 [debug] [Thread-1 (]: SQL status: OK in 0.001 seconds
[0m22:35:52.114613 [debug] [Thread-2 (]: On model.capstone_support.stg_users: BEGIN
[0m22:35:52.114992 [debug] [Thread-1 (]: Using duckdb connection "model.capstone_support.stg_tickets"
[0m22:35:52.115422 [debug] [Thread-2 (]: Opening a new connection, currently in state init
[0m22:35:52.115862 [debug] [Thread-1 (]: On model.capstone_support.stg_tickets: /* {"app": "dbt", "dbt_version": "1.11.7", "profile_name": "customer_support_tickets", "target_name": "dev", "node_id": "model.capstone_support.stg_tickets"} */

  
  create view "support"."main"."stg_tickets__dbt_tmp" as (
    

with source as (
    select * from "support"."raw"."customer_support_tickets"
),

cleaned as (
    select
        -- La clave subrogada va ACÁ adentro del select
        md5(cast(coalesce(cast("Customer Name" as TEXT), '_dbt_utils_surrogate_key_null_') || '-' || coalesce(cast("Customer Email" as TEXT), '_dbt_utils_surrogate_key_null_') as TEXT)) as customer_id,
        cast("Ticket ID"           as varchar)  as ticket_id,
        lower(trim("Customer Name"))            as customer_name,
        cast("Customer Age"        as integer)  as customer_age,
        lower(trim("Customer Gender"))          as customer_gender,
        lower(trim("Product Purchased"))        as product_purchased,
        cast("Date of Purchase"    as date)     as purchase_date,
        lower(trim("Ticket Type"))              as ticket_type,
        lower(trim("Ticket Subject"))           as ticket_subject,
        lower(trim("Ticket Status"))            as ticket_status,
        lower(trim("Ticket Priority"))          as ticket_priority,
        lower(trim("Ticket Channel"))           as ticket_channel,
        epoch(cast("First Response Time" as timestamp)) / 3600.0  as first_response_hrs,
        epoch(cast("Time to Resolution"  as timestamp)) / 3600.0  as resolution_hrs,
        cast("Customer Satisfaction Rating" as double) as satisfaction_rating,
        _ingested_at
    from source
)

select * from cleaned
  );

[0m22:35:52.116872 [debug] [Thread-2 (]: SQL status: OK in 0.001 seconds
[0m22:35:52.117358 [debug] [Thread-2 (]: Using duckdb connection "model.capstone_support.stg_users"
[0m22:35:52.117847 [debug] [Thread-2 (]: On model.capstone_support.stg_users: /* {"app": "dbt", "dbt_version": "1.11.7", "profile_name": "customer_support_tickets", "target_name": "dev", "node_id": "model.capstone_support.stg_users"} */

  
  create view "support"."main"."stg_users__dbt_tmp" as (
    

with source as (
    select * from "support"."raw"."customer_support_tickets"
)

select
    distinct
    md5(cast(coalesce(cast("Customer Name" as TEXT), '_dbt_utils_surrogate_key_null_') || '-' || coalesce(cast("Customer Email" as TEXT), '_dbt_utils_surrogate_key_null_') as TEXT)) as user_id,
    "Customer Name" as name,
    "Customer Email" as email
from "support"."raw"."customer_support_tickets"
  );

[0m22:35:52.118535 [debug] [Thread-1 (]: SQL status: OK in 0.002 seconds
[0m22:35:52.124548 [debug] [Thread-2 (]: SQL status: OK in 0.006 seconds
[0m22:35:52.125067 [debug] [Thread-1 (]: Using duckdb connection "model.capstone_support.stg_tickets"
[0m22:35:52.128161 [debug] [Thread-2 (]: Using duckdb connection "model.capstone_support.stg_users"
[0m22:35:52.128603 [debug] [Thread-1 (]: On model.capstone_support.stg_tickets: /* {"app": "dbt", "dbt_version": "1.11.7", "profile_name": "customer_support_tickets", "target_name": "dev", "node_id": "model.capstone_support.stg_tickets"} */
alter view "support"."main"."stg_tickets__dbt_tmp" rename to "stg_tickets"
[0m22:35:52.129044 [debug] [Thread-2 (]: On model.capstone_support.stg_users: /* {"app": "dbt", "dbt_version": "1.11.7", "profile_name": "customer_support_tickets", "target_name": "dev", "node_id": "model.capstone_support.stg_users"} */
alter view "support"."main"."stg_users__dbt_tmp" rename to "stg_users"
[0m22:35:52.130153 [debug] [Thread-2 (]: SQL status: OK in 0.000 seconds
[0m22:35:52.130467 [debug] [Thread-1 (]: SQL status: OK in 0.001 seconds
[0m22:35:52.141968 [debug] [Thread-2 (]: On model.capstone_support.stg_users: COMMIT
[0m22:35:52.143356 [debug] [Thread-1 (]: On model.capstone_support.stg_tickets: COMMIT
[0m22:35:52.143853 [debug] [Thread-2 (]: Using duckdb connection "model.capstone_support.stg_users"
[0m22:35:52.144304 [debug] [Thread-1 (]: Using duckdb connection "model.capstone_support.stg_tickets"
[0m22:35:52.144742 [debug] [Thread-2 (]: On model.capstone_support.stg_users: COMMIT
[0m22:35:52.145166 [debug] [Thread-1 (]: On model.capstone_support.stg_tickets: COMMIT
[0m22:35:52.150517 [debug] [Thread-1 (]: SQL status: OK in 0.005 seconds
[0m22:35:52.156673 [debug] [Thread-1 (]: Using duckdb connection "model.capstone_support.stg_tickets"
[0m22:35:52.157150 [debug] [Thread-2 (]: SQL status: OK in 0.012 seconds
[0m22:35:52.157484 [debug] [Thread-1 (]: On model.capstone_support.stg_tickets: /* {"app": "dbt", "dbt_version": "1.11.7", "profile_name": "customer_support_tickets", "target_name": "dev", "node_id": "model.capstone_support.stg_tickets"} */

      drop view if exists "support"."main"."stg_tickets__dbt_backup" cascade
    
[0m22:35:52.160079 [debug] [Thread-2 (]: Using duckdb connection "model.capstone_support.stg_users"
[0m22:35:52.160715 [debug] [Thread-2 (]: On model.capstone_support.stg_users: /* {"app": "dbt", "dbt_version": "1.11.7", "profile_name": "customer_support_tickets", "target_name": "dev", "node_id": "model.capstone_support.stg_users"} */

      drop view if exists "support"."main"."stg_users__dbt_backup" cascade
    
[0m22:35:52.161321 [debug] [Thread-1 (]: SQL status: OK in 0.001 seconds
[0m22:35:52.161747 [debug] [Thread-2 (]: SQL status: OK in 0.001 seconds
[0m22:35:52.163976 [debug] [Thread-1 (]: On model.capstone_support.stg_tickets: Close
[0m22:35:52.165207 [debug] [Thread-2 (]: On model.capstone_support.stg_users: Close
[0m22:35:52.167411 [debug] [Thread-1 (]: Sending event: {'category': 'dbt', 'action': 'run_model', 'label': '66c567f4-5033-4768-9637-48d44b95c017', 'context': [<snowplow_tracker.self_describing_json.SelfDescribingJson object at 0x78f0118a7f90>]}
[0m22:35:52.167699 [debug] [Thread-2 (]: Sending event: {'category': 'dbt', 'action': 'run_model', 'label': '66c567f4-5033-4768-9637-48d44b95c017', 'context': [<snowplow_tracker.self_describing_json.SelfDescribingJson object at 0x78f01184edd0>]}
[0m22:35:52.168366 [info ] [Thread-1 (]: 1 of 15 OK created sql view model main.stg_tickets ............................. [[32mOK[0m in 0.13s]
[0m22:35:52.169225 [info ] [Thread-2 (]: 2 of 15 OK created sql view model main.stg_users ............................... [[32mOK[0m in 0.13s]
[0m22:35:52.170070 [debug] [Thread-1 (]: Finished running node model.capstone_support.stg_tickets
[0m22:35:52.170801 [debug] [Thread-2 (]: Finished running node model.capstone_support.stg_users
[0m22:35:52.172171 [debug] [Thread-4 (]: Began running node model.capstone_support.dim_agents
[0m22:35:52.172591 [debug] [Thread-3 (]: Began running node model.capstone_support.dim_customers
[0m22:35:52.173067 [debug] [Thread-1 (]: Began running node model.capstone_support.dim_date
[0m22:35:52.173583 [info ] [Thread-4 (]: 3 of 15 START sql table model main.dim_agents .................................. [RUN]
[0m22:35:52.174151 [debug] [Thread-2 (]: Began running node model.capstone_support.dim_products
[0m22:35:52.174750 [info ] [Thread-3 (]: 4 of 15 START sql table model main.dim_customers ............................... [RUN]
[0m22:35:52.175522 [info ] [Thread-1 (]: 5 of 15 START sql table model main.dim_date .................................... [RUN]
[0m22:35:52.176700 [debug] [Thread-4 (]: Acquiring new duckdb connection 'model.capstone_support.dim_agents'
[0m22:35:52.178286 [debug] [Thread-3 (]: Acquiring new duckdb connection 'model.capstone_support.dim_customers'
[0m22:35:52.177379 [info ] [Thread-2 (]: 6 of 15 START sql table model main.dim_products ................................ [RUN]
[0m22:35:52.179326 [debug] [Thread-1 (]: Re-using an available connection from the pool (formerly model.capstone_support.stg_tickets, now model.capstone_support.dim_date)
[0m22:35:52.179755 [debug] [Thread-4 (]: Began compiling node model.capstone_support.dim_agents
[0m22:35:52.180181 [debug] [Thread-3 (]: Began compiling node model.capstone_support.dim_customers
[0m22:35:52.180663 [debug] [Thread-2 (]: Re-using an available connection from the pool (formerly model.capstone_support.stg_users, now model.capstone_support.dim_products)
[0m22:35:52.181130 [debug] [Thread-1 (]: Began compiling node model.capstone_support.dim_date
[0m22:35:52.185399 [debug] [Thread-4 (]: Writing injected SQL for node "model.capstone_support.dim_agents"
[0m22:35:52.190985 [debug] [Thread-3 (]: Writing injected SQL for node "model.capstone_support.dim_customers"
[0m22:35:52.191472 [debug] [Thread-2 (]: Began compiling node model.capstone_support.dim_products
[0m22:35:52.194479 [debug] [Thread-1 (]: Writing injected SQL for node "model.capstone_support.dim_date"
[0m22:35:52.195318 [debug] [Thread-3 (]: Began executing node model.capstone_support.dim_customers
[0m22:35:52.195760 [debug] [Thread-4 (]: Began executing node model.capstone_support.dim_agents
[0m22:35:52.198639 [debug] [Thread-2 (]: Writing injected SQL for node "model.capstone_support.dim_products"
[0m22:35:52.214926 [debug] [Thread-1 (]: Began executing node model.capstone_support.dim_date
[0m22:35:52.218210 [debug] [Thread-3 (]: Writing runtime sql for node "model.capstone_support.dim_customers"
[0m22:35:52.221632 [debug] [Thread-4 (]: Writing runtime sql for node "model.capstone_support.dim_agents"
[0m22:35:52.224943 [debug] [Thread-1 (]: Writing runtime sql for node "model.capstone_support.dim_date"
[0m22:35:52.225319 [debug] [Thread-2 (]: Began executing node model.capstone_support.dim_products
[0m22:35:52.226222 [debug] [Thread-3 (]: Using duckdb connection "model.capstone_support.dim_customers"
[0m22:35:52.226852 [debug] [Thread-1 (]: Using duckdb connection "model.capstone_support.dim_date"
[0m22:35:52.227414 [debug] [Thread-4 (]: Using duckdb connection "model.capstone_support.dim_agents"
[0m22:35:52.230242 [debug] [Thread-2 (]: Writing runtime sql for node "model.capstone_support.dim_products"
[0m22:35:52.230647 [debug] [Thread-3 (]: On model.capstone_support.dim_customers: BEGIN
[0m22:35:52.231097 [debug] [Thread-1 (]: On model.capstone_support.dim_date: BEGIN
[0m22:35:52.231534 [debug] [Thread-4 (]: On model.capstone_support.dim_agents: BEGIN
[0m22:35:52.232193 [debug] [Thread-2 (]: Using duckdb connection "model.capstone_support.dim_products"
[0m22:35:52.232497 [debug] [Thread-3 (]: Opening a new connection, currently in state init
[0m22:35:52.232877 [debug] [Thread-1 (]: Opening a new connection, currently in state closed
[0m22:35:52.233287 [debug] [Thread-4 (]: Opening a new connection, currently in state init
[0m22:35:52.233701 [debug] [Thread-2 (]: On model.capstone_support.dim_products: BEGIN
[0m22:35:52.234646 [debug] [Thread-1 (]: SQL status: OK in 0.002 seconds
[0m22:35:52.234941 [debug] [Thread-3 (]: SQL status: OK in 0.002 seconds
[0m22:35:52.235547 [debug] [Thread-2 (]: Opening a new connection, currently in state closed
[0m22:35:52.235904 [debug] [Thread-4 (]: SQL status: OK in 0.003 seconds
[0m22:35:52.236278 [debug] [Thread-1 (]: Using duckdb connection "model.capstone_support.dim_date"
[0m22:35:52.236684 [debug] [Thread-3 (]: Using duckdb connection "model.capstone_support.dim_customers"
[0m22:35:52.237293 [debug] [Thread-4 (]: Using duckdb connection "model.capstone_support.dim_agents"
[0m22:35:52.239074 [debug] [Thread-4 (]: On model.capstone_support.dim_agents: /* {"app": "dbt", "dbt_version": "1.11.7", "profile_name": "customer_support_tickets", "target_name": "dev", "node_id": "model.capstone_support.dim_agents"} */

  
    
    

    create  table
      "support"."main"."dim_agents__dbt_tmp"
  
    as (
      

with source as (

    select * from "support"."main"."stg_tickets"

),

dim_agents as (

    select distinct
        agent as agent_id,
        agent_team,
        agent_role

    from source
    where agent is not null

)

select * from dim_agents
    );
  
  
[0m22:35:52.238136 [debug] [Thread-1 (]: On model.capstone_support.dim_date: /* {"app": "dbt", "dbt_version": "1.11.7", "profile_name": "customer_support_tickets", "target_name": "dev", "node_id": "model.capstone_support.dim_date"} */

  
    
    

    create  table
      "support"."main"."dim_date__dbt_tmp"
  
    as (
      

with dates as (

    select
        created_at as full_date
    from "support"."main"."stg_tickets"

    union

    select
        resolved_at
    from "support"."main"."stg_tickets"

),

dim_date as (

    select distinct
        full_date,

        extract(year from full_date) as year,
        extract(month from full_date) as month,
        extract(day from full_date) as day,
        extract(dow from full_date) as day_of_week,
        extract(quarter from full_date) as quarter

    from dates
    where full_date is not null

)

select * from dim_date
    );
  
  
[0m22:35:52.237718 [debug] [Thread-2 (]: SQL status: OK in 0.002 seconds
[0m22:35:52.241375 [debug] [Thread-2 (]: Using duckdb connection "model.capstone_support.dim_products"
[0m22:35:52.241868 [debug] [Thread-2 (]: On model.capstone_support.dim_products: /* {"app": "dbt", "dbt_version": "1.11.7", "profile_name": "customer_support_tickets", "target_name": "dev", "node_id": "model.capstone_support.dim_products"} */

  
    
    

    create  table
      "support"."main"."dim_products__dbt_tmp"
  
    as (
      

with source as (

    select * from "support"."main"."stg_tickets"

),

dim_products as (

    select distinct
        product_id,
        product_name,
        purchase_date

    from source
    where product_id is not null

)

select * from dim_products
    );
  
  
[0m22:35:52.238568 [debug] [Thread-3 (]: On model.capstone_support.dim_customers: /* {"app": "dbt", "dbt_version": "1.11.7", "profile_name": "customer_support_tickets", "target_name": "dev", "node_id": "model.capstone_support.dim_customers"} */

  
    
    

    create  table
      "support"."main"."dim_customers__dbt_tmp"
  
    as (
      

with source as (

    select * from "support"."main"."stg_tickets"

),

dim_customers as (

    select distinct
        customer_id,
        customer_name,
        customer_email,
        customer_age,
        gender as customer_gender

    from source
    where customer_id is not null

)

select * from dim_customers
    );
  
  
[0m22:35:52.245917 [debug] [Thread-3 (]: DuckDB adapter: duckdb error: Binder Error: Referenced column "customer_email" not found in FROM clause!
Candidate bindings: "customer_name", "customer_id", "customer_age", "customer_gender", "resolution_hrs"

LINE 24:         customer_email,
                 ^
[0m22:35:52.246539 [debug] [Thread-3 (]: DuckDB adapter: Error running SQL: /* {"app": "dbt", "dbt_version": "1.11.7", "profile_name": "customer_support_tickets", "target_name": "dev", "node_id": "model.capstone_support.dim_customers"} */

  
    
    

    create  table
      "support"."main"."dim_customers__dbt_tmp"
  
    as (
      

with source as (

    select * from "support"."main"."stg_tickets"

),

dim_customers as (

    select distinct
        customer_id,
        customer_name,
        customer_email,
        customer_age,
        gender as customer_gender

    from source
    where customer_id is not null

)

select * from dim_customers
    );
  
  
[0m22:35:52.247024 [debug] [Thread-3 (]: DuckDB adapter: Rolling back transaction.
[0m22:35:52.249909 [debug] [Thread-3 (]: On model.capstone_support.dim_customers: ROLLBACK
[0m22:35:52.248509 [debug] [Thread-2 (]: DuckDB adapter: duckdb error: Binder Error: Referenced column "product_id" not found in FROM clause!
Candidate bindings: "product_purchased", "ticket_id", "customer_id", "purchase_date", "customer_gender"

LINE 27:     where product_id is not null
                   ^
[0m22:35:52.250829 [debug] [Thread-2 (]: DuckDB adapter: Error running SQL: /* {"app": "dbt", "dbt_version": "1.11.7", "profile_name": "customer_support_tickets", "target_name": "dev", "node_id": "model.capstone_support.dim_products"} */

  
    
    

    create  table
      "support"."main"."dim_products__dbt_tmp"
  
    as (
      

with source as (

    select * from "support"."main"."stg_tickets"

),

dim_products as (

    select distinct
        product_id,
        product_name,
        purchase_date

    from source
    where product_id is not null

)

select * from dim_products
    );
  
  
[0m22:35:52.251303 [debug] [Thread-2 (]: DuckDB adapter: Rolling back transaction.
[0m22:35:52.251747 [debug] [Thread-2 (]: On model.capstone_support.dim_products: ROLLBACK
[0m22:35:52.249375 [debug] [Thread-1 (]: DuckDB adapter: duckdb error: Binder Error: Referenced column "created_at" not found in FROM clause!
Candidate bindings: "_ingested_at", "purchase_date", "ticket_id", "customer_gender", "customer_age"

LINE 16:         created_at as full_date
                 ^
[0m22:35:52.247701 [debug] [Thread-4 (]: DuckDB adapter: duckdb error: Binder Error: Referenced column "agent" not found in FROM clause!
Candidate bindings: "_ingested_at", "ticket_id", "purchase_date"

LINE 27:     where agent is not null
                   ^
[0m22:35:52.254617 [debug] [Thread-4 (]: DuckDB adapter: Error running SQL: /* {"app": "dbt", "dbt_version": "1.11.7", "profile_name": "customer_support_tickets", "target_name": "dev", "node_id": "model.capstone_support.dim_agents"} */

  
    
    

    create  table
      "support"."main"."dim_agents__dbt_tmp"
  
    as (
      

with source as (

    select * from "support"."main"."stg_tickets"

),

dim_agents as (

    select distinct
        agent as agent_id,
        agent_team,
        agent_role

    from source
    where agent is not null

)

select * from dim_agents
    );
  
  
[0m22:35:52.255763 [debug] [Thread-4 (]: DuckDB adapter: Rolling back transaction.
[0m22:35:52.256240 [debug] [Thread-4 (]: On model.capstone_support.dim_agents: ROLLBACK
[0m22:35:52.253986 [debug] [Thread-1 (]: DuckDB adapter: Error running SQL: /* {"app": "dbt", "dbt_version": "1.11.7", "profile_name": "customer_support_tickets", "target_name": "dev", "node_id": "model.capstone_support.dim_date"} */

  
    
    

    create  table
      "support"."main"."dim_date__dbt_tmp"
  
    as (
      

with dates as (

    select
        created_at as full_date
    from "support"."main"."stg_tickets"

    union

    select
        resolved_at
    from "support"."main"."stg_tickets"

),

dim_date as (

    select distinct
        full_date,

        extract(year from full_date) as year,
        extract(month from full_date) as month,
        extract(day from full_date) as day,
        extract(dow from full_date) as day_of_week,
        extract(quarter from full_date) as quarter

    from dates
    where full_date is not null

)

select * from dim_date
    );
  
  
[0m22:35:52.257621 [debug] [Thread-1 (]: DuckDB adapter: Rolling back transaction.
[0m22:35:52.259421 [debug] [Thread-2 (]: Failed to rollback 'model.capstone_support.dim_products'
[0m22:35:52.262688 [debug] [Thread-2 (]: On model.capstone_support.dim_products: Close
[0m22:35:52.262103 [debug] [Thread-1 (]: On model.capstone_support.dim_date: ROLLBACK
[0m22:35:52.265268 [debug] [Thread-1 (]: Failed to rollback 'model.capstone_support.dim_date'
[0m22:35:52.260528 [debug] [Thread-3 (]: Failed to rollback 'model.capstone_support.dim_customers'
[0m22:35:52.266729 [debug] [Thread-3 (]: On model.capstone_support.dim_customers: Close
[0m22:35:52.261511 [debug] [Thread-4 (]: Failed to rollback 'model.capstone_support.dim_agents'
[0m22:35:52.267637 [debug] [Thread-4 (]: On model.capstone_support.dim_agents: Close
[0m22:35:52.265889 [debug] [Thread-1 (]: On model.capstone_support.dim_date: Close
[0m22:35:52.284396 [debug] [Thread-2 (]: Runtime Error in model dim_products (models/marts/other/dim_products.sql)
  Binder Error: Referenced column "product_id" not found in FROM clause!
  Candidate bindings: "product_purchased", "ticket_id", "customer_id", "purchase_date", "customer_gender"
  
  LINE 27:     where product_id is not null
                     ^
[0m22:35:52.299595 [debug] [Thread-2 (]: Sending event: {'category': 'dbt', 'action': 'run_model', 'label': '66c567f4-5033-4768-9637-48d44b95c017', 'context': [<snowplow_tracker.self_describing_json.SelfDescribingJson object at 0x78f0117c7b50>]}
[0m22:35:52.295254 [debug] [Thread-3 (]: Runtime Error in model dim_customers (models/marts/other/dim_customers.sql)
  Binder Error: Referenced column "customer_email" not found in FROM clause!
  Candidate bindings: "customer_name", "customer_id", "customer_age", "customer_gender", "resolution_hrs"
  
  LINE 24:         customer_email,
                   ^
[0m22:35:52.302637 [debug] [Thread-3 (]: Sending event: {'category': 'dbt', 'action': 'run_model', 'label': '66c567f4-5033-4768-9637-48d44b95c017', 'context': [<snowplow_tracker.self_describing_json.SelfDescribingJson object at 0x78f012ac1d10>]}
[0m22:35:52.298882 [debug] [Thread-4 (]: Runtime Error in model dim_agents (models/marts/other/dim_agents.sql)
  Binder Error: Referenced column "agent" not found in FROM clause!
  Candidate bindings: "_ingested_at", "ticket_id", "purchase_date"
  
  LINE 27:     where agent is not null
                     ^
[0m22:35:52.288776 [debug] [Thread-1 (]: Runtime Error in model dim_date (models/marts/other/dim_date.sql)
  Binder Error: Referenced column "created_at" not found in FROM clause!
  Candidate bindings: "_ingested_at", "purchase_date", "ticket_id", "customer_gender", "customer_age"
  
  LINE 16:         created_at as full_date
                   ^
[0m22:35:52.306221 [debug] [Thread-1 (]: Sending event: {'category': 'dbt', 'action': 'run_model', 'label': '66c567f4-5033-4768-9637-48d44b95c017', 'context': [<snowplow_tracker.self_describing_json.SelfDescribingJson object at 0x78f01186e550>]}
[0m22:35:52.301638 [error] [Thread-2 (]: 6 of 15 ERROR creating sql table model main.dim_products ....................... [[31mERROR[0m in 0.12s]
[0m22:35:52.305204 [debug] [Thread-4 (]: Sending event: {'category': 'dbt', 'action': 'run_model', 'label': '66c567f4-5033-4768-9637-48d44b95c017', 'context': [<snowplow_tracker.self_describing_json.SelfDescribingJson object at 0x78f01183a8d0>]}
[0m22:35:52.308578 [debug] [Thread-2 (]: Finished running node model.capstone_support.dim_products
[0m22:35:52.304407 [error] [Thread-3 (]: 4 of 15 ERROR creating sql table model main.dim_customers ...................... [[31mERROR[0m in 0.12s]
[0m22:35:52.312566 [debug] [Thread-3 (]: Finished running node model.capstone_support.dim_customers
[0m22:35:52.307379 [error] [Thread-1 (]: 5 of 15 ERROR creating sql table model main.dim_date ........................... [[31mERROR[0m in 0.13s]
[0m22:35:52.311823 [debug] [Thread-2 (]: Began running node model.capstone_support.fact_tickets
[0m22:35:52.310529 [error] [Thread-4 (]: 3 of 15 ERROR creating sql table model main.dim_agents ......................... [[31mERROR[0m in 0.13s]
[0m22:35:52.319563 [debug] [Thread-4 (]: Finished running node model.capstone_support.dim_agents
[0m22:35:52.320452 [debug] [Thread-4 (]: Began running node model.capstone_support.fct_business_performanceB
[0m22:35:52.315697 [debug] [Thread-7 (]: Marking all children of 'model.capstone_support.dim_products' to be skipped because of status 'error'.  Reason: Runtime Error in model dim_products (models/marts/other/dim_products.sql)
  Binder Error: Referenced column "product_id" not found in FROM clause!
  Candidate bindings: "product_purchased", "ticket_id", "customer_id", "purchase_date", "customer_gender"
  
  LINE 27:     where product_id is not null
                     ^.
[0m22:35:52.318188 [info ] [Thread-2 (]: 7 of 15 START sql table model main.fact_tickets ................................ [RUN]
[0m22:35:52.313775 [debug] [Thread-3 (]: Began running node model.capstone_support.fct_business_performanceA
[0m22:35:52.324794 [info ] [Thread-3 (]: 8 of 15 START sql table model main.fct_business_performanceA ................... [RUN]
[0m22:35:52.325928 [debug] [Thread-3 (]: Re-using an available connection from the pool (formerly model.capstone_support.dim_customers, now model.capstone_support.fct_business_performanceA)
[0m22:35:52.323787 [debug] [Thread-7 (]: Marking all children of 'model.capstone_support.dim_customers' to be skipped because of status 'error'.  Reason: Runtime Error in model dim_customers (models/marts/other/dim_customers.sql)
  Binder Error: Referenced column "customer_email" not found in FROM clause!
  Candidate bindings: "customer_name", "customer_id", "customer_age", "customer_gender", "resolution_hrs"
  
  LINE 24:         customer_email,
                   ^.
[0m22:35:52.317455 [debug] [Thread-1 (]: Finished running node model.capstone_support.dim_date
[0m22:35:52.328095 [debug] [Thread-1 (]: Began running node model.capstone_support.fct_tickets
[0m22:35:52.321089 [info ] [Thread-4 (]: 9 of 15 START sql table model main.fct_business_performanceB ................... [RUN]
[0m22:35:52.329587 [debug] [Thread-4 (]: Re-using an available connection from the pool (formerly model.capstone_support.dim_agents, now model.capstone_support.fct_business_performanceB)
[0m22:35:52.325305 [debug] [Thread-2 (]: Re-using an available connection from the pool (formerly model.capstone_support.dim_products, now model.capstone_support.fact_tickets)
[0m22:35:52.330868 [debug] [Thread-2 (]: Began compiling node model.capstone_support.fact_tickets
[0m22:35:52.326468 [debug] [Thread-3 (]: Began compiling node model.capstone_support.fct_business_performanceA
[0m22:35:52.328860 [info ] [Thread-1 (]: 10 of 15 START sql view model main.fct_tickets ................................. [RUN]
[0m22:35:52.343434 [debug] [Thread-1 (]: Re-using an available connection from the pool (formerly model.capstone_support.dim_date, now model.capstone_support.fct_tickets)
[0m22:35:52.330310 [debug] [Thread-4 (]: Began compiling node model.capstone_support.fct_business_performanceB
[0m22:35:52.343978 [debug] [Thread-1 (]: Began compiling node model.capstone_support.fct_tickets
[0m22:35:52.327442 [debug] [Thread-7 (]: Marking all children of 'model.capstone_support.dim_agents' to be skipped because of status 'error'.  Reason: Runtime Error in model dim_agents (models/marts/other/dim_agents.sql)
  Binder Error: Referenced column "agent" not found in FROM clause!
  Candidate bindings: "_ingested_at", "ticket_id", "purchase_date"
  
  LINE 27:     where agent is not null
                     ^.
[0m22:35:52.352975 [debug] [Thread-7 (]: Marking all children of 'model.capstone_support.dim_date' to be skipped because of status 'error'.  Reason: Runtime Error in model dim_date (models/marts/other/dim_date.sql)
  Binder Error: Referenced column "created_at" not found in FROM clause!
  Candidate bindings: "_ingested_at", "purchase_date", "ticket_id", "customer_gender", "customer_age"
  
  LINE 16:         created_at as full_date
                   ^.
[0m22:35:52.352253 [debug] [Thread-1 (]: Writing injected SQL for node "model.capstone_support.fct_tickets"
[0m22:35:52.347821 [debug] [Thread-4 (]: Writing injected SQL for node "model.capstone_support.fct_business_performanceB"
[0m22:35:52.336257 [debug] [Thread-2 (]: Writing injected SQL for node "model.capstone_support.fact_tickets"
[0m22:35:52.354140 [debug] [Thread-2 (]: Began executing node model.capstone_support.fact_tickets
[0m22:35:52.348773 [debug] [Thread-3 (]: Writing injected SQL for node "model.capstone_support.fct_business_performanceA"
[0m22:35:52.359003 [debug] [Thread-4 (]: Began executing node model.capstone_support.fct_business_performanceB
[0m22:35:52.359571 [debug] [Thread-1 (]: Began executing node model.capstone_support.fct_tickets
[0m22:35:52.358495 [debug] [Thread-2 (]: Writing runtime sql for node "model.capstone_support.fact_tickets"
[0m22:35:52.375738 [debug] [Thread-2 (]: Using duckdb connection "model.capstone_support.fact_tickets"
[0m22:35:52.376923 [debug] [Thread-2 (]: On model.capstone_support.fact_tickets: BEGIN
[0m22:35:52.377426 [debug] [Thread-2 (]: Opening a new connection, currently in state closed
[0m22:35:52.379548 [debug] [Thread-4 (]: Writing runtime sql for node "model.capstone_support.fct_business_performanceB"
[0m22:35:52.376456 [debug] [Thread-3 (]: Began executing node model.capstone_support.fct_business_performanceA
[0m22:35:52.380015 [debug] [Thread-1 (]: Writing runtime sql for node "model.capstone_support.fct_tickets"
[0m22:35:52.385657 [debug] [Thread-1 (]: Using duckdb connection "model.capstone_support.fct_tickets"
[0m22:35:52.386881 [debug] [Thread-1 (]: On model.capstone_support.fct_tickets: BEGIN
[0m22:35:52.384826 [debug] [Thread-3 (]: Writing runtime sql for node "model.capstone_support.fct_business_performanceA"
[0m22:35:52.386374 [debug] [Thread-4 (]: Using duckdb connection "model.capstone_support.fct_business_performanceB"
[0m22:35:52.387979 [debug] [Thread-2 (]: SQL status: OK in 0.011 seconds
[0m22:35:52.390197 [debug] [Thread-2 (]: Using duckdb connection "model.capstone_support.fact_tickets"
[0m22:35:52.388886 [debug] [Thread-1 (]: Opening a new connection, currently in state closed
[0m22:35:52.392815 [debug] [Thread-1 (]: SQL status: OK in 0.004 seconds
[0m22:35:52.389627 [debug] [Thread-4 (]: On model.capstone_support.fct_business_performanceB: BEGIN
[0m22:35:52.391867 [debug] [Thread-2 (]: On model.capstone_support.fact_tickets: /* {"app": "dbt", "dbt_version": "1.11.7", "profile_name": "customer_support_tickets", "target_name": "dev", "node_id": "model.capstone_support.fact_tickets"} */

  
    
    

    create  table
      "support"."main"."fact_tickets__dbt_tmp"
  
    as (
      

with source as (

    select * from "support"."main"."stg_tickets"

),

fact as (

    select
        ticket_id,

        customer_id,
        agent as agent_id,
        product_id,

        created_at,
        resolved_at,

        first_response_time,
        time_to_resolution,
        customer_satisfaction_rating,
        status,
        priority

    from source

)

select * from fact
    );
  
  
[0m22:35:52.391270 [debug] [Thread-3 (]: Using duckdb connection "model.capstone_support.fct_business_performanceA"
[0m22:35:52.394592 [debug] [Thread-3 (]: On model.capstone_support.fct_business_performanceA: BEGIN
[0m22:35:52.396335 [debug] [Thread-3 (]: Opening a new connection, currently in state closed
[0m22:35:52.393872 [debug] [Thread-4 (]: Opening a new connection, currently in state closed
[0m22:35:52.397351 [debug] [Thread-4 (]: SQL status: OK in 0.003 seconds
[0m22:35:52.393332 [debug] [Thread-1 (]: Using duckdb connection "model.capstone_support.fct_tickets"
[0m22:35:52.400463 [debug] [Thread-1 (]: On model.capstone_support.fct_tickets: /* {"app": "dbt", "dbt_version": "1.11.7", "profile_name": "customer_support_tickets", "target_name": "dev", "node_id": "model.capstone_support.fct_tickets"} */

  
  create view "support"."main"."fct_tickets__dbt_tmp" as (
    SELECT
    ticket_id,
    user_id,
    created_at,
    closed_at,
    status,
    -- KPI: TTR (Time to Resolution)
    timestamp_diff(closed_at, created_at, MINUTE) as ttr_minutes,
    -- KPI: FIRST RESPONSE TIME
    timestamp_diff(first_interaction_at, created_at, MINUTE) as frt_minutes
FROM "support"."main"."stg_tickets"
-- EFECTIVIZA KPI: Eficiencia operativa. 
-- Si el TTR sube, necesitás más personal o mejor automatización.
  );

[0m22:35:52.399857 [debug] [Thread-4 (]: Using duckdb connection "model.capstone_support.fct_business_performanceB"
[0m22:35:52.397979 [debug] [Thread-3 (]: SQL status: OK in 0.002 seconds
[0m22:35:52.403137 [debug] [Thread-3 (]: Using duckdb connection "model.capstone_support.fct_business_performanceA"
[0m22:35:52.399388 [debug] [Thread-2 (]: DuckDB adapter: duckdb error: Binder Error: Referenced column "agent" not found in FROM clause!
Candidate bindings: "_ingested_at", "ticket_id", "purchase_date"

LINE 25:         agent as agent_id,
                 ^
[0m22:35:52.405181 [debug] [Thread-2 (]: DuckDB adapter: Error running SQL: /* {"app": "dbt", "dbt_version": "1.11.7", "profile_name": "customer_support_tickets", "target_name": "dev", "node_id": "model.capstone_support.fact_tickets"} */

  
    
    

    create  table
      "support"."main"."fact_tickets__dbt_tmp"
  
    as (
      

with source as (

    select * from "support"."main"."stg_tickets"

),

fact as (

    select
        ticket_id,

        customer_id,
        agent as agent_id,
        product_id,

        created_at,
        resolved_at,

        first_response_time,
        time_to_resolution,
        customer_satisfaction_rating,
        status,
        priority

    from source

)

select * from fact
    );
  
  
[0m22:35:52.405761 [debug] [Thread-2 (]: DuckDB adapter: Rolling back transaction.
[0m22:35:52.406258 [debug] [Thread-2 (]: On model.capstone_support.fact_tickets: ROLLBACK
[0m22:35:52.402509 [debug] [Thread-4 (]: On model.capstone_support.fct_business_performanceB: /* {"app": "dbt", "dbt_version": "1.11.7", "profile_name": "customer_support_tickets", "target_name": "dev", "node_id": "model.capstone_support.fct_business_performanceB"} */

  
    
    

    create  table
      "support"."main"."fct_business_performanceB__dbt_tmp"
  
    as (
      

WITH metrics AS (
    SELECT 
        *,
        -- KPI: Ticket Resolution Time (TRT)
        EXTRACT(EPOCH FROM (closed_at - created_at))/3600 as trt_hours,
        -- KPI: ROI (Rentabilidad)
        (revenue - cac) / NULLIF(cac, 0) as roi
    FROM "support"."main"."stg_tickets"
)
SELECT 
    category,
    AVG(trt_hours) as avg_resolution_time,
    AVG(cac) as avg_cac,
    AVG(roi) as avg_roi,
    AVG(nps_score) as nps_index,
    COUNT(ticket_id) as total_tickets
FROM metrics
GROUP BY 1
    );
  
  
[0m22:35:52.406862 [debug] [Thread-1 (]: DuckDB adapter: duckdb error: Binder Error: Referenced column "user_id" not found in FROM clause!
Candidate bindings: "customer_id", "customer_gender", "purchase_date", "customer_age", "customer_name"

LINE 7:     user_id,
            ^
[0m22:35:52.408477 [debug] [Thread-1 (]: DuckDB adapter: Error running SQL: /* {"app": "dbt", "dbt_version": "1.11.7", "profile_name": "customer_support_tickets", "target_name": "dev", "node_id": "model.capstone_support.fct_tickets"} */

  
  create view "support"."main"."fct_tickets__dbt_tmp" as (
    SELECT
    ticket_id,
    user_id,
    created_at,
    closed_at,
    status,
    -- KPI: TTR (Time to Resolution)
    timestamp_diff(closed_at, created_at, MINUTE) as ttr_minutes,
    -- KPI: FIRST RESPONSE TIME
    timestamp_diff(first_interaction_at, created_at, MINUTE) as frt_minutes
FROM "support"."main"."stg_tickets"
-- EFECTIVIZA KPI: Eficiencia operativa. 
-- Si el TTR sube, necesitás más personal o mejor automatización.
  );

[0m22:35:52.403751 [debug] [Thread-3 (]: On model.capstone_support.fct_business_performanceA: /* {"app": "dbt", "dbt_version": "1.11.7", "profile_name": "customer_support_tickets", "target_name": "dev", "node_id": "model.capstone_support.fct_business_performanceA"} */

  
    
    

    create  table
      "support"."main"."fct_business_performanceA__dbt_tmp"
  
    as (
      

WITH base_metrics AS (
    SELECT 
        ticket_id,
        customer_id,
        status,
        created_at,
        closed_at,
        cost_of_acquisition, -- CAC
        revenue_generated,    -- Para ROI
        nps_score,           -- NPS
        -- KPI: Ticket Resolution Time (TRT)
        DATEDIFF('hour', created_at, closed_at) as resolution_time_hr
    FROM "support"."main"."stg_tickets"
)

SELECT 
    customer_id,
    -- KPI: ROI (Rentabilidad por ticket/cliente)
    SUM(revenue_generated) / NULLIF(SUM(cost_of_acquisition), 0) as roi_ratio,
    -- KPI: CAC Promedio
    AVG(cost_of_acquisition) as avg_cac,
    -- KPI: NPS Promedio (Satisfacción)
    AVG(nps_score) as avg_nps,
    -- KPI: Eficiencia Operativa
    AVG(resolution_time_hr) as avg_trt
FROM base_metrics
GROUP BY 1
    );
  
  
[0m22:35:52.411860 [debug] [Thread-1 (]: DuckDB adapter: Rolling back transaction.
[0m22:35:52.414689 [debug] [Thread-1 (]: On model.capstone_support.fct_tickets: ROLLBACK
[0m22:35:52.411395 [debug] [Thread-2 (]: Failed to rollback 'model.capstone_support.fact_tickets'
[0m22:35:52.415477 [debug] [Thread-2 (]: On model.capstone_support.fact_tickets: Close
[0m22:35:52.414081 [debug] [Thread-3 (]: DuckDB adapter: duckdb error: Binder Error: Referenced column "status" not found in FROM clause!
Candidate bindings: "ticket_status", "ticket_subject", "satisfaction_rating", "first_response_hrs", "ticket_id"

LINE 17:         status,
                 ^
[0m22:35:52.417685 [debug] [Thread-3 (]: DuckDB adapter: Error running SQL: /* {"app": "dbt", "dbt_version": "1.11.7", "profile_name": "customer_support_tickets", "target_name": "dev", "node_id": "model.capstone_support.fct_business_performanceA"} */

  
    
    

    create  table
      "support"."main"."fct_business_performanceA__dbt_tmp"
  
    as (
      

WITH base_metrics AS (
    SELECT 
        ticket_id,
        customer_id,
        status,
        created_at,
        closed_at,
        cost_of_acquisition, -- CAC
        revenue_generated,    -- Para ROI
        nps_score,           -- NPS
        -- KPI: Ticket Resolution Time (TRT)
        DATEDIFF('hour', created_at, closed_at) as resolution_time_hr
    FROM "support"."main"."stg_tickets"
)

SELECT 
    customer_id,
    -- KPI: ROI (Rentabilidad por ticket/cliente)
    SUM(revenue_generated) / NULLIF(SUM(cost_of_acquisition), 0) as roi_ratio,
    -- KPI: CAC Promedio
    AVG(cost_of_acquisition) as avg_cac,
    -- KPI: NPS Promedio (Satisfacción)
    AVG(nps_score) as avg_nps,
    -- KPI: Eficiencia Operativa
    AVG(resolution_time_hr) as avg_trt
FROM base_metrics
GROUP BY 1
    );
  
  
[0m22:35:52.410389 [debug] [Thread-4 (]: DuckDB adapter: duckdb error: Binder Error: Referenced column "closed_at" not found in FROM clause!
Candidate bindings: "purchase_date", "customer_age", "ticket_id", "customer_name", "customer_id"

LINE 17:         EXTRACT(EPOCH FROM (closed_at - created_at))/3600 as trt_hours,
                                     ^
[0m22:35:52.418897 [debug] [Thread-4 (]: DuckDB adapter: Error running SQL: /* {"app": "dbt", "dbt_version": "1.11.7", "profile_name": "customer_support_tickets", "target_name": "dev", "node_id": "model.capstone_support.fct_business_performanceB"} */

  
    
    

    create  table
      "support"."main"."fct_business_performanceB__dbt_tmp"
  
    as (
      

WITH metrics AS (
    SELECT 
        *,
        -- KPI: Ticket Resolution Time (TRT)
        EXTRACT(EPOCH FROM (closed_at - created_at))/3600 as trt_hours,
        -- KPI: ROI (Rentabilidad)
        (revenue - cac) / NULLIF(cac, 0) as roi
    FROM "support"."main"."stg_tickets"
)
SELECT 
    category,
    AVG(trt_hours) as avg_resolution_time,
    AVG(cac) as avg_cac,
    AVG(roi) as avg_roi,
    AVG(nps_score) as nps_index,
    COUNT(ticket_id) as total_tickets
FROM metrics
GROUP BY 1
    );
  
  
[0m22:35:52.419474 [debug] [Thread-4 (]: DuckDB adapter: Rolling back transaction.
[0m22:35:52.420303 [debug] [Thread-1 (]: Failed to rollback 'model.capstone_support.fct_tickets'
[0m22:35:52.423610 [debug] [Thread-1 (]: On model.capstone_support.fct_tickets: Close
[0m22:35:52.420749 [debug] [Thread-4 (]: On model.capstone_support.fct_business_performanceB: ROLLBACK
[0m22:35:52.425985 [debug] [Thread-4 (]: Failed to rollback 'model.capstone_support.fct_business_performanceB'
[0m22:35:52.426641 [debug] [Thread-4 (]: On model.capstone_support.fct_business_performanceB: Close
[0m22:35:52.418306 [debug] [Thread-3 (]: DuckDB adapter: Rolling back transaction.
[0m22:35:52.427318 [debug] [Thread-3 (]: On model.capstone_support.fct_business_performanceA: ROLLBACK
[0m22:35:52.428299 [debug] [Thread-3 (]: Failed to rollback 'model.capstone_support.fct_business_performanceA'
[0m22:35:52.432650 [debug] [Thread-3 (]: On model.capstone_support.fct_business_performanceA: Close
[0m22:35:52.422870 [debug] [Thread-2 (]: Runtime Error in model fact_tickets (models/marts/other/fact_tickets.sql)
  Binder Error: Referenced column "agent" not found in FROM clause!
  Candidate bindings: "_ingested_at", "ticket_id", "purchase_date"
  
  LINE 25:         agent as agent_id,
                   ^
[0m22:35:52.433457 [debug] [Thread-2 (]: Sending event: {'category': 'dbt', 'action': 'run_model', 'label': '66c567f4-5033-4768-9637-48d44b95c017', 'context': [<snowplow_tracker.self_describing_json.SelfDescribingJson object at 0x78f0117e9a90>]}
[0m22:35:52.432019 [debug] [Thread-1 (]: Runtime Error in model fct_tickets (models/marts/other/fct_tickets.sql)
  Binder Error: Referenced column "user_id" not found in FROM clause!
  Candidate bindings: "customer_id", "customer_gender", "purchase_date", "customer_age", "customer_name"
  
  LINE 7:     user_id,
              ^
[0m22:35:52.438840 [debug] [Thread-1 (]: Sending event: {'category': 'dbt', 'action': 'run_model', 'label': '66c567f4-5033-4768-9637-48d44b95c017', 'context': [<snowplow_tracker.self_describing_json.SelfDescribingJson object at 0x78f01176d610>]}
[0m22:35:52.434358 [error] [Thread-2 (]: 7 of 15 ERROR creating sql table model main.fact_tickets ....................... [[31mERROR[0m in 0.11s]
[0m22:35:52.438067 [debug] [Thread-4 (]: Runtime Error in model fct_business_performanceB (models/marts/other/fct_business_performanceB.sql)
  Binder Error: Referenced column "closed_at" not found in FROM clause!
  Candidate bindings: "purchase_date", "customer_age", "ticket_id", "customer_name", "customer_id"
  
  LINE 17:         EXTRACT(EPOCH FROM (closed_at - created_at))/3600 as trt_hours,
                                       ^
[0m22:35:52.444619 [debug] [Thread-4 (]: Sending event: {'category': 'dbt', 'action': 'run_model', 'label': '66c567f4-5033-4768-9637-48d44b95c017', 'context': [<snowplow_tracker.self_describing_json.SelfDescribingJson object at 0x78f0117cd1d0>]}
[0m22:35:52.442323 [debug] [Thread-2 (]: Finished running node model.capstone_support.fact_tickets
[0m22:35:52.446624 [debug] [Thread-2 (]: Began running node model.capstone_support.mart_cx_satisfaction
[0m22:35:52.447331 [debug] [Thread-7 (]: Marking all children of 'model.capstone_support.fact_tickets' to be skipped because of status 'error'.  Reason: Runtime Error in model fact_tickets (models/marts/other/fact_tickets.sql)
  Binder Error: Referenced column "agent" not found in FROM clause!
  Candidate bindings: "_ingested_at", "ticket_id", "purchase_date"
  
  LINE 25:         agent as agent_id,
                   ^.
[0m22:35:52.441519 [debug] [Thread-3 (]: Runtime Error in model fct_business_performanceA (models/marts/other/fct_business_performanceA.sql)
  Binder Error: Referenced column "status" not found in FROM clause!
  Candidate bindings: "ticket_status", "ticket_subject", "satisfaction_rating", "first_response_hrs", "ticket_id"
  
  LINE 17:         status,
                   ^
[0m22:35:52.443468 [error] [Thread-1 (]: 10 of 15 ERROR creating sql view model main.fct_tickets ........................ [[31mERROR[0m in 0.10s]
[0m22:35:52.448543 [info ] [Thread-2 (]: 11 of 15 START sql table model main.mart_cx_satisfaction ....................... [RUN]
[0m22:35:52.455853 [debug] [Thread-2 (]: Re-using an available connection from the pool (formerly model.capstone_support.fact_tickets, now model.capstone_support.mart_cx_satisfaction)
[0m22:35:52.445852 [error] [Thread-4 (]: 9 of 15 ERROR creating sql table model main.fct_business_performanceB .......... [[31mERROR[0m in 0.12s]
[0m22:35:52.454421 [debug] [Thread-1 (]: Finished running node model.capstone_support.fct_tickets
[0m22:35:52.450463 [debug] [Thread-3 (]: Sending event: {'category': 'dbt', 'action': 'run_model', 'label': '66c567f4-5033-4768-9637-48d44b95c017', 'context': [<snowplow_tracker.self_describing_json.SelfDescribingJson object at 0x78f01afb4590>]}
[0m22:35:52.456855 [debug] [Thread-2 (]: Began compiling node model.capstone_support.mart_cx_satisfaction
[0m22:35:52.457823 [debug] [Thread-4 (]: Finished running node model.capstone_support.fct_business_performanceB
[0m22:35:52.467686 [debug] [Thread-4 (]: Began running node model.capstone_support.mart_operations_sla
[0m22:35:52.458480 [debug] [Thread-1 (]: Began running node model.capstone_support.mart_fairness
[0m22:35:52.460193 [error] [Thread-3 (]: 8 of 15 ERROR creating sql table model main.fct_business_performanceA .......... [[31mERROR[0m in 0.12s]
[0m22:35:52.474882 [debug] [Thread-3 (]: Finished running node model.capstone_support.fct_business_performanceA
[0m22:35:52.468772 [info ] [Thread-4 (]: 13 of 15 START sql table model main.mart_operations_sla ........................ [RUN]
[0m22:35:52.476207 [debug] [Thread-4 (]: Re-using an available connection from the pool (formerly model.capstone_support.fct_business_performanceB, now model.capstone_support.mart_operations_sla)
[0m22:35:52.459255 [debug] [Thread-7 (]: Marking all children of 'model.capstone_support.fct_tickets' to be skipped because of status 'error'.  Reason: Runtime Error in model fct_tickets (models/marts/other/fct_tickets.sql)
  Binder Error: Referenced column "user_id" not found in FROM clause!
  Candidate bindings: "customer_id", "customer_gender", "purchase_date", "customer_age", "customer_name"
  
  LINE 7:     user_id,
              ^.
[0m22:35:52.478052 [debug] [Thread-7 (]: Marking all children of 'model.capstone_support.fct_business_performanceB' to be skipped because of status 'error'.  Reason: Runtime Error in model fct_business_performanceB (models/marts/other/fct_business_performanceB.sql)
  Binder Error: Referenced column "closed_at" not found in FROM clause!
  Candidate bindings: "purchase_date", "customer_age", "ticket_id", "customer_name", "customer_id"
  
  LINE 17:         EXTRACT(EPOCH FROM (closed_at - created_at))/3600 as trt_hours,
                                       ^.
[0m22:35:52.473309 [debug] [Thread-2 (]: Writing injected SQL for node "model.capstone_support.mart_cx_satisfaction"
[0m22:35:52.479820 [debug] [Thread-2 (]: Began executing node model.capstone_support.mart_cx_satisfaction
[0m22:35:52.470083 [info ] [Thread-1 (]: 12 of 15 START sql table model main.mart_fairness .............................. [RUN]
[0m22:35:52.485628 [debug] [Thread-1 (]: Re-using an available connection from the pool (formerly model.capstone_support.fct_tickets, now model.capstone_support.mart_fairness)
[0m22:35:52.475494 [debug] [Thread-3 (]: Began running node model.capstone_support.mart_priority_subjects
[0m22:35:52.478846 [debug] [Thread-7 (]: Marking all children of 'model.capstone_support.fct_business_performanceA' to be skipped because of status 'error'.  Reason: Runtime Error in model fct_business_performanceA (models/marts/other/fct_business_performanceA.sql)
  Binder Error: Referenced column "status" not found in FROM clause!
  Candidate bindings: "ticket_status", "ticket_subject", "satisfaction_rating", "first_response_hrs", "ticket_id"
  
  LINE 17:         status,
                   ^.
[0m22:35:52.477349 [debug] [Thread-4 (]: Began compiling node model.capstone_support.mart_operations_sla
[0m22:35:52.492839 [debug] [Thread-2 (]: Writing runtime sql for node "model.capstone_support.mart_cx_satisfaction"
[0m22:35:52.486203 [debug] [Thread-1 (]: Began compiling node model.capstone_support.mart_fairness
[0m22:35:52.486885 [info ] [Thread-3 (]: 14 of 15 START sql table model main.mart_priority_subjects ..................... [RUN]
[0m22:35:52.506621 [debug] [Thread-3 (]: Re-using an available connection from the pool (formerly model.capstone_support.fct_business_performanceA, now model.capstone_support.mart_priority_subjects)
[0m22:35:52.507189 [debug] [Thread-3 (]: Began compiling node model.capstone_support.mart_priority_subjects
[0m22:35:52.504165 [debug] [Thread-1 (]: Writing injected SQL for node "model.capstone_support.mart_fairness"
[0m22:35:52.505989 [debug] [Thread-2 (]: Using duckdb connection "model.capstone_support.mart_cx_satisfaction"
[0m22:35:52.512653 [debug] [Thread-2 (]: On model.capstone_support.mart_cx_satisfaction: BEGIN
[0m22:35:52.511884 [debug] [Thread-3 (]: Writing injected SQL for node "model.capstone_support.mart_priority_subjects"
[0m22:35:52.514524 [debug] [Thread-3 (]: Began executing node model.capstone_support.mart_priority_subjects
[0m22:35:52.505442 [debug] [Thread-4 (]: Writing injected SQL for node "model.capstone_support.mart_operations_sla"
[0m22:35:52.520544 [debug] [Thread-4 (]: Began executing node model.capstone_support.mart_operations_sla
[0m22:35:52.513337 [debug] [Thread-1 (]: Began executing node model.capstone_support.mart_fairness
[0m22:35:52.513777 [debug] [Thread-2 (]: Opening a new connection, currently in state closed
[0m22:35:52.519625 [debug] [Thread-3 (]: Writing runtime sql for node "model.capstone_support.mart_priority_subjects"
[0m22:35:52.530255 [debug] [Thread-1 (]: Writing runtime sql for node "model.capstone_support.mart_fairness"
[0m22:35:52.525386 [debug] [Thread-4 (]: Writing runtime sql for node "model.capstone_support.mart_operations_sla"
[0m22:35:52.533371 [debug] [Thread-4 (]: Using duckdb connection "model.capstone_support.mart_operations_sla"
[0m22:35:52.532421 [debug] [Thread-2 (]: SQL status: OK in 0.019 seconds
[0m22:35:52.531643 [debug] [Thread-3 (]: Using duckdb connection "model.capstone_support.mart_priority_subjects"
[0m22:35:52.535441 [debug] [Thread-3 (]: On model.capstone_support.mart_priority_subjects: BEGIN
[0m22:35:52.534407 [debug] [Thread-4 (]: On model.capstone_support.mart_operations_sla: BEGIN
[0m22:35:52.533987 [debug] [Thread-1 (]: Using duckdb connection "model.capstone_support.mart_fairness"
[0m22:35:52.537017 [debug] [Thread-1 (]: On model.capstone_support.mart_fairness: BEGIN
[0m22:35:52.535949 [debug] [Thread-3 (]: Opening a new connection, currently in state closed
[0m22:35:52.536501 [debug] [Thread-4 (]: Opening a new connection, currently in state closed
[0m22:35:52.534897 [debug] [Thread-2 (]: Using duckdb connection "model.capstone_support.mart_cx_satisfaction"
[0m22:35:52.538678 [debug] [Thread-2 (]: On model.capstone_support.mart_cx_satisfaction: /* {"app": "dbt", "dbt_version": "1.11.7", "profile_name": "customer_support_tickets", "target_name": "dev", "node_id": "model.capstone_support.mart_cx_satisfaction"} */

  
    
    

    create  table
      "support"."main"."mart_cx_satisfaction__dbt_tmp"
  
    as (
      

-- Dashboard 3: Priority Matrix + CX
-- Responde:
--   - Correlación edad-satisfacción
--   - Canal con mayor satisfacción
--   - Producto con más quejas críticas
--   - Diferencia de satisfacción por género
--   - Tickets con mayor resolution_hrs → peor rating

with base as (
    select * from "support"."main"."stg_tickets"
),

enriched as (
    select
        *,
        case
            when customer_age < 25               then 'Gen Z (<25)'
            when customer_age between 25 and 34  then 'Millennial (25-34)'
            when customer_age between 35 and 44  then 'Gen X (35-44)'
            when customer_age between 45 and 59  then 'Boomer (45-59)'
            else                                      'Senior (60+)'
        end as age_segment,

        -- Bucket de resolución para scatter en Superset
        case
            when resolution_hrs < 6   then '0-6h'
            when resolution_hrs < 24  then '6-24h'
            when resolution_hrs < 72  then '1-3 days'
            else                           '3+ days'
        end as resolution_bucket

    from base
)

select
    ticket_channel,
    ticket_priority,
    ticket_type,
    ticket_status,
    product_purchased,
    customer_gender,
    age_segment,
    resolution_bucket,

    count(*)                as total_tickets,
    avg(satisfaction_rating) as avg_satisfaction,
    avg(resolution_hrs)      as avg_resolution_hrs,
    avg(first_response_hrs)  as avg_first_response_hrs,

    -- Para Priority Matrix heatmap
    sum(case when ticket_priority = 'critical' then 1 else 0 end) as critical_count,
    sum(case when ticket_status   = 'closed'   then 1 else 0 end) as closed_count,

    round(
        100.0 * sum(case when ticket_status='closed' then 1 else 0 end) / count(*)
    , 1) as pct_closed

from enriched
group by 1,2,3,4,5,6,7,8
    );
  
  
[0m22:35:52.539555 [debug] [Thread-4 (]: SQL status: OK in 0.003 seconds
[0m22:35:52.543414 [debug] [Thread-4 (]: Using duckdb connection "model.capstone_support.mart_operations_sla"
[0m22:35:52.544105 [debug] [Thread-4 (]: On model.capstone_support.mart_operations_sla: /* {"app": "dbt", "dbt_version": "1.11.7", "profile_name": "customer_support_tickets", "target_name": "dev", "node_id": "model.capstone_support.mart_operations_sla"} */

  
    
    

    create  table
      "support"."main"."mart_operations_sla__dbt_tmp"
  
    as (
      

-- Dashboard 1 & 2: Operations Overview + Channel Performance
-- Responde:
--   - Tiempo promedio de primera respuesta por canal
--   - % tickets resueltos en < 24 horas
--   - Backlog actual (open + pending)
--   - % tickets Critical sin resolver
--   - Carga por día de semana y mes

with base as (
    select * from "support"."main"."stg_tickets"
),

per_channel as (
    select
        ticket_channel,
        ticket_priority,
        ticket_status,
        ticket_type,

        extract('dow'   from purchase_date) as day_of_week,
        strftime(purchase_date, '%A')       as day_name,
        extract('month' from purchase_date) as month_num,
        strftime(purchase_date, '%B')       as month_name,
        extract('year'  from purchase_date) as year,

        first_response_hrs,
        resolution_hrs,
        satisfaction_rating,

        -- SLA flags
        case when resolution_hrs <= 24 then 1 else 0 end          as resolved_under_24h,
        case when ticket_status in ('open','pending customer response')
             then 1 else 0 end                                     as is_backlog,
        case when ticket_priority = 'critical'
              and ticket_status != 'closed' then 1 else 0 end      as is_critical_unresolved

    from base
)

select
    ticket_channel,
    ticket_priority,
    ticket_status,
    ticket_type,
    day_of_week,
    day_name,
    month_num,
    month_name,
    year,

    count(*)                                  as total_tickets,
    avg(first_response_hrs)                   as avg_first_response_hrs,
    avg(resolution_hrs)                       as avg_resolution_hrs,
    avg(satisfaction_rating)                  as avg_satisfaction,

    sum(resolved_under_24h)                   as tickets_resolved_under_24h,
    round(
        100.0 * sum(resolved_under_24h) / count(*), 1
    )                                         as pct_resolved_under_24h,

    sum(is_backlog)                           as backlog_count,
    sum(is_critical_unresolved)               as critical_unresolved_count,

    round(
        100.0 * sum(is_critical_unresolved)
            / nullif(sum(case when ticket_priority='critical' then 1 end), 0)
    , 1)                                      as pct_critical_unresolved

from per_channel
group by 1,2,3,4,5,6,7,8,9
    );
  
  
[0m22:35:52.537536 [debug] [Thread-1 (]: Opening a new connection, currently in state closed
[0m22:35:52.545417 [debug] [Thread-1 (]: SQL status: OK in 0.008 seconds
[0m22:35:52.540148 [debug] [Thread-3 (]: SQL status: OK in 0.004 seconds
[0m22:35:52.549941 [debug] [Thread-3 (]: Using duckdb connection "model.capstone_support.mart_priority_subjects"
[0m22:35:52.552574 [debug] [Thread-3 (]: On model.capstone_support.mart_priority_subjects: /* {"app": "dbt", "dbt_version": "1.11.7", "profile_name": "customer_support_tickets", "target_name": "dev", "node_id": "model.capstone_support.mart_priority_subjects"} */

  
    
    

    create  table
      "support"."main"."mart_priority_subjects__dbt_tmp"
  
    as (
      

-- Dashboard 3 & 5: Priority Matrix + Product Complaints
-- Responde:
--   - Subjects más frecuentes como Critical
--   - Sistema de prioridades vs satisfacción real
--   - Tipo de ticket con mayor tasa de escalamiento
--   - Productos con más tickets críticos

with base as (
    select * from "support"."main"."stg_tickets"
)

select
    ticket_subject,
    ticket_type,
    ticket_priority,
    product_purchased,

    count(*)                     as total_tickets,
    avg(satisfaction_rating)     as avg_satisfaction,
    avg(resolution_hrs)          as avg_resolution_hrs,

    -- % no resueltos (proxy de escalamiento)
    round(
        100.0 * sum(case when ticket_status != 'closed' then 1 else 0 end) / count(*)
    , 1) as pct_unresolved,

    sum(case when ticket_priority = 'critical' then 1 else 0 end) as critical_count,
    sum(case when ticket_priority = 'high'     then 1 else 0 end) as high_count,

    -- ¿La prioridad asignada coincide con la satisfacción?
    -- Si critical tiene alta satisfacción, el sistema de prioridades es inconsistente
    case
        when avg(satisfaction_rating) >= 4
         and ticket_priority in ('critical','high') then 'Prioridad sobreasignada'
        when avg(satisfaction_rating) <= 2
         and ticket_priority in ('low','medium')    then 'Prioridad subasignada'
        else 'Consistente'
    end as priority_alignment

from base
group by 1,2,3,4
order by critical_count desc
    );
  
  
[0m22:35:52.548520 [debug] [Thread-1 (]: Using duckdb connection "model.capstone_support.mart_fairness"
[0m22:35:52.553420 [debug] [Thread-1 (]: On model.capstone_support.mart_fairness: /* {"app": "dbt", "dbt_version": "1.11.7", "profile_name": "customer_support_tickets", "target_name": "dev", "node_id": "model.capstone_support.mart_fairness"} */

  
    
    

    create  table
      "support"."main"."mart_fairness__dbt_tmp"
  
    as (
      

-- Dashboard 6: Fairness / Bias
-- Responde:
--   - Diferencias sistemáticas en resolución por género
--   - Tickets de grupos demográficos con prioridad diferente
--   - Sesgo en asignación de prioridades por canal

with base as (
    select * from "support"."main"."stg_tickets"
),

enriched as (
    select
        *,
        case
            when customer_age < 25               then 'Gen Z (<25)'
            when customer_age between 25 and 34  then 'Millennial (25-34)'
            when customer_age between 35 and 44  then 'Gen X (35-44)'
            when customer_age between 45 and 59  then 'Boomer (45-59)'
            else                                      'Senior (60+)'
        end as age_segment
    from base
),

-- Baseline global para calcular desvíos
global_avg as (
    select
        avg(resolution_hrs)      as global_avg_resolution,
        avg(first_response_hrs)  as global_avg_frt,
        avg(satisfaction_rating) as global_avg_sat
    from base
)

select
    e.customer_gender,
    e.age_segment,
    e.ticket_channel,
    e.ticket_priority,

    count(*)                     as ticket_count,
    avg(e.resolution_hrs)        as avg_resolution_hrs,
    avg(e.first_response_hrs)    as avg_first_response_hrs,
    avg(e.satisfaction_rating)   as avg_satisfaction,

    -- Desvío respecto al promedio global (+ = peor servicio, - = mejor)
    avg(e.resolution_hrs)    - max(g.global_avg_resolution) as resolution_bias,
    avg(e.first_response_hrs)- max(g.global_avg_frt)        as frt_bias,
    avg(e.satisfaction_rating)-max(g.global_avg_sat)        as satisfaction_bias,

    -- % de tickets asignados a prioridad Critical por grupo
    round(
        100.0 * sum(case when e.ticket_priority='critical' then 1 else 0 end) / count(*)
    , 1) as pct_critical,

    round(
        100.0 * sum(case when e.ticket_status='closed' then 1 else 0 end) / count(*)
    , 1) as pct_resolved

from enriched e
cross join global_avg g
group by 1,2,3,4
    );
  
  
[0m22:35:52.587541 [debug] [Thread-1 (]: SQL status: OK in 0.033 seconds
[0m22:35:52.600395 [debug] [Thread-1 (]: Using duckdb connection "model.capstone_support.mart_fairness"
[0m22:35:52.605159 [debug] [Thread-1 (]: On model.capstone_support.mart_fairness: /* {"app": "dbt", "dbt_version": "1.11.7", "profile_name": "customer_support_tickets", "target_name": "dev", "node_id": "model.capstone_support.mart_fairness"} */
alter table "support"."main"."mart_fairness__dbt_tmp" rename to "mart_fairness"
[0m22:35:52.605862 [debug] [Thread-2 (]: SQL status: OK in 0.065 seconds
[0m22:35:52.606448 [debug] [Thread-1 (]: SQL status: OK in 0.001 seconds
[0m22:35:52.607191 [debug] [Thread-3 (]: SQL status: OK in 0.054 seconds
[0m22:35:52.612132 [debug] [Thread-2 (]: Using duckdb connection "model.capstone_support.mart_cx_satisfaction"
[0m22:35:52.612855 [debug] [Thread-4 (]: SQL status: OK in 0.068 seconds
[0m22:35:52.617970 [debug] [Thread-1 (]: On model.capstone_support.mart_fairness: COMMIT
[0m22:35:52.622206 [debug] [Thread-3 (]: Using duckdb connection "model.capstone_support.mart_priority_subjects"
[0m22:35:52.622624 [debug] [Thread-2 (]: On model.capstone_support.mart_cx_satisfaction: /* {"app": "dbt", "dbt_version": "1.11.7", "profile_name": "customer_support_tickets", "target_name": "dev", "node_id": "model.capstone_support.mart_cx_satisfaction"} */
alter table "support"."main"."mart_cx_satisfaction__dbt_tmp" rename to "mart_cx_satisfaction"
[0m22:35:52.625203 [debug] [Thread-4 (]: Using duckdb connection "model.capstone_support.mart_operations_sla"
[0m22:35:52.625650 [debug] [Thread-1 (]: Using duckdb connection "model.capstone_support.mart_fairness"
[0m22:35:52.626070 [debug] [Thread-3 (]: On model.capstone_support.mart_priority_subjects: /* {"app": "dbt", "dbt_version": "1.11.7", "profile_name": "customer_support_tickets", "target_name": "dev", "node_id": "model.capstone_support.mart_priority_subjects"} */
alter table "support"."main"."mart_priority_subjects__dbt_tmp" rename to "mart_priority_subjects"
[0m22:35:52.626801 [debug] [Thread-4 (]: On model.capstone_support.mart_operations_sla: /* {"app": "dbt", "dbt_version": "1.11.7", "profile_name": "customer_support_tickets", "target_name": "dev", "node_id": "model.capstone_support.mart_operations_sla"} */
alter table "support"."main"."mart_operations_sla__dbt_tmp" rename to "mart_operations_sla"
[0m22:35:52.627339 [debug] [Thread-2 (]: SQL status: OK in 0.001 seconds
[0m22:35:52.627665 [debug] [Thread-1 (]: On model.capstone_support.mart_fairness: COMMIT
[0m22:35:52.629215 [debug] [Thread-2 (]: On model.capstone_support.mart_cx_satisfaction: COMMIT
[0m22:35:52.629911 [debug] [Thread-2 (]: Using duckdb connection "model.capstone_support.mart_cx_satisfaction"
[0m22:35:52.630388 [debug] [Thread-2 (]: On model.capstone_support.mart_cx_satisfaction: COMMIT
[0m22:35:52.631212 [debug] [Thread-4 (]: SQL status: OK in 0.003 seconds
[0m22:35:52.632264 [debug] [Thread-3 (]: SQL status: OK in 0.004 seconds
[0m22:35:52.634891 [debug] [Thread-4 (]: On model.capstone_support.mart_operations_sla: COMMIT
[0m22:35:52.637374 [debug] [Thread-4 (]: Using duckdb connection "model.capstone_support.mart_operations_sla"
[0m22:35:52.637937 [debug] [Thread-4 (]: On model.capstone_support.mart_operations_sla: COMMIT
[0m22:35:52.638410 [debug] [Thread-1 (]: SQL status: OK in 0.009 seconds
[0m22:35:52.636582 [debug] [Thread-3 (]: On model.capstone_support.mart_priority_subjects: COMMIT
[0m22:35:52.645629 [debug] [Thread-3 (]: Using duckdb connection "model.capstone_support.mart_priority_subjects"
[0m22:35:52.642595 [debug] [Thread-1 (]: Using duckdb connection "model.capstone_support.mart_fairness"
[0m22:35:52.651753 [debug] [Thread-1 (]: On model.capstone_support.mart_fairness: /* {"app": "dbt", "dbt_version": "1.11.7", "profile_name": "customer_support_tickets", "target_name": "dev", "node_id": "model.capstone_support.mart_fairness"} */

      drop table if exists "support"."main"."mart_fairness__dbt_backup" cascade
    
[0m22:35:52.646944 [debug] [Thread-3 (]: On model.capstone_support.mart_priority_subjects: COMMIT
[0m22:35:52.660466 [debug] [Thread-2 (]: SQL status: OK in 0.030 seconds
[0m22:35:52.664686 [debug] [Thread-2 (]: Using duckdb connection "model.capstone_support.mart_cx_satisfaction"
[0m22:35:52.667409 [debug] [Thread-2 (]: On model.capstone_support.mart_cx_satisfaction: /* {"app": "dbt", "dbt_version": "1.11.7", "profile_name": "customer_support_tickets", "target_name": "dev", "node_id": "model.capstone_support.mart_cx_satisfaction"} */

      drop table if exists "support"."main"."mart_cx_satisfaction__dbt_backup" cascade
    
[0m22:35:52.675026 [debug] [Thread-1 (]: SQL status: OK in 0.021 seconds
[0m22:35:52.675742 [debug] [Thread-2 (]: SQL status: OK in 0.008 seconds
[0m22:35:52.677931 [debug] [Thread-1 (]: On model.capstone_support.mart_fairness: Close
[0m22:35:52.676189 [debug] [Thread-3 (]: SQL status: OK in 0.022 seconds
[0m22:35:52.679549 [debug] [Thread-2 (]: On model.capstone_support.mart_cx_satisfaction: Close
[0m22:35:52.684883 [debug] [Thread-2 (]: Sending event: {'category': 'dbt', 'action': 'run_model', 'label': '66c567f4-5033-4768-9637-48d44b95c017', 'context': [<snowplow_tracker.self_describing_json.SelfDescribingJson object at 0x78f011859190>]}
[0m22:35:52.687698 [info ] [Thread-2 (]: 11 of 15 OK created sql table model main.mart_cx_satisfaction .................. [[32mOK[0m in 0.23s]
[0m22:35:52.688570 [debug] [Thread-2 (]: Finished running node model.capstone_support.mart_cx_satisfaction
[0m22:35:52.683506 [debug] [Thread-3 (]: Using duckdb connection "model.capstone_support.mart_priority_subjects"
[0m22:35:52.690141 [debug] [Thread-3 (]: On model.capstone_support.mart_priority_subjects: /* {"app": "dbt", "dbt_version": "1.11.7", "profile_name": "customer_support_tickets", "target_name": "dev", "node_id": "model.capstone_support.mart_priority_subjects"} */

      drop table if exists "support"."main"."mart_priority_subjects__dbt_backup" cascade
    
[0m22:35:52.684242 [debug] [Thread-1 (]: Sending event: {'category': 'dbt', 'action': 'run_model', 'label': '66c567f4-5033-4768-9637-48d44b95c017', 'context': [<snowplow_tracker.self_describing_json.SelfDescribingJson object at 0x78f0117dec10>]}
[0m22:35:52.691355 [info ] [Thread-1 (]: 12 of 15 OK created sql table model main.mart_fairness ......................... [[32mOK[0m in 0.20s]
[0m22:35:52.689567 [debug] [Thread-2 (]: Began running node model.capstone_support.fct_ticket_metrics
[0m22:35:52.693817 [info ] [Thread-2 (]: 15 of 15 SKIP relation main.fct_ticket_metrics ................................. [[33mSKIP[0m]
[0m22:35:52.695421 [debug] [Thread-2 (]: Finished running node model.capstone_support.fct_ticket_metrics
[0m22:35:52.693069 [debug] [Thread-1 (]: Finished running node model.capstone_support.mart_fairness
[0m22:35:52.707286 [debug] [Thread-4 (]: SQL status: OK in 0.068 seconds
[0m22:35:52.707651 [debug] [Thread-3 (]: SQL status: OK in 0.017 seconds
[0m22:35:52.710325 [debug] [Thread-4 (]: Using duckdb connection "model.capstone_support.mart_operations_sla"
[0m22:35:52.711656 [debug] [Thread-3 (]: On model.capstone_support.mart_priority_subjects: Close
[0m22:35:52.712080 [debug] [Thread-4 (]: On model.capstone_support.mart_operations_sla: /* {"app": "dbt", "dbt_version": "1.11.7", "profile_name": "customer_support_tickets", "target_name": "dev", "node_id": "model.capstone_support.mart_operations_sla"} */

      drop table if exists "support"."main"."mart_operations_sla__dbt_backup" cascade
    
[0m22:35:52.712733 [debug] [Thread-3 (]: Sending event: {'category': 'dbt', 'action': 'run_model', 'label': '66c567f4-5033-4768-9637-48d44b95c017', 'context': [<snowplow_tracker.self_describing_json.SelfDescribingJson object at 0x78f011778050>]}
[0m22:35:52.713651 [info ] [Thread-3 (]: 14 of 15 OK created sql table model main.mart_priority_subjects ................ [[32mOK[0m in 0.21s]
[0m22:35:52.714414 [debug] [Thread-4 (]: SQL status: OK in 0.001 seconds
[0m22:35:52.714935 [debug] [Thread-3 (]: Finished running node model.capstone_support.mart_priority_subjects
[0m22:35:52.716160 [debug] [Thread-4 (]: On model.capstone_support.mart_operations_sla: Close
[0m22:35:52.716888 [debug] [Thread-4 (]: Sending event: {'category': 'dbt', 'action': 'run_model', 'label': '66c567f4-5033-4768-9637-48d44b95c017', 'context': [<snowplow_tracker.self_describing_json.SelfDescribingJson object at 0x78f011866b90>]}
[0m22:35:52.717486 [info ] [Thread-4 (]: 13 of 15 OK created sql table model main.mart_operations_sla ................... [[32mOK[0m in 0.24s]
[0m22:35:52.718258 [debug] [Thread-4 (]: Finished running node model.capstone_support.mart_operations_sla
[0m22:35:52.720693 [debug] [MainThread]: Using duckdb connection "master"
[0m22:35:52.721138 [debug] [MainThread]: On master: BEGIN
[0m22:35:52.721515 [debug] [MainThread]: Opening a new connection, currently in state closed
[0m22:35:52.724322 [debug] [MainThread]: SQL status: OK in 0.003 seconds
[0m22:35:52.724627 [debug] [MainThread]: On master: COMMIT
[0m22:35:52.724955 [debug] [MainThread]: Using duckdb connection "master"
[0m22:35:52.725280 [debug] [MainThread]: On master: COMMIT
[0m22:35:52.725798 [debug] [MainThread]: SQL status: OK in 0.000 seconds
[0m22:35:52.726097 [debug] [MainThread]: On master: Close
[0m22:35:52.726523 [debug] [MainThread]: Connection 'master' was properly closed.
[0m22:35:52.726782 [debug] [MainThread]: Connection 'model.capstone_support.mart_fairness' was properly closed.
[0m22:35:52.727064 [debug] [MainThread]: Connection 'model.capstone_support.mart_cx_satisfaction' was properly closed.
[0m22:35:52.727365 [debug] [MainThread]: Connection 'model.capstone_support.mart_operations_sla' was properly closed.
[0m22:35:52.727637 [debug] [MainThread]: Connection 'model.capstone_support.mart_priority_subjects' was properly closed.
[0m22:35:52.728082 [info ] [MainThread]: 
[0m22:35:52.728477 [info ] [MainThread]: Finished running 1 incremental model, 11 table models, 3 view models in 0 hours 0 minutes and 0.88 seconds (0.88s).
[0m22:35:52.731778 [debug] [MainThread]: Command end result
[0m22:35:52.766262 [debug] [MainThread]: Wrote artifact WritableManifest to /usr/app/dbt/capstone_support/target/manifest.json
[0m22:35:52.768300 [debug] [MainThread]: Wrote artifact SemanticManifest to /usr/app/dbt/capstone_support/target/semantic_manifest.json
[0m22:35:52.774587 [debug] [MainThread]: Wrote artifact RunExecutionResult to /usr/app/dbt/capstone_support/target/run_results.json
[0m22:35:52.774956 [info ] [MainThread]: 
[0m22:35:52.775435 [info ] [MainThread]: [31mCompleted with 8 errors, 0 partial successes, and 0 warnings:[0m
[0m22:35:52.775872 [info ] [MainThread]: 
[0m22:35:52.776419 [error] [MainThread]: [31mFailure in model dim_products (models/marts/other/dim_products.sql)[0m
[0m22:35:52.776949 [error] [MainThread]:   Runtime Error in model dim_products (models/marts/other/dim_products.sql)
  Binder Error: Referenced column "product_id" not found in FROM clause!
  Candidate bindings: "product_purchased", "ticket_id", "customer_id", "purchase_date", "customer_gender"
  
  LINE 27:     where product_id is not null
                     ^
[0m22:35:52.777405 [info ] [MainThread]: 
[0m22:35:52.777933 [info ] [MainThread]:   compiled code at target/compiled/capstone_support/models/marts/other/dim_products.sql
[0m22:35:52.778377 [info ] [MainThread]: 
[0m22:35:52.778877 [error] [MainThread]: [31mFailure in model dim_customers (models/marts/other/dim_customers.sql)[0m
[0m22:35:52.779413 [error] [MainThread]:   Runtime Error in model dim_customers (models/marts/other/dim_customers.sql)
  Binder Error: Referenced column "customer_email" not found in FROM clause!
  Candidate bindings: "customer_name", "customer_id", "customer_age", "customer_gender", "resolution_hrs"
  
  LINE 24:         customer_email,
                   ^
[0m22:35:52.779830 [info ] [MainThread]: 
[0m22:35:52.780326 [info ] [MainThread]:   compiled code at target/compiled/capstone_support/models/marts/other/dim_customers.sql
[0m22:35:52.780743 [info ] [MainThread]: 
[0m22:35:52.781293 [error] [MainThread]: [31mFailure in model dim_agents (models/marts/other/dim_agents.sql)[0m
[0m22:35:52.781839 [error] [MainThread]:   Runtime Error in model dim_agents (models/marts/other/dim_agents.sql)
  Binder Error: Referenced column "agent" not found in FROM clause!
  Candidate bindings: "_ingested_at", "ticket_id", "purchase_date"
  
  LINE 27:     where agent is not null
                     ^
[0m22:35:52.782345 [info ] [MainThread]: 
[0m22:35:52.782822 [info ] [MainThread]:   compiled code at target/compiled/capstone_support/models/marts/other/dim_agents.sql
[0m22:35:52.783262 [info ] [MainThread]: 
[0m22:35:52.783761 [error] [MainThread]: [31mFailure in model dim_date (models/marts/other/dim_date.sql)[0m
[0m22:35:52.784252 [error] [MainThread]:   Runtime Error in model dim_date (models/marts/other/dim_date.sql)
  Binder Error: Referenced column "created_at" not found in FROM clause!
  Candidate bindings: "_ingested_at", "purchase_date", "ticket_id", "customer_gender", "customer_age"
  
  LINE 16:         created_at as full_date
                   ^
[0m22:35:52.784632 [info ] [MainThread]: 
[0m22:35:52.785081 [info ] [MainThread]:   compiled code at target/compiled/capstone_support/models/marts/other/dim_date.sql
[0m22:35:52.785487 [info ] [MainThread]: 
[0m22:35:52.785942 [error] [MainThread]: [31mFailure in model fact_tickets (models/marts/other/fact_tickets.sql)[0m
[0m22:35:52.786672 [error] [MainThread]:   Runtime Error in model fact_tickets (models/marts/other/fact_tickets.sql)
  Binder Error: Referenced column "agent" not found in FROM clause!
  Candidate bindings: "_ingested_at", "ticket_id", "purchase_date"
  
  LINE 25:         agent as agent_id,
                   ^
[0m22:35:52.787096 [info ] [MainThread]: 
[0m22:35:52.787763 [info ] [MainThread]:   compiled code at target/compiled/capstone_support/models/marts/other/fact_tickets.sql
[0m22:35:52.788203 [info ] [MainThread]: 
[0m22:35:52.788710 [error] [MainThread]: [31mFailure in model fct_tickets (models/marts/other/fct_tickets.sql)[0m
[0m22:35:52.789238 [error] [MainThread]:   Runtime Error in model fct_tickets (models/marts/other/fct_tickets.sql)
  Binder Error: Referenced column "user_id" not found in FROM clause!
  Candidate bindings: "customer_id", "customer_gender", "purchase_date", "customer_age", "customer_name"
  
  LINE 7:     user_id,
              ^
[0m22:35:52.789658 [info ] [MainThread]: 
[0m22:35:52.790311 [info ] [MainThread]:   compiled code at target/compiled/capstone_support/models/marts/other/fct_tickets.sql
[0m22:35:52.790725 [info ] [MainThread]: 
[0m22:35:52.791440 [error] [MainThread]: [31mFailure in model fct_business_performanceB (models/marts/other/fct_business_performanceB.sql)[0m
[0m22:35:52.792274 [error] [MainThread]:   Runtime Error in model fct_business_performanceB (models/marts/other/fct_business_performanceB.sql)
  Binder Error: Referenced column "closed_at" not found in FROM clause!
  Candidate bindings: "purchase_date", "customer_age", "ticket_id", "customer_name", "customer_id"
  
  LINE 17:         EXTRACT(EPOCH FROM (closed_at - created_at))/3600 as trt_hours,
                                       ^
[0m22:35:52.792706 [info ] [MainThread]: 
[0m22:35:52.793213 [info ] [MainThread]:   compiled code at target/compiled/capstone_support/models/marts/other/fct_business_performanceB.sql
[0m22:35:52.793628 [info ] [MainThread]: 
[0m22:35:52.794159 [error] [MainThread]: [31mFailure in model fct_business_performanceA (models/marts/other/fct_business_performanceA.sql)[0m
[0m22:35:52.794668 [error] [MainThread]:   Runtime Error in model fct_business_performanceA (models/marts/other/fct_business_performanceA.sql)
  Binder Error: Referenced column "status" not found in FROM clause!
  Candidate bindings: "ticket_status", "ticket_subject", "satisfaction_rating", "first_response_hrs", "ticket_id"
  
  LINE 17:         status,
                   ^
[0m22:35:52.795086 [info ] [MainThread]: 
[0m22:35:52.795653 [info ] [MainThread]:   compiled code at target/compiled/capstone_support/models/marts/other/fct_business_performanceA.sql
[0m22:35:52.796253 [info ] [MainThread]: 
[0m22:35:52.796697 [info ] [MainThread]: Done. PASS=6 WARN=0 ERROR=8 SKIP=1 NO-OP=0 TOTAL=15
[0m22:35:52.797669 [warn ] [MainThread]: [[33mWARNING[0m][DeprecationsSummary]: Deprecated functionality
Summary of encountered deprecations:
- MissingArgumentsPropertyInGenericTestDeprecation: 1 occurrence
To see all deprecation instances instead of just the first occurrence of each,
run command again with the `--show-all-deprecations` flag. You may also need to
run with `--no-partial-parse` as some deprecations are only encountered during
parsing.
[0m22:35:52.799237 [debug] [MainThread]: Resource report: {"command_name": "run", "command_success": false, "command_wall_clock_time": 4.539011, "process_in_blocks": "17296", "process_kernel_time": 0.573326, "process_mem_max_rss": "210188", "process_out_blocks": "15176", "process_user_time": 5.135566}
[0m22:35:52.799872 [debug] [MainThread]: Command `dbt run` failed at 22:35:52.799732 after 4.54 seconds
[0m22:35:52.800363 [debug] [MainThread]: Sending event: {'category': 'dbt', 'action': 'invocation', 'label': 'end', 'context': [<snowplow_tracker.self_describing_json.SelfDescribingJson object at 0x78f017d58910>, <snowplow_tracker.self_describing_json.SelfDescribingJson object at 0x78f01c8f5090>, <snowplow_tracker.self_describing_json.SelfDescribingJson object at 0x78f01c8f5410>]}
[0m22:35:52.800966 [debug] [MainThread]: Flushing usage events
[0m22:35:52.903142 [debug] [MainThread]: An error was encountered while trying to flush usage events
[0m22:37:15.997637 [debug] [MainThread]: Sending event: {'category': 'dbt', 'action': 'invocation', 'label': 'start', 'context': [<snowplow_tracker.self_describing_json.SelfDescribingJson object at 0x76a3fbed2ad0>, <snowplow_tracker.self_describing_json.SelfDescribingJson object at 0x76a3fbed0d90>, <snowplow_tracker.self_describing_json.SelfDescribingJson object at 0x76a3fc2016d0>]}


============================== 22:37:16.005034 | bc6f9da7-3793-46b2-b4c1-632a0f2ad2b8 ==============================
[0m22:37:16.005034 [info ] [MainThread]: Running with dbt=1.11.7
[0m22:37:16.005835 [debug] [MainThread]: running dbt with arguments {'log_cache_events': 'False', 'no_print': 'None', 'introspect': 'True', 'use_colors': 'True', 'fail_fast': 'False', 'use_experimental_parser': 'False', 'partial_parse': 'True', 'target_path': 'None', 'warn_error_options': 'WarnErrorOptionsV2(error=[], warn=[], silence=[])', 'cache_selected_only': 'False', 'profiles_dir': '/usr/app/dbt', 'log_path': '/usr/app/dbt/capstone_support/logs', 'static_parser': 'True', 'debug': 'False', 'printer_width': '80', 'empty': 'False', 'warn_error': 'None', 'write_json': 'True', 'version_check': 'True', 'indirect_selection': 'eager', 'quiet': 'False', 'send_anonymous_usage_stats': 'True', 'invocation_command': 'dbt run --profiles-dir /usr/app/dbt', 'log_format': 'default'}
[0m22:37:16.244450 [debug] [MainThread]: Sending event: {'category': 'dbt', 'action': 'project_id', 'label': 'bc6f9da7-3793-46b2-b4c1-632a0f2ad2b8', 'context': [<snowplow_tracker.self_describing_json.SelfDescribingJson object at 0x76a3fec72dd0>]}
[0m22:37:16.313500 [debug] [MainThread]: Sending event: {'category': 'dbt', 'action': 'adapter_info', 'label': 'bc6f9da7-3793-46b2-b4c1-632a0f2ad2b8', 'context': [<snowplow_tracker.self_describing_json.SelfDescribingJson object at 0x76a3fbe81c10>]}
[0m22:37:16.315263 [info ] [MainThread]: Registered adapter: duckdb=1.10.1
[0m22:37:16.503634 [debug] [MainThread]: checksum: b80718358155fc17c3559352095564dd56ada1cc1a1c0ef2e62c857e71583775, vars: {}, profile: , target: , version: 1.11.7
[0m22:37:16.729569 [debug] [MainThread]: Partial parsing enabled: 0 files deleted, 0 files added, 0 files changed.
[0m22:37:16.730006 [debug] [MainThread]: Nothing changed, skipping partial parsing.
[0m22:37:16.730333 [debug] [MainThread]: Partial parsing enabled, no changes found, skipping parsing
[0m22:37:16.736855 [warn ] [MainThread]: [[33mWARNING[0m]: Configuration paths exist in your dbt_project.yml file which do not apply to any resources.
There are 3 unused configuration paths:
- models.customer_support_tickets.staging
- models.customer_support_tickets.marts
- models.customer_support_tickets.marts.other
[0m22:37:16.789305 [debug] [MainThread]: Sending event: {'category': 'dbt', 'action': 'load_project', 'label': 'bc6f9da7-3793-46b2-b4c1-632a0f2ad2b8', 'context': [<snowplow_tracker.self_describing_json.SelfDescribingJson object at 0x76a3f6ed9150>]}
[0m22:37:17.000328 [debug] [MainThread]: Wrote artifact WritableManifest to /usr/app/dbt/capstone_support/target/manifest.json
[0m22:37:17.002407 [debug] [MainThread]: Wrote artifact SemanticManifest to /usr/app/dbt/capstone_support/target/semantic_manifest.json
[0m22:37:17.022669 [debug] [MainThread]: Sending event: {'category': 'dbt', 'action': 'resource_counts', 'label': 'bc6f9da7-3793-46b2-b4c1-632a0f2ad2b8', 'context': [<snowplow_tracker.self_describing_json.SelfDescribingJson object at 0x76a3fc24d890>]}
[0m22:37:17.023193 [info ] [MainThread]: Found 15 models, 1 seed, 3 data tests, 1 source, 618 macros
[0m22:37:17.023649 [debug] [MainThread]: Sending event: {'category': 'dbt', 'action': 'runnable_timing', 'label': 'bc6f9da7-3793-46b2-b4c1-632a0f2ad2b8', 'context': [<snowplow_tracker.self_describing_json.SelfDescribingJson object at 0x76a3f6edabd0>]}
[0m22:37:17.025851 [info ] [MainThread]: 
[0m22:37:17.026248 [info ] [MainThread]: Concurrency: 4 threads (target='dev')
[0m22:37:17.026636 [info ] [MainThread]: 
[0m22:37:17.027311 [debug] [MainThread]: Acquiring new duckdb connection 'master'
[0m22:37:17.034247 [debug] [ThreadPool]: Acquiring new duckdb connection 'list_support'
[0m22:37:17.078614 [debug] [ThreadPool]: Using duckdb connection "list_support"
[0m22:37:17.078999 [debug] [ThreadPool]: On list_support: /* {"app": "dbt", "dbt_version": "1.11.7", "profile_name": "customer_support_tickets", "target_name": "dev", "connection_name": "list_support"} */

    
    select schema_name
    from system.information_schema.schemata
    
    where lower(catalog_name) = '"support"'
    
  
  
[0m22:37:17.079332 [debug] [ThreadPool]: Opening a new connection, currently in state init
[0m22:37:17.094373 [debug] [ThreadPool]: SQL status: OK in 0.015 seconds
[0m22:37:17.095475 [debug] [ThreadPool]: On list_support: Close
[0m22:37:17.096244 [debug] [ThreadPool]: Re-using an available connection from the pool (formerly list_support, now create_support_main)
[0m22:37:17.096670 [debug] [ThreadPool]: Creating schema "database: "support"
schema: "main"
"
[0m22:37:17.104154 [debug] [ThreadPool]: Using duckdb connection "create_support_main"
[0m22:37:17.104521 [debug] [ThreadPool]: On create_support_main: /* {"app": "dbt", "dbt_version": "1.11.7", "profile_name": "customer_support_tickets", "target_name": "dev", "connection_name": "create_support_main"} */

    
        select type from duckdb_databases()
        where lower(database_name)='support'
        and type='sqlite'
    
  
[0m22:37:17.104808 [debug] [ThreadPool]: Opening a new connection, currently in state closed
[0m22:37:17.105707 [debug] [ThreadPool]: SQL status: OK in 0.001 seconds
[0m22:37:17.106798 [debug] [ThreadPool]: Using duckdb connection "create_support_main"
[0m22:37:17.107085 [debug] [ThreadPool]: On create_support_main: BEGIN
[0m22:37:17.107562 [debug] [ThreadPool]: SQL status: OK in 0.000 seconds
[0m22:37:17.107845 [debug] [ThreadPool]: Using duckdb connection "create_support_main"
[0m22:37:17.108163 [debug] [ThreadPool]: On create_support_main: /* {"app": "dbt", "dbt_version": "1.11.7", "profile_name": "customer_support_tickets", "target_name": "dev", "connection_name": "create_support_main"} */

    
    
        create schema if not exists "support"."main"
    
[0m22:37:17.108681 [debug] [ThreadPool]: SQL status: OK in 0.000 seconds
[0m22:37:17.109455 [debug] [ThreadPool]: On create_support_main: COMMIT
[0m22:37:17.109750 [debug] [ThreadPool]: Using duckdb connection "create_support_main"
[0m22:37:17.110031 [debug] [ThreadPool]: On create_support_main: COMMIT
[0m22:37:17.110505 [debug] [ThreadPool]: SQL status: OK in 0.000 seconds
[0m22:37:17.110793 [debug] [ThreadPool]: On create_support_main: Close
[0m22:37:17.112767 [debug] [ThreadPool]: Re-using an available connection from the pool (formerly create_support_main, now list_support_main)
[0m22:37:17.117706 [debug] [ThreadPool]: Using duckdb connection "list_support_main"
[0m22:37:17.118001 [debug] [ThreadPool]: On list_support_main: BEGIN
[0m22:37:17.118312 [debug] [ThreadPool]: Opening a new connection, currently in state closed
[0m22:37:17.118819 [debug] [ThreadPool]: SQL status: OK in 0.001 seconds
[0m22:37:17.119103 [debug] [ThreadPool]: Using duckdb connection "list_support_main"
[0m22:37:17.119452 [debug] [ThreadPool]: On list_support_main: /* {"app": "dbt", "dbt_version": "1.11.7", "profile_name": "customer_support_tickets", "target_name": "dev", "connection_name": "list_support_main"} */
select
      'support' as database,
      table_name as name,
      table_schema as schema,
      CASE table_type
        WHEN 'BASE TABLE' THEN 'table'
        WHEN 'VIEW' THEN 'view'
        WHEN 'LOCAL TEMPORARY' THEN 'table'
        END as type
    from system.information_schema.tables
    where lower(table_schema) = 'main'
    and lower(table_catalog) = 'support'
  
[0m22:37:17.122480 [debug] [ThreadPool]: SQL status: OK in 0.003 seconds
[0m22:37:17.123595 [debug] [ThreadPool]: On list_support_main: ROLLBACK
[0m22:37:17.124223 [debug] [ThreadPool]: Failed to rollback 'list_support_main'
[0m22:37:17.124506 [debug] [ThreadPool]: On list_support_main: Close
[0m22:37:17.126012 [debug] [MainThread]: Sending event: {'category': 'dbt', 'action': 'runnable_timing', 'label': 'bc6f9da7-3793-46b2-b4c1-632a0f2ad2b8', 'context': [<snowplow_tracker.self_describing_json.SelfDescribingJson object at 0x76a3f70adf10>]}
[0m22:37:17.126482 [debug] [MainThread]: Using duckdb connection "master"
[0m22:37:17.126750 [debug] [MainThread]: On master: BEGIN
[0m22:37:17.127019 [debug] [MainThread]: Opening a new connection, currently in state init
[0m22:37:17.127564 [debug] [MainThread]: SQL status: OK in 0.001 seconds
[0m22:37:17.127847 [debug] [MainThread]: On master: COMMIT
[0m22:37:17.128156 [debug] [MainThread]: Using duckdb connection "master"
[0m22:37:17.128446 [debug] [MainThread]: On master: COMMIT
[0m22:37:17.128911 [debug] [MainThread]: SQL status: OK in 0.000 seconds
[0m22:37:17.129216 [debug] [MainThread]: On master: Close
[0m22:37:17.168963 [debug] [Thread-1 (]: Began running node model.capstone_support.stg_tickets
[0m22:37:17.169333 [debug] [Thread-2 (]: Began running node model.capstone_support.stg_users
[0m22:37:17.169818 [info ] [Thread-1 (]: 1 of 15 START sql view model main.stg_tickets .................................. [RUN]
[0m22:37:17.170673 [info ] [Thread-2 (]: 2 of 15 START sql view model main.stg_users .................................... [RUN]
[0m22:37:17.171461 [debug] [Thread-1 (]: Re-using an available connection from the pool (formerly list_support_main, now model.capstone_support.stg_tickets)
[0m22:37:17.172037 [debug] [Thread-2 (]: Acquiring new duckdb connection 'model.capstone_support.stg_users'
[0m22:37:17.172530 [debug] [Thread-1 (]: Began compiling node model.capstone_support.stg_tickets
[0m22:37:17.172980 [debug] [Thread-2 (]: Began compiling node model.capstone_support.stg_users
[0m22:37:17.195611 [debug] [Thread-1 (]: Writing injected SQL for node "model.capstone_support.stg_tickets"
[0m22:37:17.202376 [debug] [Thread-1 (]: Began executing node model.capstone_support.stg_tickets
[0m22:37:17.201490 [debug] [Thread-2 (]: Writing injected SQL for node "model.capstone_support.stg_users"
[0m22:37:17.229470 [debug] [Thread-2 (]: Began executing node model.capstone_support.stg_users
[0m22:37:17.236367 [debug] [Thread-1 (]: Writing runtime sql for node "model.capstone_support.stg_tickets"
[0m22:37:17.238718 [debug] [Thread-2 (]: Writing runtime sql for node "model.capstone_support.stg_users"
[0m22:37:17.239534 [debug] [Thread-1 (]: Using duckdb connection "model.capstone_support.stg_tickets"
[0m22:37:17.239991 [debug] [Thread-1 (]: On model.capstone_support.stg_tickets: BEGIN
[0m22:37:17.240349 [debug] [Thread-2 (]: Using duckdb connection "model.capstone_support.stg_users"
[0m22:37:17.240721 [debug] [Thread-1 (]: Opening a new connection, currently in state closed
[0m22:37:17.241157 [debug] [Thread-2 (]: On model.capstone_support.stg_users: BEGIN
[0m22:37:17.241804 [debug] [Thread-2 (]: Opening a new connection, currently in state init
[0m22:37:17.242407 [debug] [Thread-1 (]: SQL status: OK in 0.002 seconds
[0m22:37:17.242795 [debug] [Thread-2 (]: SQL status: OK in 0.001 seconds
[0m22:37:17.243092 [debug] [Thread-1 (]: Using duckdb connection "model.capstone_support.stg_tickets"
[0m22:37:17.243510 [debug] [Thread-2 (]: Using duckdb connection "model.capstone_support.stg_users"
[0m22:37:17.243952 [debug] [Thread-1 (]: On model.capstone_support.stg_tickets: /* {"app": "dbt", "dbt_version": "1.11.7", "profile_name": "customer_support_tickets", "target_name": "dev", "node_id": "model.capstone_support.stg_tickets"} */

  
  create view "support"."main"."stg_tickets__dbt_tmp" as (
    

with source as (
    select * from "support"."raw"."customer_support_tickets"
),

cleaned as (
    select
        -- La clave subrogada va ACÁ adentro del select
        md5(cast(coalesce(cast("Customer Name" as TEXT), '_dbt_utils_surrogate_key_null_') || '-' || coalesce(cast("Customer Email" as TEXT), '_dbt_utils_surrogate_key_null_') as TEXT)) as customer_id,
        cast("Ticket ID"           as varchar)  as ticket_id,
        lower(trim("Customer Name"))            as customer_name,
        cast("Customer Age"        as integer)  as customer_age,
        lower(trim("Customer Gender"))          as customer_gender,
        lower(trim("Product Purchased"))        as product_purchased,
        cast("Date of Purchase"    as date)     as purchase_date,
        lower(trim("Ticket Type"))              as ticket_type,
        lower(trim("Ticket Subject"))           as ticket_subject,
        lower(trim("Ticket Status"))            as ticket_status,
        lower(trim("Ticket Priority"))          as ticket_priority,
        lower(trim("Ticket Channel"))           as ticket_channel,
        epoch(cast("First Response Time" as timestamp)) / 3600.0  as first_response_hrs,
        epoch(cast("Time to Resolution"  as timestamp)) / 3600.0  as resolution_hrs,
        cast("Customer Satisfaction Rating" as double) as satisfaction_rating,
        _ingested_at
    from source
)

select * from cleaned
  );

[0m22:37:17.244460 [debug] [Thread-2 (]: On model.capstone_support.stg_users: /* {"app": "dbt", "dbt_version": "1.11.7", "profile_name": "customer_support_tickets", "target_name": "dev", "node_id": "model.capstone_support.stg_users"} */

  
  create view "support"."main"."stg_users__dbt_tmp" as (
    

with source as (
    select * from "support"."raw"."customer_support_tickets"
)

select
    distinct
    md5(cast(coalesce(cast("Customer Name" as TEXT), '_dbt_utils_surrogate_key_null_') || '-' || coalesce(cast("Customer Email" as TEXT), '_dbt_utils_surrogate_key_null_') as TEXT)) as user_id,
    "Customer Name" as name,
    "Customer Email" as email
from "support"."raw"."customer_support_tickets"
  );

[0m22:37:17.245858 [debug] [Thread-2 (]: SQL status: OK in 0.001 seconds
[0m22:37:17.246459 [debug] [Thread-1 (]: SQL status: OK in 0.002 seconds
[0m22:37:17.251911 [debug] [Thread-2 (]: Using duckdb connection "model.capstone_support.stg_users"
[0m22:37:17.254526 [debug] [Thread-1 (]: Using duckdb connection "model.capstone_support.stg_tickets"
[0m22:37:17.254953 [debug] [Thread-2 (]: On model.capstone_support.stg_users: /* {"app": "dbt", "dbt_version": "1.11.7", "profile_name": "customer_support_tickets", "target_name": "dev", "node_id": "model.capstone_support.stg_users"} */
alter view "support"."main"."stg_users" rename to "stg_users__dbt_backup"
[0m22:37:17.255378 [debug] [Thread-1 (]: On model.capstone_support.stg_tickets: /* {"app": "dbt", "dbt_version": "1.11.7", "profile_name": "customer_support_tickets", "target_name": "dev", "node_id": "model.capstone_support.stg_tickets"} */
alter view "support"."main"."stg_tickets" rename to "stg_tickets__dbt_backup"
[0m22:37:17.256198 [debug] [Thread-2 (]: SQL status: OK in 0.000 seconds
[0m22:37:17.256630 [debug] [Thread-1 (]: SQL status: OK in 0.001 seconds
[0m22:37:17.259135 [debug] [Thread-2 (]: Using duckdb connection "model.capstone_support.stg_users"
[0m22:37:17.261776 [debug] [Thread-1 (]: Using duckdb connection "model.capstone_support.stg_tickets"
[0m22:37:17.262212 [debug] [Thread-2 (]: On model.capstone_support.stg_users: /* {"app": "dbt", "dbt_version": "1.11.7", "profile_name": "customer_support_tickets", "target_name": "dev", "node_id": "model.capstone_support.stg_users"} */
alter view "support"."main"."stg_users__dbt_tmp" rename to "stg_users"
[0m22:37:17.262621 [debug] [Thread-1 (]: On model.capstone_support.stg_tickets: /* {"app": "dbt", "dbt_version": "1.11.7", "profile_name": "customer_support_tickets", "target_name": "dev", "node_id": "model.capstone_support.stg_tickets"} */
alter view "support"."main"."stg_tickets__dbt_tmp" rename to "stg_tickets"
[0m22:37:17.263402 [debug] [Thread-2 (]: SQL status: OK in 0.000 seconds
[0m22:37:17.269026 [debug] [Thread-1 (]: SQL status: OK in 0.006 seconds
[0m22:37:17.282850 [debug] [Thread-2 (]: On model.capstone_support.stg_users: COMMIT
[0m22:37:17.281235 [debug] [Thread-1 (]: On model.capstone_support.stg_tickets: COMMIT
[0m22:37:17.283427 [debug] [Thread-2 (]: Using duckdb connection "model.capstone_support.stg_users"
[0m22:37:17.283847 [debug] [Thread-1 (]: Using duckdb connection "model.capstone_support.stg_tickets"
[0m22:37:17.284259 [debug] [Thread-2 (]: On model.capstone_support.stg_users: COMMIT
[0m22:37:17.284657 [debug] [Thread-1 (]: On model.capstone_support.stg_tickets: COMMIT
[0m22:37:17.287792 [debug] [Thread-2 (]: SQL status: OK in 0.003 seconds
[0m22:37:17.293131 [debug] [Thread-2 (]: Using duckdb connection "model.capstone_support.stg_users"
[0m22:37:17.293563 [debug] [Thread-2 (]: On model.capstone_support.stg_users: /* {"app": "dbt", "dbt_version": "1.11.7", "profile_name": "customer_support_tickets", "target_name": "dev", "node_id": "model.capstone_support.stg_users"} */

      drop view if exists "support"."main"."stg_users__dbt_backup" cascade
    
[0m22:37:17.294029 [debug] [Thread-1 (]: SQL status: OK in 0.009 seconds
[0m22:37:17.296509 [debug] [Thread-1 (]: Using duckdb connection "model.capstone_support.stg_tickets"
[0m22:37:17.296950 [debug] [Thread-1 (]: On model.capstone_support.stg_tickets: /* {"app": "dbt", "dbt_version": "1.11.7", "profile_name": "customer_support_tickets", "target_name": "dev", "node_id": "model.capstone_support.stg_tickets"} */

      drop view if exists "support"."main"."stg_tickets__dbt_backup" cascade
    
[0m22:37:17.298662 [debug] [Thread-2 (]: SQL status: OK in 0.004 seconds
[0m22:37:17.301203 [debug] [Thread-2 (]: On model.capstone_support.stg_users: Close
[0m22:37:17.301513 [debug] [Thread-1 (]: SQL status: OK in 0.004 seconds
[0m22:37:17.304218 [debug] [Thread-1 (]: On model.capstone_support.stg_tickets: Close
[0m22:37:17.304639 [debug] [Thread-2 (]: Sending event: {'category': 'dbt', 'action': 'run_model', 'label': 'bc6f9da7-3793-46b2-b4c1-632a0f2ad2b8', 'context': [<snowplow_tracker.self_describing_json.SelfDescribingJson object at 0x76a3f7073f90>]}
[0m22:37:17.305182 [debug] [Thread-1 (]: Sending event: {'category': 'dbt', 'action': 'run_model', 'label': 'bc6f9da7-3793-46b2-b4c1-632a0f2ad2b8', 'context': [<snowplow_tracker.self_describing_json.SelfDescribingJson object at 0x76a3f6064a90>]}
[0m22:37:17.306077 [info ] [Thread-2 (]: 2 of 15 OK created sql view model main.stg_users ............................... [[32mOK[0m in 0.13s]
[0m22:37:17.306976 [info ] [Thread-1 (]: 1 of 15 OK created sql view model main.stg_tickets ............................. [[32mOK[0m in 0.13s]
[0m22:37:17.307787 [debug] [Thread-2 (]: Finished running node model.capstone_support.stg_users
[0m22:37:17.308361 [debug] [Thread-1 (]: Finished running node model.capstone_support.stg_tickets
[0m22:37:17.309653 [debug] [Thread-4 (]: Began running node model.capstone_support.dim_agents
[0m22:37:17.309998 [debug] [Thread-3 (]: Began running node model.capstone_support.dim_customers
[0m22:37:17.310454 [debug] [Thread-2 (]: Began running node model.capstone_support.dim_date
[0m22:37:17.311262 [debug] [Thread-1 (]: Began running node model.capstone_support.dim_products
[0m22:37:17.310848 [info ] [Thread-4 (]: 3 of 15 START sql table model main.dim_agents .................................. [RUN]
[0m22:37:17.312063 [info ] [Thread-3 (]: 4 of 15 START sql table model main.dim_customers ............................... [RUN]
[0m22:37:17.312905 [info ] [Thread-2 (]: 5 of 15 START sql table model main.dim_date .................................... [RUN]
[0m22:37:17.315515 [debug] [Thread-4 (]: Acquiring new duckdb connection 'model.capstone_support.dim_agents'
[0m22:37:17.314078 [info ] [Thread-1 (]: 6 of 15 START sql table model main.dim_products ................................ [RUN]
[0m22:37:17.316216 [debug] [Thread-3 (]: Acquiring new duckdb connection 'model.capstone_support.dim_customers'
[0m22:37:17.316724 [debug] [Thread-2 (]: Re-using an available connection from the pool (formerly model.capstone_support.stg_users, now model.capstone_support.dim_date)
[0m22:37:17.317203 [debug] [Thread-4 (]: Began compiling node model.capstone_support.dim_agents
[0m22:37:17.317667 [debug] [Thread-1 (]: Re-using an available connection from the pool (formerly model.capstone_support.stg_tickets, now model.capstone_support.dim_products)
[0m22:37:17.318074 [debug] [Thread-3 (]: Began compiling node model.capstone_support.dim_customers
[0m22:37:17.318585 [debug] [Thread-2 (]: Began compiling node model.capstone_support.dim_date
[0m22:37:17.322553 [debug] [Thread-4 (]: Writing injected SQL for node "model.capstone_support.dim_agents"
[0m22:37:17.322975 [debug] [Thread-1 (]: Began compiling node model.capstone_support.dim_products
[0m22:37:17.325624 [debug] [Thread-3 (]: Writing injected SQL for node "model.capstone_support.dim_customers"
[0m22:37:17.330179 [debug] [Thread-2 (]: Writing injected SQL for node "model.capstone_support.dim_date"
[0m22:37:17.333018 [debug] [Thread-1 (]: Writing injected SQL for node "model.capstone_support.dim_products"
[0m22:37:17.333374 [debug] [Thread-4 (]: Began executing node model.capstone_support.dim_agents
[0m22:37:17.334306 [debug] [Thread-1 (]: Began executing node model.capstone_support.dim_products
[0m22:37:17.334659 [debug] [Thread-3 (]: Began executing node model.capstone_support.dim_customers
[0m22:37:17.335061 [debug] [Thread-2 (]: Began executing node model.capstone_support.dim_date
[0m22:37:17.359062 [debug] [Thread-4 (]: Writing runtime sql for node "model.capstone_support.dim_agents"
[0m22:37:17.362323 [debug] [Thread-1 (]: Writing runtime sql for node "model.capstone_support.dim_products"
[0m22:37:17.365199 [debug] [Thread-3 (]: Writing runtime sql for node "model.capstone_support.dim_customers"
[0m22:37:17.368007 [debug] [Thread-2 (]: Writing runtime sql for node "model.capstone_support.dim_date"
[0m22:37:17.368818 [debug] [Thread-4 (]: Using duckdb connection "model.capstone_support.dim_agents"
[0m22:37:17.369284 [debug] [Thread-1 (]: Using duckdb connection "model.capstone_support.dim_products"
[0m22:37:17.370062 [debug] [Thread-2 (]: Using duckdb connection "model.capstone_support.dim_date"
[0m22:37:17.370459 [debug] [Thread-4 (]: On model.capstone_support.dim_agents: BEGIN
[0m22:37:17.370787 [debug] [Thread-3 (]: Using duckdb connection "model.capstone_support.dim_customers"
[0m22:37:17.371232 [debug] [Thread-1 (]: On model.capstone_support.dim_products: BEGIN
[0m22:37:17.371629 [debug] [Thread-2 (]: On model.capstone_support.dim_date: BEGIN
[0m22:37:17.372004 [debug] [Thread-4 (]: Opening a new connection, currently in state init
[0m22:37:17.372433 [debug] [Thread-3 (]: On model.capstone_support.dim_customers: BEGIN
[0m22:37:17.372809 [debug] [Thread-1 (]: Opening a new connection, currently in state closed
[0m22:37:17.373215 [debug] [Thread-2 (]: Opening a new connection, currently in state closed
[0m22:37:17.373876 [debug] [Thread-3 (]: Opening a new connection, currently in state init
[0m22:37:17.374390 [debug] [Thread-4 (]: SQL status: OK in 0.002 seconds
[0m22:37:17.375095 [debug] [Thread-1 (]: SQL status: OK in 0.002 seconds
[0m22:37:17.375421 [debug] [Thread-2 (]: SQL status: OK in 0.002 seconds
[0m22:37:17.376048 [debug] [Thread-4 (]: Using duckdb connection "model.capstone_support.dim_agents"
[0m22:37:17.376485 [debug] [Thread-3 (]: SQL status: OK in 0.003 seconds
[0m22:37:17.376787 [debug] [Thread-1 (]: Using duckdb connection "model.capstone_support.dim_products"
[0m22:37:17.377181 [debug] [Thread-2 (]: Using duckdb connection "model.capstone_support.dim_date"
[0m22:37:17.377603 [debug] [Thread-4 (]: On model.capstone_support.dim_agents: /* {"app": "dbt", "dbt_version": "1.11.7", "profile_name": "customer_support_tickets", "target_name": "dev", "node_id": "model.capstone_support.dim_agents"} */

  
    
    

    create  table
      "support"."main"."dim_agents__dbt_tmp"
  
    as (
      

with source as (

    select * from "support"."main"."stg_tickets"

),

dim_agents as (

    select distinct
        agent as agent_id,
        agent_team,
        agent_role

    from source
    where agent is not null

)

select * from dim_agents
    );
  
  
[0m22:37:17.378014 [debug] [Thread-3 (]: Using duckdb connection "model.capstone_support.dim_customers"
[0m22:37:17.378449 [debug] [Thread-1 (]: On model.capstone_support.dim_products: /* {"app": "dbt", "dbt_version": "1.11.7", "profile_name": "customer_support_tickets", "target_name": "dev", "node_id": "model.capstone_support.dim_products"} */

  
    
    

    create  table
      "support"."main"."dim_products__dbt_tmp"
  
    as (
      

with source as (

    select * from "support"."main"."stg_tickets"

),

dim_products as (

    select distinct
        product_id,
        product_name,
        purchase_date

    from source
    where product_id is not null

)

select * from dim_products
    );
  
  
[0m22:37:17.378893 [debug] [Thread-2 (]: On model.capstone_support.dim_date: /* {"app": "dbt", "dbt_version": "1.11.7", "profile_name": "customer_support_tickets", "target_name": "dev", "node_id": "model.capstone_support.dim_date"} */

  
    
    

    create  table
      "support"."main"."dim_date__dbt_tmp"
  
    as (
      

with dates as (

    select
        created_at as full_date
    from "support"."main"."stg_tickets"

    union

    select
        resolved_at
    from "support"."main"."stg_tickets"

),

dim_date as (

    select distinct
        full_date,

        extract(year from full_date) as year,
        extract(month from full_date) as month,
        extract(day from full_date) as day,
        extract(dow from full_date) as day_of_week,
        extract(quarter from full_date) as quarter

    from dates
    where full_date is not null

)

select * from dim_date
    );
  
  
[0m22:37:17.379450 [debug] [Thread-3 (]: On model.capstone_support.dim_customers: /* {"app": "dbt", "dbt_version": "1.11.7", "profile_name": "customer_support_tickets", "target_name": "dev", "node_id": "model.capstone_support.dim_customers"} */

  
    
    

    create  table
      "support"."main"."dim_customers__dbt_tmp"
  
    as (
      

with source as (

    select * from "support"."main"."stg_tickets"

),

dim_customers as (

    select distinct
        customer_id,
        customer_name,
        customer_email,
        customer_age,
        gender as customer_gender

    from source
    where customer_id is not null

)

select * from dim_customers
    );
  
  
[0m22:37:17.381630 [debug] [Thread-1 (]: DuckDB adapter: duckdb error: Binder Error: Referenced column "product_id" not found in FROM clause!
Candidate bindings: "product_purchased", "ticket_id", "customer_id", "purchase_date", "customer_gender"

LINE 27:     where product_id is not null
                   ^
[0m22:37:17.381992 [debug] [Thread-4 (]: DuckDB adapter: duckdb error: Binder Error: Referenced column "agent" not found in FROM clause!
Candidate bindings: "_ingested_at", "ticket_id", "purchase_date"

LINE 27:     where agent is not null
                   ^
[0m22:37:17.383944 [debug] [Thread-2 (]: DuckDB adapter: duckdb error: Binder Error: Referenced column "created_at" not found in FROM clause!
Candidate bindings: "_ingested_at", "purchase_date", "ticket_id", "customer_gender", "customer_age"

LINE 16:         created_at as full_date
                 ^
[0m22:37:17.384564 [debug] [Thread-3 (]: DuckDB adapter: duckdb error: Binder Error: Referenced column "customer_email" not found in FROM clause!
Candidate bindings: "customer_name", "customer_id", "customer_age", "customer_gender", "resolution_hrs"

LINE 24:         customer_email,
                 ^
[0m22:37:17.384897 [debug] [Thread-1 (]: DuckDB adapter: Error running SQL: /* {"app": "dbt", "dbt_version": "1.11.7", "profile_name": "customer_support_tickets", "target_name": "dev", "node_id": "model.capstone_support.dim_products"} */

  
    
    

    create  table
      "support"."main"."dim_products__dbt_tmp"
  
    as (
      

with source as (

    select * from "support"."main"."stg_tickets"

),

dim_products as (

    select distinct
        product_id,
        product_name,
        purchase_date

    from source
    where product_id is not null

)

select * from dim_products
    );
  
  
[0m22:37:17.385372 [debug] [Thread-4 (]: DuckDB adapter: Error running SQL: /* {"app": "dbt", "dbt_version": "1.11.7", "profile_name": "customer_support_tickets", "target_name": "dev", "node_id": "model.capstone_support.dim_agents"} */

  
    
    

    create  table
      "support"."main"."dim_agents__dbt_tmp"
  
    as (
      

with source as (

    select * from "support"."main"."stg_tickets"

),

dim_agents as (

    select distinct
        agent as agent_id,
        agent_team,
        agent_role

    from source
    where agent is not null

)

select * from dim_agents
    );
  
  
[0m22:37:17.385873 [debug] [Thread-2 (]: DuckDB adapter: Error running SQL: /* {"app": "dbt", "dbt_version": "1.11.7", "profile_name": "customer_support_tickets", "target_name": "dev", "node_id": "model.capstone_support.dim_date"} */

  
    
    

    create  table
      "support"."main"."dim_date__dbt_tmp"
  
    as (
      

with dates as (

    select
        created_at as full_date
    from "support"."main"."stg_tickets"

    union

    select
        resolved_at
    from "support"."main"."stg_tickets"

),

dim_date as (

    select distinct
        full_date,

        extract(year from full_date) as year,
        extract(month from full_date) as month,
        extract(day from full_date) as day,
        extract(dow from full_date) as day_of_week,
        extract(quarter from full_date) as quarter

    from dates
    where full_date is not null

)

select * from dim_date
    );
  
  
[0m22:37:17.386363 [debug] [Thread-3 (]: DuckDB adapter: Error running SQL: /* {"app": "dbt", "dbt_version": "1.11.7", "profile_name": "customer_support_tickets", "target_name": "dev", "node_id": "model.capstone_support.dim_customers"} */

  
    
    

    create  table
      "support"."main"."dim_customers__dbt_tmp"
  
    as (
      

with source as (

    select * from "support"."main"."stg_tickets"

),

dim_customers as (

    select distinct
        customer_id,
        customer_name,
        customer_email,
        customer_age,
        gender as customer_gender

    from source
    where customer_id is not null

)

select * from dim_customers
    );
  
  
[0m22:37:17.386785 [debug] [Thread-1 (]: DuckDB adapter: Rolling back transaction.
[0m22:37:17.387237 [debug] [Thread-4 (]: DuckDB adapter: Rolling back transaction.
[0m22:37:17.387620 [debug] [Thread-2 (]: DuckDB adapter: Rolling back transaction.
[0m22:37:17.388017 [debug] [Thread-3 (]: DuckDB adapter: Rolling back transaction.
[0m22:37:17.388473 [debug] [Thread-1 (]: On model.capstone_support.dim_products: ROLLBACK
[0m22:37:17.388852 [debug] [Thread-4 (]: On model.capstone_support.dim_agents: ROLLBACK
[0m22:37:17.389314 [debug] [Thread-2 (]: On model.capstone_support.dim_date: ROLLBACK
[0m22:37:17.389710 [debug] [Thread-3 (]: On model.capstone_support.dim_customers: ROLLBACK
[0m22:37:17.391214 [debug] [Thread-1 (]: Failed to rollback 'model.capstone_support.dim_products'
[0m22:37:17.391723 [debug] [Thread-4 (]: Failed to rollback 'model.capstone_support.dim_agents'
[0m22:37:17.392414 [debug] [Thread-2 (]: Failed to rollback 'model.capstone_support.dim_date'
[0m22:37:17.393103 [debug] [Thread-3 (]: Failed to rollback 'model.capstone_support.dim_customers'
[0m22:37:17.393571 [debug] [Thread-1 (]: On model.capstone_support.dim_products: Close
[0m22:37:17.394018 [debug] [Thread-4 (]: On model.capstone_support.dim_agents: Close
[0m22:37:17.394494 [debug] [Thread-2 (]: On model.capstone_support.dim_date: Close
[0m22:37:17.394927 [debug] [Thread-3 (]: On model.capstone_support.dim_customers: Close
[0m22:37:17.406053 [debug] [Thread-1 (]: Runtime Error in model dim_products (models/marts/other/dim_products.sql)
  Binder Error: Referenced column "product_id" not found in FROM clause!
  Candidate bindings: "product_purchased", "ticket_id", "customer_id", "purchase_date", "customer_gender"
  
  LINE 27:     where product_id is not null
                     ^
[0m22:37:17.407511 [debug] [Thread-4 (]: Runtime Error in model dim_agents (models/marts/other/dim_agents.sql)
  Binder Error: Referenced column "agent" not found in FROM clause!
  Candidate bindings: "_ingested_at", "ticket_id", "purchase_date"
  
  LINE 27:     where agent is not null
                     ^
[0m22:37:17.408685 [debug] [Thread-2 (]: Runtime Error in model dim_date (models/marts/other/dim_date.sql)
  Binder Error: Referenced column "created_at" not found in FROM clause!
  Candidate bindings: "_ingested_at", "purchase_date", "ticket_id", "customer_gender", "customer_age"
  
  LINE 16:         created_at as full_date
                   ^
[0m22:37:17.409279 [debug] [Thread-1 (]: Sending event: {'category': 'dbt', 'action': 'run_model', 'label': 'bc6f9da7-3793-46b2-b4c1-632a0f2ad2b8', 'context': [<snowplow_tracker.self_describing_json.SelfDescribingJson object at 0x76a3f5f5cb10>]}
[0m22:37:17.410334 [debug] [Thread-3 (]: Runtime Error in model dim_customers (models/marts/other/dim_customers.sql)
  Binder Error: Referenced column "customer_email" not found in FROM clause!
  Candidate bindings: "customer_name", "customer_id", "customer_age", "customer_gender", "resolution_hrs"
  
  LINE 24:         customer_email,
                   ^
[0m22:37:17.410774 [debug] [Thread-4 (]: Sending event: {'category': 'dbt', 'action': 'run_model', 'label': 'bc6f9da7-3793-46b2-b4c1-632a0f2ad2b8', 'context': [<snowplow_tracker.self_describing_json.SelfDescribingJson object at 0x76a3f607d8d0>]}
[0m22:37:17.411235 [debug] [Thread-2 (]: Sending event: {'category': 'dbt', 'action': 'run_model', 'label': 'bc6f9da7-3793-46b2-b4c1-632a0f2ad2b8', 'context': [<snowplow_tracker.self_describing_json.SelfDescribingJson object at 0x76a3f60511d0>]}
[0m22:37:17.411859 [error] [Thread-1 (]: 6 of 15 ERROR creating sql table model main.dim_products ....................... [[31mERROR[0m in 0.09s]
[0m22:37:17.414991 [debug] [Thread-1 (]: Finished running node model.capstone_support.dim_products
[0m22:37:17.415716 [debug] [Thread-1 (]: Began running node model.capstone_support.fact_tickets
[0m22:37:17.414177 [error] [Thread-2 (]: 5 of 15 ERROR creating sql table model main.dim_date ........................... [[31mERROR[0m in 0.09s]
[0m22:37:17.412621 [debug] [Thread-3 (]: Sending event: {'category': 'dbt', 'action': 'run_model', 'label': 'bc6f9da7-3793-46b2-b4c1-632a0f2ad2b8', 'context': [<snowplow_tracker.self_describing_json.SelfDescribingJson object at 0x76a3f5f67c10>]}
[0m22:37:17.413272 [error] [Thread-4 (]: 3 of 15 ERROR creating sql table model main.dim_agents ......................... [[31mERROR[0m in 0.10s]
[0m22:37:17.416923 [debug] [Thread-7 (]: Marking all children of 'model.capstone_support.dim_products' to be skipped because of status 'error'.  Reason: Runtime Error in model dim_products (models/marts/other/dim_products.sql)
  Binder Error: Referenced column "product_id" not found in FROM clause!
  Candidate bindings: "product_purchased", "ticket_id", "customer_id", "purchase_date", "customer_gender"
  
  LINE 27:     where product_id is not null
                     ^.
[0m22:37:17.417371 [info ] [Thread-1 (]: 7 of 15 START sql table model main.fact_tickets ................................ [RUN]
[0m22:37:17.419974 [debug] [Thread-2 (]: Finished running node model.capstone_support.dim_date
[0m22:37:17.422544 [debug] [Thread-4 (]: Finished running node model.capstone_support.dim_agents
[0m22:37:17.421413 [error] [Thread-3 (]: 4 of 15 ERROR creating sql table model main.dim_customers ...................... [[31mERROR[0m in 0.10s]
[0m22:37:17.425158 [debug] [Thread-1 (]: Re-using an available connection from the pool (formerly model.capstone_support.dim_products, now model.capstone_support.fact_tickets)
[0m22:37:17.425693 [debug] [Thread-2 (]: Began running node model.capstone_support.fct_business_performanceA
[0m22:37:17.426234 [debug] [Thread-7 (]: Marking all children of 'model.capstone_support.dim_date' to be skipped because of status 'error'.  Reason: Runtime Error in model dim_date (models/marts/other/dim_date.sql)
  Binder Error: Referenced column "created_at" not found in FROM clause!
  Candidate bindings: "_ingested_at", "purchase_date", "ticket_id", "customer_gender", "customer_age"
  
  LINE 16:         created_at as full_date
                   ^.
[0m22:37:17.426707 [debug] [Thread-4 (]: Began running node model.capstone_support.fct_business_performanceB
[0m22:37:17.427289 [debug] [Thread-3 (]: Finished running node model.capstone_support.dim_customers
[0m22:37:17.430464 [debug] [Thread-3 (]: Began running node model.capstone_support.fct_tickets
[0m22:37:17.427691 [debug] [Thread-1 (]: Began compiling node model.capstone_support.fact_tickets
[0m22:37:17.428292 [info ] [Thread-2 (]: 8 of 15 START sql table model main.fct_business_performanceA ................... [RUN]
[0m22:37:17.429151 [debug] [Thread-7 (]: Marking all children of 'model.capstone_support.dim_agents' to be skipped because of status 'error'.  Reason: Runtime Error in model dim_agents (models/marts/other/dim_agents.sql)
  Binder Error: Referenced column "agent" not found in FROM clause!
  Candidate bindings: "_ingested_at", "ticket_id", "purchase_date"
  
  LINE 27:     where agent is not null
                     ^.
[0m22:37:17.435492 [debug] [Thread-7 (]: Marking all children of 'model.capstone_support.dim_customers' to be skipped because of status 'error'.  Reason: Runtime Error in model dim_customers (models/marts/other/dim_customers.sql)
  Binder Error: Referenced column "customer_email" not found in FROM clause!
  Candidate bindings: "customer_name", "customer_id", "customer_age", "customer_gender", "resolution_hrs"
  
  LINE 24:         customer_email,
                   ^.
[0m22:37:17.429910 [info ] [Thread-4 (]: 9 of 15 START sql table model main.fct_business_performanceB ................... [RUN]
[0m22:37:17.436182 [debug] [Thread-4 (]: Re-using an available connection from the pool (formerly model.capstone_support.dim_agents, now model.capstone_support.fct_business_performanceB)
[0m22:37:17.434243 [debug] [Thread-1 (]: Writing injected SQL for node "model.capstone_support.fact_tickets"
[0m22:37:17.437720 [debug] [Thread-1 (]: Began executing node model.capstone_support.fact_tickets
[0m22:37:17.431001 [info ] [Thread-3 (]: 10 of 15 START sql view model main.fct_tickets ................................. [RUN]
[0m22:37:17.437013 [debug] [Thread-2 (]: Re-using an available connection from the pool (formerly model.capstone_support.dim_date, now model.capstone_support.fct_business_performanceA)
[0m22:37:17.436674 [debug] [Thread-4 (]: Began compiling node model.capstone_support.fct_business_performanceB
[0m22:37:17.441150 [debug] [Thread-1 (]: Writing runtime sql for node "model.capstone_support.fact_tickets"
[0m22:37:17.443809 [debug] [Thread-3 (]: Re-using an available connection from the pool (formerly model.capstone_support.dim_customers, now model.capstone_support.fct_tickets)
[0m22:37:17.444329 [debug] [Thread-2 (]: Began compiling node model.capstone_support.fct_business_performanceA
[0m22:37:17.446979 [debug] [Thread-4 (]: Writing injected SQL for node "model.capstone_support.fct_business_performanceB"
[0m22:37:17.447590 [debug] [Thread-3 (]: Began compiling node model.capstone_support.fct_tickets
[0m22:37:17.450243 [debug] [Thread-2 (]: Writing injected SQL for node "model.capstone_support.fct_business_performanceA"
[0m22:37:17.450590 [debug] [Thread-1 (]: Using duckdb connection "model.capstone_support.fact_tickets"
[0m22:37:17.453221 [debug] [Thread-3 (]: Writing injected SQL for node "model.capstone_support.fct_tickets"
[0m22:37:17.453528 [debug] [Thread-4 (]: Began executing node model.capstone_support.fct_business_performanceB
[0m22:37:17.454157 [debug] [Thread-1 (]: On model.capstone_support.fact_tickets: BEGIN
[0m22:37:17.454461 [debug] [Thread-2 (]: Began executing node model.capstone_support.fct_business_performanceA
[0m22:37:17.457525 [debug] [Thread-4 (]: Writing runtime sql for node "model.capstone_support.fct_business_performanceB"
[0m22:37:17.457975 [debug] [Thread-3 (]: Began executing node model.capstone_support.fct_tickets
[0m22:37:17.458308 [debug] [Thread-1 (]: Opening a new connection, currently in state closed
[0m22:37:17.460965 [debug] [Thread-2 (]: Writing runtime sql for node "model.capstone_support.fct_business_performanceA"
[0m22:37:17.463952 [debug] [Thread-3 (]: Writing runtime sql for node "model.capstone_support.fct_tickets"
[0m22:37:17.464740 [debug] [Thread-4 (]: Using duckdb connection "model.capstone_support.fct_business_performanceB"
[0m22:37:17.465377 [debug] [Thread-1 (]: SQL status: OK in 0.007 seconds
[0m22:37:17.465799 [debug] [Thread-2 (]: Using duckdb connection "model.capstone_support.fct_business_performanceA"
[0m22:37:17.466273 [debug] [Thread-4 (]: On model.capstone_support.fct_business_performanceB: BEGIN
[0m22:37:17.466731 [debug] [Thread-1 (]: Using duckdb connection "model.capstone_support.fact_tickets"
[0m22:37:17.467047 [debug] [Thread-3 (]: Using duckdb connection "model.capstone_support.fct_tickets"
[0m22:37:17.467463 [debug] [Thread-2 (]: On model.capstone_support.fct_business_performanceA: BEGIN
[0m22:37:17.467855 [debug] [Thread-4 (]: Opening a new connection, currently in state closed
[0m22:37:17.468303 [debug] [Thread-1 (]: On model.capstone_support.fact_tickets: /* {"app": "dbt", "dbt_version": "1.11.7", "profile_name": "customer_support_tickets", "target_name": "dev", "node_id": "model.capstone_support.fact_tickets"} */

  
    
    

    create  table
      "support"."main"."fact_tickets__dbt_tmp"
  
    as (
      

with source as (

    select * from "support"."main"."stg_tickets"

),

fact as (

    select
        ticket_id,

        customer_id,
        agent as agent_id,
        product_id,

        created_at,
        resolved_at,

        first_response_time,
        time_to_resolution,
        customer_satisfaction_rating,
        status,
        priority

    from source

)

select * from fact
    );
  
  
[0m22:37:17.469890 [debug] [Thread-4 (]: SQL status: OK in 0.002 seconds
[0m22:37:17.470479 [debug] [Thread-4 (]: Using duckdb connection "model.capstone_support.fct_business_performanceB"
[0m22:37:17.469136 [debug] [Thread-2 (]: Opening a new connection, currently in state closed
[0m22:37:17.468721 [debug] [Thread-3 (]: On model.capstone_support.fct_tickets: BEGIN
[0m22:37:17.471091 [debug] [Thread-4 (]: On model.capstone_support.fct_business_performanceB: /* {"app": "dbt", "dbt_version": "1.11.7", "profile_name": "customer_support_tickets", "target_name": "dev", "node_id": "model.capstone_support.fct_business_performanceB"} */

  
    
    

    create  table
      "support"."main"."fct_business_performanceB__dbt_tmp"
  
    as (
      

WITH metrics AS (
    SELECT 
        *,
        -- KPI: Ticket Resolution Time (TRT)
        EXTRACT(EPOCH FROM (closed_at - created_at))/3600 as trt_hours,
        -- KPI: ROI (Rentabilidad)
        (revenue - cac) / NULLIF(cac, 0) as roi
    FROM "support"."main"."stg_tickets"
)
SELECT 
    category,
    AVG(trt_hours) as avg_resolution_time,
    AVG(cac) as avg_cac,
    AVG(roi) as avg_roi,
    AVG(nps_score) as nps_index,
    COUNT(ticket_id) as total_tickets
FROM metrics
GROUP BY 1
    );
  
  
[0m22:37:17.471697 [debug] [Thread-1 (]: DuckDB adapter: duckdb error: Binder Error: Referenced column "agent" not found in FROM clause!
Candidate bindings: "_ingested_at", "ticket_id", "purchase_date"

LINE 25:         agent as agent_id,
                 ^
[0m22:37:17.473350 [debug] [Thread-1 (]: DuckDB adapter: Error running SQL: /* {"app": "dbt", "dbt_version": "1.11.7", "profile_name": "customer_support_tickets", "target_name": "dev", "node_id": "model.capstone_support.fact_tickets"} */

  
    
    

    create  table
      "support"."main"."fact_tickets__dbt_tmp"
  
    as (
      

with source as (

    select * from "support"."main"."stg_tickets"

),

fact as (

    select
        ticket_id,

        customer_id,
        agent as agent_id,
        product_id,

        created_at,
        resolved_at,

        first_response_time,
        time_to_resolution,
        customer_satisfaction_rating,
        status,
        priority

    from source

)

select * from fact
    );
  
  
[0m22:37:17.473890 [debug] [Thread-1 (]: DuckDB adapter: Rolling back transaction.
[0m22:37:17.474386 [debug] [Thread-1 (]: On model.capstone_support.fact_tickets: ROLLBACK
[0m22:37:17.472242 [debug] [Thread-3 (]: Opening a new connection, currently in state closed
[0m22:37:17.472693 [debug] [Thread-2 (]: SQL status: OK in 0.004 seconds
[0m22:37:17.475265 [debug] [Thread-1 (]: Failed to rollback 'model.capstone_support.fact_tickets'
[0m22:37:17.475648 [debug] [Thread-4 (]: DuckDB adapter: duckdb error: Binder Error: Referenced column "closed_at" not found in FROM clause!
Candidate bindings: "purchase_date", "customer_age", "ticket_id", "customer_name", "customer_id"

LINE 17:         EXTRACT(EPOCH FROM (closed_at - created_at))/3600 as trt_hours,
                                     ^
[0m22:37:17.476307 [debug] [Thread-3 (]: SQL status: OK in 0.004 seconds
[0m22:37:17.476613 [debug] [Thread-2 (]: Using duckdb connection "model.capstone_support.fct_business_performanceA"
[0m22:37:17.477044 [debug] [Thread-1 (]: On model.capstone_support.fact_tickets: Close
[0m22:37:17.477527 [debug] [Thread-4 (]: DuckDB adapter: Error running SQL: /* {"app": "dbt", "dbt_version": "1.11.7", "profile_name": "customer_support_tickets", "target_name": "dev", "node_id": "model.capstone_support.fct_business_performanceB"} */

  
    
    

    create  table
      "support"."main"."fct_business_performanceB__dbt_tmp"
  
    as (
      

WITH metrics AS (
    SELECT 
        *,
        -- KPI: Ticket Resolution Time (TRT)
        EXTRACT(EPOCH FROM (closed_at - created_at))/3600 as trt_hours,
        -- KPI: ROI (Rentabilidad)
        (revenue - cac) / NULLIF(cac, 0) as roi
    FROM "support"."main"."stg_tickets"
)
SELECT 
    category,
    AVG(trt_hours) as avg_resolution_time,
    AVG(cac) as avg_cac,
    AVG(roi) as avg_roi,
    AVG(nps_score) as nps_index,
    COUNT(ticket_id) as total_tickets
FROM metrics
GROUP BY 1
    );
  
  
[0m22:37:17.477951 [debug] [Thread-3 (]: Using duckdb connection "model.capstone_support.fct_tickets"
[0m22:37:17.478392 [debug] [Thread-2 (]: On model.capstone_support.fct_business_performanceA: /* {"app": "dbt", "dbt_version": "1.11.7", "profile_name": "customer_support_tickets", "target_name": "dev", "node_id": "model.capstone_support.fct_business_performanceA"} */

  
    
    

    create  table
      "support"."main"."fct_business_performanceA__dbt_tmp"
  
    as (
      

WITH base_metrics AS (
    SELECT 
        ticket_id,
        customer_id,
        status,
        created_at,
        closed_at,
        cost_of_acquisition, -- CAC
        revenue_generated,    -- Para ROI
        nps_score,           -- NPS
        -- KPI: Ticket Resolution Time (TRT)
        DATEDIFF('hour', created_at, closed_at) as resolution_time_hr
    FROM "support"."main"."stg_tickets"
)

SELECT 
    customer_id,
    -- KPI: ROI (Rentabilidad por ticket/cliente)
    SUM(revenue_generated) / NULLIF(SUM(cost_of_acquisition), 0) as roi_ratio,
    -- KPI: CAC Promedio
    AVG(cost_of_acquisition) as avg_cac,
    -- KPI: NPS Promedio (Satisfacción)
    AVG(nps_score) as avg_nps,
    -- KPI: Eficiencia Operativa
    AVG(resolution_time_hr) as avg_trt
FROM base_metrics
GROUP BY 1
    );
  
  
[0m22:37:17.479688 [debug] [Thread-4 (]: DuckDB adapter: Rolling back transaction.
[0m22:37:17.482106 [debug] [Thread-4 (]: On model.capstone_support.fct_business_performanceB: ROLLBACK
[0m22:37:17.483057 [debug] [Thread-4 (]: Failed to rollback 'model.capstone_support.fct_business_performanceB'
[0m22:37:17.481525 [debug] [Thread-1 (]: Runtime Error in model fact_tickets (models/marts/other/fact_tickets.sql)
  Binder Error: Referenced column "agent" not found in FROM clause!
  Candidate bindings: "_ingested_at", "ticket_id", "purchase_date"
  
  LINE 25:         agent as agent_id,
                   ^
[0m22:37:17.480186 [debug] [Thread-3 (]: On model.capstone_support.fct_tickets: /* {"app": "dbt", "dbt_version": "1.11.7", "profile_name": "customer_support_tickets", "target_name": "dev", "node_id": "model.capstone_support.fct_tickets"} */

  
  create view "support"."main"."fct_tickets__dbt_tmp" as (
    SELECT
    ticket_id,
    user_id,
    created_at,
    closed_at,
    status,
    -- KPI: TTR (Time to Resolution)
    timestamp_diff(closed_at, created_at, MINUTE) as ttr_minutes,
    -- KPI: FIRST RESPONSE TIME
    timestamp_diff(first_interaction_at, created_at, MINUTE) as frt_minutes
FROM "support"."main"."stg_tickets"
-- EFECTIVIZA KPI: Eficiencia operativa. 
-- Si el TTR sube, necesitás más personal o mejor automatización.
  );

[0m22:37:17.483622 [debug] [Thread-4 (]: On model.capstone_support.fct_business_performanceB: Close
[0m22:37:17.484067 [debug] [Thread-2 (]: DuckDB adapter: duckdb error: Binder Error: Referenced column "status" not found in FROM clause!
Candidate bindings: "ticket_status", "ticket_subject", "satisfaction_rating", "first_response_hrs", "ticket_id"

LINE 17:         status,
                 ^
[0m22:37:17.484560 [debug] [Thread-1 (]: Sending event: {'category': 'dbt', 'action': 'run_model', 'label': 'bc6f9da7-3793-46b2-b4c1-632a0f2ad2b8', 'context': [<snowplow_tracker.self_describing_json.SelfDescribingJson object at 0x76a3f5fe0f90>]}
[0m22:37:17.486628 [debug] [Thread-3 (]: DuckDB adapter: duckdb error: Binder Error: Referenced column "user_id" not found in FROM clause!
Candidate bindings: "customer_id", "customer_gender", "purchase_date", "customer_age", "customer_name"

LINE 7:     user_id,
            ^
[0m22:37:17.487706 [debug] [Thread-4 (]: Runtime Error in model fct_business_performanceB (models/marts/other/fct_business_performanceB.sql)
  Binder Error: Referenced column "closed_at" not found in FROM clause!
  Candidate bindings: "purchase_date", "customer_age", "ticket_id", "customer_name", "customer_id"
  
  LINE 17:         EXTRACT(EPOCH FROM (closed_at - created_at))/3600 as trt_hours,
                                       ^
[0m22:37:17.488229 [debug] [Thread-2 (]: DuckDB adapter: Error running SQL: /* {"app": "dbt", "dbt_version": "1.11.7", "profile_name": "customer_support_tickets", "target_name": "dev", "node_id": "model.capstone_support.fct_business_performanceA"} */

  
    
    

    create  table
      "support"."main"."fct_business_performanceA__dbt_tmp"
  
    as (
      

WITH base_metrics AS (
    SELECT 
        ticket_id,
        customer_id,
        status,
        created_at,
        closed_at,
        cost_of_acquisition, -- CAC
        revenue_generated,    -- Para ROI
        nps_score,           -- NPS
        -- KPI: Ticket Resolution Time (TRT)
        DATEDIFF('hour', created_at, closed_at) as resolution_time_hr
    FROM "support"."main"."stg_tickets"
)

SELECT 
    customer_id,
    -- KPI: ROI (Rentabilidad por ticket/cliente)
    SUM(revenue_generated) / NULLIF(SUM(cost_of_acquisition), 0) as roi_ratio,
    -- KPI: CAC Promedio
    AVG(cost_of_acquisition) as avg_cac,
    -- KPI: NPS Promedio (Satisfacción)
    AVG(nps_score) as avg_nps,
    -- KPI: Eficiencia Operativa
    AVG(resolution_time_hr) as avg_trt
FROM base_metrics
GROUP BY 1
    );
  
  
[0m22:37:17.488847 [error] [Thread-1 (]: 7 of 15 ERROR creating sql table model main.fact_tickets ....................... [[31mERROR[0m in 0.06s]
[0m22:37:17.489616 [debug] [Thread-3 (]: DuckDB adapter: Error running SQL: /* {"app": "dbt", "dbt_version": "1.11.7", "profile_name": "customer_support_tickets", "target_name": "dev", "node_id": "model.capstone_support.fct_tickets"} */

  
  create view "support"."main"."fct_tickets__dbt_tmp" as (
    SELECT
    ticket_id,
    user_id,
    created_at,
    closed_at,
    status,
    -- KPI: TTR (Time to Resolution)
    timestamp_diff(closed_at, created_at, MINUTE) as ttr_minutes,
    -- KPI: FIRST RESPONSE TIME
    timestamp_diff(first_interaction_at, created_at, MINUTE) as frt_minutes
FROM "support"."main"."stg_tickets"
-- EFECTIVIZA KPI: Eficiencia operativa. 
-- Si el TTR sube, necesitás más personal o mejor automatización.
  );

[0m22:37:17.490190 [debug] [Thread-4 (]: Sending event: {'category': 'dbt', 'action': 'run_model', 'label': 'bc6f9da7-3793-46b2-b4c1-632a0f2ad2b8', 'context': [<snowplow_tracker.self_describing_json.SelfDescribingJson object at 0x76a3f6bbbad0>]}
[0m22:37:17.490670 [debug] [Thread-2 (]: DuckDB adapter: Rolling back transaction.
[0m22:37:17.491344 [debug] [Thread-1 (]: Finished running node model.capstone_support.fact_tickets
[0m22:37:17.491841 [debug] [Thread-3 (]: DuckDB adapter: Rolling back transaction.
[0m22:37:17.494614 [debug] [Thread-3 (]: On model.capstone_support.fct_tickets: ROLLBACK
[0m22:37:17.495494 [debug] [Thread-3 (]: Failed to rollback 'model.capstone_support.fct_tickets'
[0m22:37:17.492522 [error] [Thread-4 (]: 9 of 15 ERROR creating sql table model main.fct_business_performanceB .......... [[31mERROR[0m in 0.05s]
[0m22:37:17.497467 [debug] [Thread-4 (]: Finished running node model.capstone_support.fct_business_performanceB
[0m22:37:17.494133 [debug] [Thread-1 (]: Began running node model.capstone_support.mart_cx_satisfaction
[0m22:37:17.493271 [debug] [Thread-2 (]: On model.capstone_support.fct_business_performanceA: ROLLBACK
[0m22:37:17.497963 [debug] [Thread-4 (]: Began running node model.capstone_support.mart_fairness
[0m22:37:17.496664 [debug] [Thread-7 (]: Marking all children of 'model.capstone_support.fact_tickets' to be skipped because of status 'error'.  Reason: Runtime Error in model fact_tickets (models/marts/other/fact_tickets.sql)
  Binder Error: Referenced column "agent" not found in FROM clause!
  Candidate bindings: "_ingested_at", "ticket_id", "purchase_date"
  
  LINE 25:         agent as agent_id,
                   ^.
[0m22:37:17.496022 [debug] [Thread-3 (]: On model.capstone_support.fct_tickets: Close
[0m22:37:17.500084 [debug] [Thread-2 (]: Failed to rollback 'model.capstone_support.fct_business_performanceA'
[0m22:37:17.507083 [debug] [Thread-2 (]: On model.capstone_support.fct_business_performanceA: Close
[0m22:37:17.498861 [info ] [Thread-1 (]: 11 of 15 START sql table model main.mart_cx_satisfaction ....................... [RUN]
[0m22:37:17.502964 [debug] [Thread-7 (]: Marking all children of 'model.capstone_support.fct_business_performanceB' to be skipped because of status 'error'.  Reason: Runtime Error in model fct_business_performanceB (models/marts/other/fct_business_performanceB.sql)
  Binder Error: Referenced column "closed_at" not found in FROM clause!
  Candidate bindings: "purchase_date", "customer_age", "ticket_id", "customer_name", "customer_id"
  
  LINE 17:         EXTRACT(EPOCH FROM (closed_at - created_at))/3600 as trt_hours,
                                       ^.
[0m22:37:17.506462 [debug] [Thread-3 (]: Runtime Error in model fct_tickets (models/marts/other/fct_tickets.sql)
  Binder Error: Referenced column "user_id" not found in FROM clause!
  Candidate bindings: "customer_id", "customer_gender", "purchase_date", "customer_age", "customer_name"
  
  LINE 7:     user_id,
              ^
[0m22:37:17.500824 [info ] [Thread-4 (]: 12 of 15 START sql table model main.mart_fairness .............................. [RUN]
[0m22:37:17.510914 [debug] [Thread-1 (]: Re-using an available connection from the pool (formerly model.capstone_support.fact_tickets, now model.capstone_support.mart_cx_satisfaction)
[0m22:37:17.510367 [debug] [Thread-2 (]: Runtime Error in model fct_business_performanceA (models/marts/other/fct_business_performanceA.sql)
  Binder Error: Referenced column "status" not found in FROM clause!
  Candidate bindings: "ticket_status", "ticket_subject", "satisfaction_rating", "first_response_hrs", "ticket_id"
  
  LINE 17:         status,
                   ^
[0m22:37:17.511685 [debug] [Thread-3 (]: Sending event: {'category': 'dbt', 'action': 'run_model', 'label': 'bc6f9da7-3793-46b2-b4c1-632a0f2ad2b8', 'context': [<snowplow_tracker.self_describing_json.SelfDescribingJson object at 0x76a3f6065150>]}
[0m22:37:17.512160 [debug] [Thread-4 (]: Re-using an available connection from the pool (formerly model.capstone_support.fct_business_performanceB, now model.capstone_support.mart_fairness)
[0m22:37:17.512579 [debug] [Thread-1 (]: Began compiling node model.capstone_support.mart_cx_satisfaction
[0m22:37:17.512999 [debug] [Thread-2 (]: Sending event: {'category': 'dbt', 'action': 'run_model', 'label': 'bc6f9da7-3793-46b2-b4c1-632a0f2ad2b8', 'context': [<snowplow_tracker.self_describing_json.SelfDescribingJson object at 0x76a3f6c45450>]}
[0m22:37:17.514045 [debug] [Thread-4 (]: Began compiling node model.capstone_support.mart_fairness
[0m22:37:17.513645 [error] [Thread-3 (]: 10 of 15 ERROR creating sql view model main.fct_tickets ........................ [[31mERROR[0m in 0.07s]
[0m22:37:17.521713 [debug] [Thread-4 (]: Writing injected SQL for node "model.capstone_support.mart_fairness"
[0m22:37:17.522659 [debug] [Thread-3 (]: Finished running node model.capstone_support.fct_tickets
[0m22:37:17.517573 [debug] [Thread-1 (]: Writing injected SQL for node "model.capstone_support.mart_cx_satisfaction"
[0m22:37:17.518179 [error] [Thread-2 (]: 8 of 15 ERROR creating sql table model main.fct_business_performanceA .......... [[31mERROR[0m in 0.08s]
[0m22:37:17.523560 [debug] [Thread-4 (]: Began executing node model.capstone_support.mart_fairness
[0m22:37:17.524003 [debug] [Thread-3 (]: Began running node model.capstone_support.mart_operations_sla
[0m22:37:17.524480 [debug] [Thread-7 (]: Marking all children of 'model.capstone_support.fct_tickets' to be skipped because of status 'error'.  Reason: Runtime Error in model fct_tickets (models/marts/other/fct_tickets.sql)
  Binder Error: Referenced column "user_id" not found in FROM clause!
  Candidate bindings: "customer_id", "customer_gender", "purchase_date", "customer_age", "customer_name"
  
  LINE 7:     user_id,
              ^.
[0m22:37:17.525164 [debug] [Thread-1 (]: Began executing node model.capstone_support.mart_cx_satisfaction
[0m22:37:17.525607 [debug] [Thread-2 (]: Finished running node model.capstone_support.fct_business_performanceA
[0m22:37:17.530574 [debug] [Thread-4 (]: Writing runtime sql for node "model.capstone_support.mart_fairness"
[0m22:37:17.531097 [info ] [Thread-3 (]: 13 of 15 START sql table model main.mart_operations_sla ........................ [RUN]
[0m22:37:17.534740 [debug] [Thread-1 (]: Writing runtime sql for node "model.capstone_support.mart_cx_satisfaction"
[0m22:37:17.535285 [debug] [Thread-2 (]: Began running node model.capstone_support.mart_priority_subjects
[0m22:37:17.535789 [debug] [Thread-7 (]: Marking all children of 'model.capstone_support.fct_business_performanceA' to be skipped because of status 'error'.  Reason: Runtime Error in model fct_business_performanceA (models/marts/other/fct_business_performanceA.sql)
  Binder Error: Referenced column "status" not found in FROM clause!
  Candidate bindings: "ticket_status", "ticket_subject", "satisfaction_rating", "first_response_hrs", "ticket_id"
  
  LINE 17:         status,
                   ^.
[0m22:37:17.536446 [debug] [Thread-3 (]: Re-using an available connection from the pool (formerly model.capstone_support.fct_tickets, now model.capstone_support.mart_operations_sla)
[0m22:37:17.537148 [debug] [Thread-4 (]: Using duckdb connection "model.capstone_support.mart_fairness"
[0m22:37:17.540028 [debug] [Thread-4 (]: On model.capstone_support.mart_fairness: BEGIN
[0m22:37:17.537759 [info ] [Thread-2 (]: 14 of 15 START sql table model main.mart_priority_subjects ..................... [RUN]
[0m22:37:17.539528 [debug] [Thread-3 (]: Began compiling node model.capstone_support.mart_operations_sla
[0m22:37:17.538412 [debug] [Thread-1 (]: Using duckdb connection "model.capstone_support.mart_cx_satisfaction"
[0m22:37:17.540477 [debug] [Thread-4 (]: Opening a new connection, currently in state closed
[0m22:37:17.541027 [debug] [Thread-2 (]: Re-using an available connection from the pool (formerly model.capstone_support.fct_business_performanceA, now model.capstone_support.mart_priority_subjects)
[0m22:37:17.545817 [debug] [Thread-2 (]: Began compiling node model.capstone_support.mart_priority_subjects
[0m22:37:17.543868 [debug] [Thread-3 (]: Writing injected SQL for node "model.capstone_support.mart_operations_sla"
[0m22:37:17.545292 [debug] [Thread-4 (]: SQL status: OK in 0.005 seconds
[0m22:37:17.544311 [debug] [Thread-1 (]: On model.capstone_support.mart_cx_satisfaction: BEGIN
[0m22:37:17.548805 [debug] [Thread-2 (]: Writing injected SQL for node "model.capstone_support.mart_priority_subjects"
[0m22:37:17.549520 [debug] [Thread-4 (]: Using duckdb connection "model.capstone_support.mart_fairness"
[0m22:37:17.549828 [debug] [Thread-3 (]: Began executing node model.capstone_support.mart_operations_sla
[0m22:37:17.550257 [debug] [Thread-1 (]: Opening a new connection, currently in state closed
[0m22:37:17.550953 [debug] [Thread-4 (]: On model.capstone_support.mart_fairness: /* {"app": "dbt", "dbt_version": "1.11.7", "profile_name": "customer_support_tickets", "target_name": "dev", "node_id": "model.capstone_support.mart_fairness"} */

  
    
    

    create  table
      "support"."main"."mart_fairness__dbt_tmp"
  
    as (
      

-- Dashboard 6: Fairness / Bias
-- Responde:
--   - Diferencias sistemáticas en resolución por género
--   - Tickets de grupos demográficos con prioridad diferente
--   - Sesgo en asignación de prioridades por canal

with base as (
    select * from "support"."main"."stg_tickets"
),

enriched as (
    select
        *,
        case
            when customer_age < 25               then 'Gen Z (<25)'
            when customer_age between 25 and 34  then 'Millennial (25-34)'
            when customer_age between 35 and 44  then 'Gen X (35-44)'
            when customer_age between 45 and 59  then 'Boomer (45-59)'
            else                                      'Senior (60+)'
        end as age_segment
    from base
),

-- Baseline global para calcular desvíos
global_avg as (
    select
        avg(resolution_hrs)      as global_avg_resolution,
        avg(first_response_hrs)  as global_avg_frt,
        avg(satisfaction_rating) as global_avg_sat
    from base
)

select
    e.customer_gender,
    e.age_segment,
    e.ticket_channel,
    e.ticket_priority,

    count(*)                     as ticket_count,
    avg(e.resolution_hrs)        as avg_resolution_hrs,
    avg(e.first_response_hrs)    as avg_first_response_hrs,
    avg(e.satisfaction_rating)   as avg_satisfaction,

    -- Desvío respecto al promedio global (+ = peor servicio, - = mejor)
    avg(e.resolution_hrs)    - max(g.global_avg_resolution) as resolution_bias,
    avg(e.first_response_hrs)- max(g.global_avg_frt)        as frt_bias,
    avg(e.satisfaction_rating)-max(g.global_avg_sat)        as satisfaction_bias,

    -- % de tickets asignados a prioridad Critical por grupo
    round(
        100.0 * sum(case when e.ticket_priority='critical' then 1 else 0 end) / count(*)
    , 1) as pct_critical,

    round(
        100.0 * sum(case when e.ticket_status='closed' then 1 else 0 end) / count(*)
    , 1) as pct_resolved

from enriched e
cross join global_avg g
group by 1,2,3,4
    );
  
  
[0m22:37:17.554041 [debug] [Thread-3 (]: Writing runtime sql for node "model.capstone_support.mart_operations_sla"
[0m22:37:17.554393 [debug] [Thread-2 (]: Began executing node model.capstone_support.mart_priority_subjects
[0m22:37:17.555504 [debug] [Thread-1 (]: SQL status: OK in 0.005 seconds
[0m22:37:17.565833 [debug] [Thread-1 (]: Using duckdb connection "model.capstone_support.mart_cx_satisfaction"
[0m22:37:17.565103 [debug] [Thread-3 (]: Using duckdb connection "model.capstone_support.mart_operations_sla"
[0m22:37:17.563874 [debug] [Thread-2 (]: Writing runtime sql for node "model.capstone_support.mart_priority_subjects"
[0m22:37:17.568207 [debug] [Thread-2 (]: Using duckdb connection "model.capstone_support.mart_priority_subjects"
[0m22:37:17.566477 [debug] [Thread-1 (]: On model.capstone_support.mart_cx_satisfaction: /* {"app": "dbt", "dbt_version": "1.11.7", "profile_name": "customer_support_tickets", "target_name": "dev", "node_id": "model.capstone_support.mart_cx_satisfaction"} */

  
    
    

    create  table
      "support"."main"."mart_cx_satisfaction__dbt_tmp"
  
    as (
      

-- Dashboard 3: Priority Matrix + CX
-- Responde:
--   - Correlación edad-satisfacción
--   - Canal con mayor satisfacción
--   - Producto con más quejas críticas
--   - Diferencia de satisfacción por género
--   - Tickets con mayor resolution_hrs → peor rating

with base as (
    select * from "support"."main"."stg_tickets"
),

enriched as (
    select
        *,
        case
            when customer_age < 25               then 'Gen Z (<25)'
            when customer_age between 25 and 34  then 'Millennial (25-34)'
            when customer_age between 35 and 44  then 'Gen X (35-44)'
            when customer_age between 45 and 59  then 'Boomer (45-59)'
            else                                      'Senior (60+)'
        end as age_segment,

        -- Bucket de resolución para scatter en Superset
        case
            when resolution_hrs < 6   then '0-6h'
            when resolution_hrs < 24  then '6-24h'
            when resolution_hrs < 72  then '1-3 days'
            else                           '3+ days'
        end as resolution_bucket

    from base
)

select
    ticket_channel,
    ticket_priority,
    ticket_type,
    ticket_status,
    product_purchased,
    customer_gender,
    age_segment,
    resolution_bucket,

    count(*)                as total_tickets,
    avg(satisfaction_rating) as avg_satisfaction,
    avg(resolution_hrs)      as avg_resolution_hrs,
    avg(first_response_hrs)  as avg_first_response_hrs,

    -- Para Priority Matrix heatmap
    sum(case when ticket_priority = 'critical' then 1 else 0 end) as critical_count,
    sum(case when ticket_status   = 'closed'   then 1 else 0 end) as closed_count,

    round(
        100.0 * sum(case when ticket_status='closed' then 1 else 0 end) / count(*)
    , 1) as pct_closed

from enriched
group by 1,2,3,4,5,6,7,8
    );
  
  
[0m22:37:17.569232 [debug] [Thread-2 (]: On model.capstone_support.mart_priority_subjects: BEGIN
[0m22:37:17.567420 [debug] [Thread-3 (]: On model.capstone_support.mart_operations_sla: BEGIN
[0m22:37:17.570754 [debug] [Thread-3 (]: Opening a new connection, currently in state closed
[0m22:37:17.570253 [debug] [Thread-2 (]: Opening a new connection, currently in state closed
[0m22:37:17.573628 [debug] [Thread-2 (]: SQL status: OK in 0.003 seconds
[0m22:37:17.572511 [debug] [Thread-3 (]: SQL status: OK in 0.002 seconds
[0m22:37:17.575484 [debug] [Thread-3 (]: Using duckdb connection "model.capstone_support.mart_operations_sla"
[0m22:37:17.576143 [debug] [Thread-3 (]: On model.capstone_support.mart_operations_sla: /* {"app": "dbt", "dbt_version": "1.11.7", "profile_name": "customer_support_tickets", "target_name": "dev", "node_id": "model.capstone_support.mart_operations_sla"} */

  
    
    

    create  table
      "support"."main"."mart_operations_sla__dbt_tmp"
  
    as (
      

-- Dashboard 1 & 2: Operations Overview + Channel Performance
-- Responde:
--   - Tiempo promedio de primera respuesta por canal
--   - % tickets resueltos en < 24 horas
--   - Backlog actual (open + pending)
--   - % tickets Critical sin resolver
--   - Carga por día de semana y mes

with base as (
    select * from "support"."main"."stg_tickets"
),

per_channel as (
    select
        ticket_channel,
        ticket_priority,
        ticket_status,
        ticket_type,

        extract('dow'   from purchase_date) as day_of_week,
        strftime(purchase_date, '%A')       as day_name,
        extract('month' from purchase_date) as month_num,
        strftime(purchase_date, '%B')       as month_name,
        extract('year'  from purchase_date) as year,

        first_response_hrs,
        resolution_hrs,
        satisfaction_rating,

        -- SLA flags
        case when resolution_hrs <= 24 then 1 else 0 end          as resolved_under_24h,
        case when ticket_status in ('open','pending customer response')
             then 1 else 0 end                                     as is_backlog,
        case when ticket_priority = 'critical'
              and ticket_status != 'closed' then 1 else 0 end      as is_critical_unresolved

    from base
)

select
    ticket_channel,
    ticket_priority,
    ticket_status,
    ticket_type,
    day_of_week,
    day_name,
    month_num,
    month_name,
    year,

    count(*)                                  as total_tickets,
    avg(first_response_hrs)                   as avg_first_response_hrs,
    avg(resolution_hrs)                       as avg_resolution_hrs,
    avg(satisfaction_rating)                  as avg_satisfaction,

    sum(resolved_under_24h)                   as tickets_resolved_under_24h,
    round(
        100.0 * sum(resolved_under_24h) / count(*), 1
    )                                         as pct_resolved_under_24h,

    sum(is_backlog)                           as backlog_count,
    sum(is_critical_unresolved)               as critical_unresolved_count,

    round(
        100.0 * sum(is_critical_unresolved)
            / nullif(sum(case when ticket_priority='critical' then 1 end), 0)
    , 1)                                      as pct_critical_unresolved

from per_channel
group by 1,2,3,4,5,6,7,8,9
    );
  
  
[0m22:37:17.574267 [debug] [Thread-2 (]: Using duckdb connection "model.capstone_support.mart_priority_subjects"
[0m22:37:17.574946 [debug] [Thread-4 (]: SQL status: OK in 0.020 seconds
[0m22:37:17.577353 [debug] [Thread-2 (]: On model.capstone_support.mart_priority_subjects: /* {"app": "dbt", "dbt_version": "1.11.7", "profile_name": "customer_support_tickets", "target_name": "dev", "node_id": "model.capstone_support.mart_priority_subjects"} */

  
    
    

    create  table
      "support"."main"."mart_priority_subjects__dbt_tmp"
  
    as (
      

-- Dashboard 3 & 5: Priority Matrix + Product Complaints
-- Responde:
--   - Subjects más frecuentes como Critical
--   - Sistema de prioridades vs satisfacción real
--   - Tipo de ticket con mayor tasa de escalamiento
--   - Productos con más tickets críticos

with base as (
    select * from "support"."main"."stg_tickets"
)

select
    ticket_subject,
    ticket_type,
    ticket_priority,
    product_purchased,

    count(*)                     as total_tickets,
    avg(satisfaction_rating)     as avg_satisfaction,
    avg(resolution_hrs)          as avg_resolution_hrs,

    -- % no resueltos (proxy de escalamiento)
    round(
        100.0 * sum(case when ticket_status != 'closed' then 1 else 0 end) / count(*)
    , 1) as pct_unresolved,

    sum(case when ticket_priority = 'critical' then 1 else 0 end) as critical_count,
    sum(case when ticket_priority = 'high'     then 1 else 0 end) as high_count,

    -- ¿La prioridad asignada coincide con la satisfacción?
    -- Si critical tiene alta satisfacción, el sistema de prioridades es inconsistente
    case
        when avg(satisfaction_rating) >= 4
         and ticket_priority in ('critical','high') then 'Prioridad sobreasignada'
        when avg(satisfaction_rating) <= 2
         and ticket_priority in ('low','medium')    then 'Prioridad subasignada'
        else 'Consistente'
    end as priority_alignment

from base
group by 1,2,3,4
order by critical_count desc
    );
  
  
[0m22:37:17.598641 [debug] [Thread-4 (]: Using duckdb connection "model.capstone_support.mart_fairness"
[0m22:37:17.603298 [debug] [Thread-4 (]: On model.capstone_support.mart_fairness: /* {"app": "dbt", "dbt_version": "1.11.7", "profile_name": "customer_support_tickets", "target_name": "dev", "node_id": "model.capstone_support.mart_fairness"} */

    SELECT index_name
    FROM duckdb_indexes()
    WHERE schema_name = 'main'
      AND table_name = 'mart_fairness'
  
[0m22:37:17.604685 [debug] [Thread-4 (]: SQL status: OK in 0.001 seconds
[0m22:37:17.610980 [debug] [Thread-4 (]: Using duckdb connection "model.capstone_support.mart_fairness"
[0m22:37:17.620716 [debug] [Thread-4 (]: On model.capstone_support.mart_fairness: /* {"app": "dbt", "dbt_version": "1.11.7", "profile_name": "customer_support_tickets", "target_name": "dev", "node_id": "model.capstone_support.mart_fairness"} */

    SELECT COUNT(*) as remaining_indexes
    FROM duckdb_indexes()
    WHERE schema_name = 'main'
      AND table_name = 'mart_fairness'
  
[0m22:37:17.625038 [debug] [Thread-4 (]: SQL status: OK in 0.001 seconds
[0m22:37:17.623791 [debug] [Thread-1 (]: SQL status: OK in 0.054 seconds
[0m22:37:17.627665 [debug] [Thread-1 (]: Using duckdb connection "model.capstone_support.mart_cx_satisfaction"
[0m22:37:17.634224 [debug] [Thread-1 (]: On model.capstone_support.mart_cx_satisfaction: /* {"app": "dbt", "dbt_version": "1.11.7", "profile_name": "customer_support_tickets", "target_name": "dev", "node_id": "model.capstone_support.mart_cx_satisfaction"} */

    SELECT index_name
    FROM duckdb_indexes()
    WHERE schema_name = 'main'
      AND table_name = 'mart_cx_satisfaction'
  
[0m22:37:17.633799 [debug] [Thread-4 (]: Using duckdb connection "model.capstone_support.mart_fairness"
[0m22:37:17.635001 [debug] [Thread-4 (]: On model.capstone_support.mart_fairness: /* {"app": "dbt", "dbt_version": "1.11.7", "profile_name": "customer_support_tickets", "target_name": "dev", "node_id": "model.capstone_support.mart_fairness"} */
alter table "support"."main"."mart_fairness" rename to "mart_fairness__dbt_backup"
[0m22:37:17.636736 [debug] [Thread-4 (]: SQL status: OK in 0.000 seconds
[0m22:37:17.635921 [debug] [Thread-1 (]: SQL status: OK in 0.001 seconds
[0m22:37:17.642187 [debug] [Thread-1 (]: Using duckdb connection "model.capstone_support.mart_cx_satisfaction"
[0m22:37:17.640650 [debug] [Thread-4 (]: Using duckdb connection "model.capstone_support.mart_fairness"
[0m22:37:17.643322 [debug] [Thread-4 (]: On model.capstone_support.mart_fairness: /* {"app": "dbt", "dbt_version": "1.11.7", "profile_name": "customer_support_tickets", "target_name": "dev", "node_id": "model.capstone_support.mart_fairness"} */
alter table "support"."main"."mart_fairness__dbt_tmp" rename to "mart_fairness"
[0m22:37:17.642771 [debug] [Thread-1 (]: On model.capstone_support.mart_cx_satisfaction: /* {"app": "dbt", "dbt_version": "1.11.7", "profile_name": "customer_support_tickets", "target_name": "dev", "node_id": "model.capstone_support.mart_cx_satisfaction"} */

    SELECT COUNT(*) as remaining_indexes
    FROM duckdb_indexes()
    WHERE schema_name = 'main'
      AND table_name = 'mart_cx_satisfaction'
  
[0m22:37:17.644435 [debug] [Thread-4 (]: SQL status: OK in 0.001 seconds
[0m22:37:17.645343 [debug] [Thread-1 (]: SQL status: OK in 0.001 seconds
[0m22:37:17.650784 [debug] [Thread-4 (]: On model.capstone_support.mart_fairness: COMMIT
[0m22:37:17.651453 [debug] [Thread-3 (]: SQL status: OK in 0.075 seconds
[0m22:37:17.651794 [debug] [Thread-2 (]: SQL status: OK in 0.066 seconds
[0m22:37:17.656228 [debug] [Thread-1 (]: Using duckdb connection "model.capstone_support.mart_cx_satisfaction"
[0m22:37:17.656662 [debug] [Thread-4 (]: Using duckdb connection "model.capstone_support.mart_fairness"
[0m22:37:17.657584 [debug] [Thread-3 (]: Using duckdb connection "model.capstone_support.mart_operations_sla"
[0m22:37:17.658526 [debug] [Thread-2 (]: Using duckdb connection "model.capstone_support.mart_priority_subjects"
[0m22:37:17.658954 [debug] [Thread-1 (]: On model.capstone_support.mart_cx_satisfaction: /* {"app": "dbt", "dbt_version": "1.11.7", "profile_name": "customer_support_tickets", "target_name": "dev", "node_id": "model.capstone_support.mart_cx_satisfaction"} */
alter table "support"."main"."mart_cx_satisfaction" rename to "mart_cx_satisfaction__dbt_backup"
[0m22:37:17.659426 [debug] [Thread-4 (]: On model.capstone_support.mart_fairness: COMMIT
[0m22:37:17.659924 [debug] [Thread-3 (]: On model.capstone_support.mart_operations_sla: /* {"app": "dbt", "dbt_version": "1.11.7", "profile_name": "customer_support_tickets", "target_name": "dev", "node_id": "model.capstone_support.mart_operations_sla"} */

    SELECT index_name
    FROM duckdb_indexes()
    WHERE schema_name = 'main'
      AND table_name = 'mart_operations_sla'
  
[0m22:37:17.660422 [debug] [Thread-2 (]: On model.capstone_support.mart_priority_subjects: /* {"app": "dbt", "dbt_version": "1.11.7", "profile_name": "customer_support_tickets", "target_name": "dev", "node_id": "model.capstone_support.mart_priority_subjects"} */

    SELECT index_name
    FROM duckdb_indexes()
    WHERE schema_name = 'main'
      AND table_name = 'mart_priority_subjects'
  
[0m22:37:17.661356 [debug] [Thread-1 (]: SQL status: OK in 0.001 seconds
[0m22:37:17.662745 [debug] [Thread-3 (]: SQL status: OK in 0.001 seconds
[0m22:37:17.667489 [debug] [Thread-4 (]: SQL status: OK in 0.006 seconds
[0m22:37:17.666865 [debug] [Thread-1 (]: Using duckdb connection "model.capstone_support.mart_cx_satisfaction"
[0m22:37:17.667970 [debug] [Thread-2 (]: SQL status: OK in 0.005 seconds
[0m22:37:17.670323 [debug] [Thread-4 (]: Using duckdb connection "model.capstone_support.mart_fairness"
[0m22:37:17.671506 [debug] [Thread-3 (]: Using duckdb connection "model.capstone_support.mart_operations_sla"
[0m22:37:17.671987 [debug] [Thread-1 (]: On model.capstone_support.mart_cx_satisfaction: /* {"app": "dbt", "dbt_version": "1.11.7", "profile_name": "customer_support_tickets", "target_name": "dev", "node_id": "model.capstone_support.mart_cx_satisfaction"} */
alter table "support"."main"."mart_cx_satisfaction__dbt_tmp" rename to "mart_cx_satisfaction"
[0m22:37:17.673102 [debug] [Thread-2 (]: Using duckdb connection "model.capstone_support.mart_priority_subjects"
[0m22:37:17.673594 [debug] [Thread-4 (]: On model.capstone_support.mart_fairness: /* {"app": "dbt", "dbt_version": "1.11.7", "profile_name": "customer_support_tickets", "target_name": "dev", "node_id": "model.capstone_support.mart_fairness"} */

      drop table if exists "support"."main"."mart_fairness__dbt_backup" cascade
    
[0m22:37:17.674089 [debug] [Thread-3 (]: On model.capstone_support.mart_operations_sla: /* {"app": "dbt", "dbt_version": "1.11.7", "profile_name": "customer_support_tickets", "target_name": "dev", "node_id": "model.capstone_support.mart_operations_sla"} */

    SELECT COUNT(*) as remaining_indexes
    FROM duckdb_indexes()
    WHERE schema_name = 'main'
      AND table_name = 'mart_operations_sla'
  
[0m22:37:17.674824 [debug] [Thread-2 (]: On model.capstone_support.mart_priority_subjects: /* {"app": "dbt", "dbt_version": "1.11.7", "profile_name": "customer_support_tickets", "target_name": "dev", "node_id": "model.capstone_support.mart_priority_subjects"} */

    SELECT COUNT(*) as remaining_indexes
    FROM duckdb_indexes()
    WHERE schema_name = 'main'
      AND table_name = 'mart_priority_subjects'
  
[0m22:37:17.675634 [debug] [Thread-1 (]: SQL status: OK in 0.001 seconds
[0m22:37:17.678020 [debug] [Thread-2 (]: SQL status: OK in 0.001 seconds
[0m22:37:17.679781 [debug] [Thread-3 (]: SQL status: OK in 0.003 seconds
[0m22:37:17.681554 [debug] [Thread-1 (]: On model.capstone_support.mart_cx_satisfaction: COMMIT
[0m22:37:17.681880 [debug] [Thread-4 (]: SQL status: OK in 0.006 seconds
[0m22:37:17.685179 [debug] [Thread-2 (]: Using duckdb connection "model.capstone_support.mart_priority_subjects"
[0m22:37:17.689053 [debug] [Thread-3 (]: Using duckdb connection "model.capstone_support.mart_operations_sla"
[0m22:37:17.689457 [debug] [Thread-1 (]: Using duckdb connection "model.capstone_support.mart_cx_satisfaction"
[0m22:37:17.691800 [debug] [Thread-4 (]: On model.capstone_support.mart_fairness: Close
[0m22:37:17.692253 [debug] [Thread-2 (]: On model.capstone_support.mart_priority_subjects: /* {"app": "dbt", "dbt_version": "1.11.7", "profile_name": "customer_support_tickets", "target_name": "dev", "node_id": "model.capstone_support.mart_priority_subjects"} */
alter table "support"."main"."mart_priority_subjects" rename to "mart_priority_subjects__dbt_backup"
[0m22:37:17.692674 [debug] [Thread-3 (]: On model.capstone_support.mart_operations_sla: /* {"app": "dbt", "dbt_version": "1.11.7", "profile_name": "customer_support_tickets", "target_name": "dev", "node_id": "model.capstone_support.mart_operations_sla"} */
alter table "support"."main"."mart_operations_sla" rename to "mart_operations_sla__dbt_backup"
[0m22:37:17.693086 [debug] [Thread-1 (]: On model.capstone_support.mart_cx_satisfaction: COMMIT
[0m22:37:17.693976 [debug] [Thread-4 (]: Sending event: {'category': 'dbt', 'action': 'run_model', 'label': 'bc6f9da7-3793-46b2-b4c1-632a0f2ad2b8', 'context': [<snowplow_tracker.self_describing_json.SelfDescribingJson object at 0x76a3f5f46ad0>]}
[0m22:37:17.695902 [info ] [Thread-4 (]: 12 of 15 OK created sql table model main.mart_fairness ......................... [[32mOK[0m in 0.18s]
[0m22:37:17.694662 [debug] [Thread-2 (]: SQL status: OK in 0.001 seconds
[0m22:37:17.695097 [debug] [Thread-3 (]: SQL status: OK in 0.001 seconds
[0m22:37:17.701265 [debug] [Thread-2 (]: Using duckdb connection "model.capstone_support.mart_priority_subjects"
[0m22:37:17.697138 [debug] [Thread-4 (]: Finished running node model.capstone_support.mart_fairness
[0m22:37:17.705533 [debug] [Thread-3 (]: Using duckdb connection "model.capstone_support.mart_operations_sla"
[0m22:37:17.710164 [debug] [Thread-3 (]: On model.capstone_support.mart_operations_sla: /* {"app": "dbt", "dbt_version": "1.11.7", "profile_name": "customer_support_tickets", "target_name": "dev", "node_id": "model.capstone_support.mart_operations_sla"} */
alter table "support"."main"."mart_operations_sla__dbt_tmp" rename to "mart_operations_sla"
[0m22:37:17.708612 [debug] [Thread-4 (]: Began running node model.capstone_support.fct_ticket_metrics
[0m22:37:17.707487 [debug] [Thread-2 (]: On model.capstone_support.mart_priority_subjects: /* {"app": "dbt", "dbt_version": "1.11.7", "profile_name": "customer_support_tickets", "target_name": "dev", "node_id": "model.capstone_support.mart_priority_subjects"} */
alter table "support"."main"."mart_priority_subjects__dbt_tmp" rename to "mart_priority_subjects"
[0m22:37:17.710966 [info ] [Thread-4 (]: 15 of 15 SKIP relation main.fct_ticket_metrics ................................. [[33mSKIP[0m]
[0m22:37:17.714338 [debug] [Thread-3 (]: SQL status: OK in 0.004 seconds
[0m22:37:17.715251 [debug] [Thread-4 (]: Finished running node model.capstone_support.fct_ticket_metrics
[0m22:37:17.717960 [debug] [Thread-3 (]: On model.capstone_support.mart_operations_sla: COMMIT
[0m22:37:17.720222 [debug] [Thread-2 (]: SQL status: OK in 0.005 seconds
[0m22:37:17.723513 [debug] [Thread-3 (]: Using duckdb connection "model.capstone_support.mart_operations_sla"
[0m22:37:17.731752 [debug] [Thread-3 (]: On model.capstone_support.mart_operations_sla: COMMIT
[0m22:37:17.725709 [debug] [Thread-2 (]: On model.capstone_support.mart_priority_subjects: COMMIT
[0m22:37:17.732765 [debug] [Thread-2 (]: Using duckdb connection "model.capstone_support.mart_priority_subjects"
[0m22:37:17.733276 [debug] [Thread-2 (]: On model.capstone_support.mart_priority_subjects: COMMIT
[0m22:37:17.763513 [debug] [Thread-1 (]: SQL status: OK in 0.068 seconds
[0m22:37:17.768352 [debug] [Thread-1 (]: Using duckdb connection "model.capstone_support.mart_cx_satisfaction"
[0m22:37:17.768859 [debug] [Thread-1 (]: On model.capstone_support.mart_cx_satisfaction: /* {"app": "dbt", "dbt_version": "1.11.7", "profile_name": "customer_support_tickets", "target_name": "dev", "node_id": "model.capstone_support.mart_cx_satisfaction"} */

      drop table if exists "support"."main"."mart_cx_satisfaction__dbt_backup" cascade
    
[0m22:37:17.780456 [debug] [Thread-2 (]: SQL status: OK in 0.047 seconds
[0m22:37:17.784418 [debug] [Thread-2 (]: Using duckdb connection "model.capstone_support.mart_priority_subjects"
[0m22:37:17.785211 [debug] [Thread-2 (]: On model.capstone_support.mart_priority_subjects: /* {"app": "dbt", "dbt_version": "1.11.7", "profile_name": "customer_support_tickets", "target_name": "dev", "node_id": "model.capstone_support.mart_priority_subjects"} */

      drop table if exists "support"."main"."mart_priority_subjects__dbt_backup" cascade
    
[0m22:37:17.799245 [debug] [Thread-3 (]: SQL status: OK in 0.067 seconds
[0m22:37:17.804041 [debug] [Thread-3 (]: Using duckdb connection "model.capstone_support.mart_operations_sla"
[0m22:37:17.804505 [debug] [Thread-3 (]: On model.capstone_support.mart_operations_sla: /* {"app": "dbt", "dbt_version": "1.11.7", "profile_name": "customer_support_tickets", "target_name": "dev", "node_id": "model.capstone_support.mart_operations_sla"} */

      drop table if exists "support"."main"."mart_operations_sla__dbt_backup" cascade
    
[0m22:37:17.804948 [debug] [Thread-1 (]: SQL status: OK in 0.036 seconds
[0m22:37:17.806764 [debug] [Thread-1 (]: On model.capstone_support.mart_cx_satisfaction: Close
[0m22:37:17.807376 [debug] [Thread-2 (]: SQL status: OK in 0.022 seconds
[0m22:37:17.808038 [debug] [Thread-1 (]: Sending event: {'category': 'dbt', 'action': 'run_model', 'label': 'bc6f9da7-3793-46b2-b4c1-632a0f2ad2b8', 'context': [<snowplow_tracker.self_describing_json.SelfDescribingJson object at 0x76a3f458ba50>]}
[0m22:37:17.808489 [debug] [Thread-3 (]: SQL status: OK in 0.003 seconds
[0m22:37:17.809537 [debug] [Thread-2 (]: On model.capstone_support.mart_priority_subjects: Close
[0m22:37:17.810319 [info ] [Thread-1 (]: 11 of 15 OK created sql table model main.mart_cx_satisfaction .................. [[32mOK[0m in 0.30s]
[0m22:37:17.811692 [debug] [Thread-3 (]: On model.capstone_support.mart_operations_sla: Close
[0m22:37:17.812343 [debug] [Thread-1 (]: Finished running node model.capstone_support.mart_cx_satisfaction
[0m22:37:17.812750 [debug] [Thread-2 (]: Sending event: {'category': 'dbt', 'action': 'run_model', 'label': 'bc6f9da7-3793-46b2-b4c1-632a0f2ad2b8', 'context': [<snowplow_tracker.self_describing_json.SelfDescribingJson object at 0x76a3f45a8450>]}
[0m22:37:17.813285 [debug] [Thread-3 (]: Sending event: {'category': 'dbt', 'action': 'run_model', 'label': 'bc6f9da7-3793-46b2-b4c1-632a0f2ad2b8', 'context': [<snowplow_tracker.self_describing_json.SelfDescribingJson object at 0x76a3f45a8690>]}
[0m22:37:17.813997 [info ] [Thread-2 (]: 14 of 15 OK created sql table model main.mart_priority_subjects ................ [[32mOK[0m in 0.27s]
[0m22:37:17.814790 [info ] [Thread-3 (]: 13 of 15 OK created sql table model main.mart_operations_sla ................... [[32mOK[0m in 0.28s]
[0m22:37:17.815745 [debug] [Thread-2 (]: Finished running node model.capstone_support.mart_priority_subjects
[0m22:37:17.816433 [debug] [Thread-3 (]: Finished running node model.capstone_support.mart_operations_sla
[0m22:37:17.819145 [debug] [MainThread]: Using duckdb connection "master"
[0m22:37:17.819502 [debug] [MainThread]: On master: BEGIN
[0m22:37:17.819841 [debug] [MainThread]: Opening a new connection, currently in state closed
[0m22:37:17.820486 [debug] [MainThread]: SQL status: OK in 0.001 seconds
[0m22:37:17.820822 [debug] [MainThread]: On master: COMMIT
[0m22:37:17.821167 [debug] [MainThread]: Using duckdb connection "master"
[0m22:37:17.821475 [debug] [MainThread]: On master: COMMIT
[0m22:37:17.821999 [debug] [MainThread]: SQL status: OK in 0.000 seconds
[0m22:37:17.822369 [debug] [MainThread]: On master: Close
[0m22:37:17.822761 [debug] [MainThread]: Connection 'master' was properly closed.
[0m22:37:17.823017 [debug] [MainThread]: Connection 'model.capstone_support.mart_cx_satisfaction' was properly closed.
[0m22:37:17.823365 [debug] [MainThread]: Connection 'model.capstone_support.mart_priority_subjects' was properly closed.
[0m22:37:17.823631 [debug] [MainThread]: Connection 'model.capstone_support.mart_fairness' was properly closed.
[0m22:37:17.823912 [debug] [MainThread]: Connection 'model.capstone_support.mart_operations_sla' was properly closed.
[0m22:37:17.824351 [info ] [MainThread]: 
[0m22:37:17.824742 [info ] [MainThread]: Finished running 1 incremental model, 11 table models, 3 view models in 0 hours 0 minutes and 0.80 seconds (0.80s).
[0m22:37:17.827247 [debug] [MainThread]: Command end result
[0m22:37:17.859097 [debug] [MainThread]: Wrote artifact WritableManifest to /usr/app/dbt/capstone_support/target/manifest.json
[0m22:37:17.860778 [debug] [MainThread]: Wrote artifact SemanticManifest to /usr/app/dbt/capstone_support/target/semantic_manifest.json
[0m22:37:17.866984 [debug] [MainThread]: Wrote artifact RunExecutionResult to /usr/app/dbt/capstone_support/target/run_results.json
[0m22:37:17.867334 [info ] [MainThread]: 
[0m22:37:17.867941 [info ] [MainThread]: [31mCompleted with 8 errors, 0 partial successes, and 0 warnings:[0m
[0m22:37:17.868450 [info ] [MainThread]: 
[0m22:37:17.868979 [error] [MainThread]: [31mFailure in model dim_products (models/marts/other/dim_products.sql)[0m
[0m22:37:17.869548 [error] [MainThread]:   Runtime Error in model dim_products (models/marts/other/dim_products.sql)
  Binder Error: Referenced column "product_id" not found in FROM clause!
  Candidate bindings: "product_purchased", "ticket_id", "customer_id", "purchase_date", "customer_gender"
  
  LINE 27:     where product_id is not null
                     ^
[0m22:37:17.869965 [info ] [MainThread]: 
[0m22:37:17.870467 [info ] [MainThread]:   compiled code at target/compiled/capstone_support/models/marts/other/dim_products.sql
[0m22:37:17.870867 [info ] [MainThread]: 
[0m22:37:17.871388 [error] [MainThread]: [31mFailure in model dim_date (models/marts/other/dim_date.sql)[0m
[0m22:37:17.871905 [error] [MainThread]:   Runtime Error in model dim_date (models/marts/other/dim_date.sql)
  Binder Error: Referenced column "created_at" not found in FROM clause!
  Candidate bindings: "_ingested_at", "purchase_date", "ticket_id", "customer_gender", "customer_age"
  
  LINE 16:         created_at as full_date
                   ^
[0m22:37:17.872337 [info ] [MainThread]: 
[0m22:37:17.872809 [info ] [MainThread]:   compiled code at target/compiled/capstone_support/models/marts/other/dim_date.sql
[0m22:37:17.873220 [info ] [MainThread]: 
[0m22:37:17.873691 [error] [MainThread]: [31mFailure in model dim_agents (models/marts/other/dim_agents.sql)[0m
[0m22:37:17.874195 [error] [MainThread]:   Runtime Error in model dim_agents (models/marts/other/dim_agents.sql)
  Binder Error: Referenced column "agent" not found in FROM clause!
  Candidate bindings: "_ingested_at", "ticket_id", "purchase_date"
  
  LINE 27:     where agent is not null
                     ^
[0m22:37:17.874609 [info ] [MainThread]: 
[0m22:37:17.875080 [info ] [MainThread]:   compiled code at target/compiled/capstone_support/models/marts/other/dim_agents.sql
[0m22:37:17.875496 [info ] [MainThread]: 
[0m22:37:17.875925 [error] [MainThread]: [31mFailure in model dim_customers (models/marts/other/dim_customers.sql)[0m
[0m22:37:17.876422 [error] [MainThread]:   Runtime Error in model dim_customers (models/marts/other/dim_customers.sql)
  Binder Error: Referenced column "customer_email" not found in FROM clause!
  Candidate bindings: "customer_name", "customer_id", "customer_age", "customer_gender", "resolution_hrs"
  
  LINE 24:         customer_email,
                   ^
[0m22:37:17.876824 [info ] [MainThread]: 
[0m22:37:17.877299 [info ] [MainThread]:   compiled code at target/compiled/capstone_support/models/marts/other/dim_customers.sql
[0m22:37:17.877708 [info ] [MainThread]: 
[0m22:37:17.878201 [error] [MainThread]: [31mFailure in model fact_tickets (models/marts/other/fact_tickets.sql)[0m
[0m22:37:17.878691 [error] [MainThread]:   Runtime Error in model fact_tickets (models/marts/other/fact_tickets.sql)
  Binder Error: Referenced column "agent" not found in FROM clause!
  Candidate bindings: "_ingested_at", "ticket_id", "purchase_date"
  
  LINE 25:         agent as agent_id,
                   ^
[0m22:37:17.879104 [info ] [MainThread]: 
[0m22:37:17.879578 [info ] [MainThread]:   compiled code at target/compiled/capstone_support/models/marts/other/fact_tickets.sql
[0m22:37:17.879965 [info ] [MainThread]: 
[0m22:37:17.880460 [error] [MainThread]: [31mFailure in model fct_business_performanceB (models/marts/other/fct_business_performanceB.sql)[0m
[0m22:37:17.880958 [error] [MainThread]:   Runtime Error in model fct_business_performanceB (models/marts/other/fct_business_performanceB.sql)
  Binder Error: Referenced column "closed_at" not found in FROM clause!
  Candidate bindings: "purchase_date", "customer_age", "ticket_id", "customer_name", "customer_id"
  
  LINE 17:         EXTRACT(EPOCH FROM (closed_at - created_at))/3600 as trt_hours,
                                       ^
[0m22:37:17.881367 [info ] [MainThread]: 
[0m22:37:17.881828 [info ] [MainThread]:   compiled code at target/compiled/capstone_support/models/marts/other/fct_business_performanceB.sql
[0m22:37:17.882234 [info ] [MainThread]: 
[0m22:37:17.882710 [error] [MainThread]: [31mFailure in model fct_tickets (models/marts/other/fct_tickets.sql)[0m
[0m22:37:17.883215 [error] [MainThread]:   Runtime Error in model fct_tickets (models/marts/other/fct_tickets.sql)
  Binder Error: Referenced column "user_id" not found in FROM clause!
  Candidate bindings: "customer_id", "customer_gender", "purchase_date", "customer_age", "customer_name"
  
  LINE 7:     user_id,
              ^
[0m22:37:17.883619 [info ] [MainThread]: 
[0m22:37:17.884051 [info ] [MainThread]:   compiled code at target/compiled/capstone_support/models/marts/other/fct_tickets.sql
[0m22:37:17.884465 [info ] [MainThread]: 
[0m22:37:17.884949 [error] [MainThread]: [31mFailure in model fct_business_performanceA (models/marts/other/fct_business_performanceA.sql)[0m
[0m22:37:17.885432 [error] [MainThread]:   Runtime Error in model fct_business_performanceA (models/marts/other/fct_business_performanceA.sql)
  Binder Error: Referenced column "status" not found in FROM clause!
  Candidate bindings: "ticket_status", "ticket_subject", "satisfaction_rating", "first_response_hrs", "ticket_id"
  
  LINE 17:         status,
                   ^
[0m22:37:17.885826 [info ] [MainThread]: 
[0m22:37:17.886336 [info ] [MainThread]:   compiled code at target/compiled/capstone_support/models/marts/other/fct_business_performanceA.sql
[0m22:37:17.886750 [info ] [MainThread]: 
[0m22:37:17.887171 [info ] [MainThread]: Done. PASS=6 WARN=0 ERROR=8 SKIP=1 NO-OP=0 TOTAL=15
[0m22:37:17.888713 [debug] [MainThread]: Resource report: {"command_name": "run", "command_success": false, "command_wall_clock_time": 1.945243, "process_in_blocks": "14552", "process_kernel_time": 0.55618, "process_mem_max_rss": "203520", "process_out_blocks": "13816", "process_user_time": 3.099002}
[0m22:37:17.889330 [debug] [MainThread]: Command `dbt run` failed at 22:37:17.889196 after 1.95 seconds
[0m22:37:17.889797 [debug] [MainThread]: Sending event: {'category': 'dbt', 'action': 'invocation', 'label': 'end', 'context': [<snowplow_tracker.self_describing_json.SelfDescribingJson object at 0x76a400a41250>, <snowplow_tracker.self_describing_json.SelfDescribingJson object at 0x76a3feffc110>, <snowplow_tracker.self_describing_json.SelfDescribingJson object at 0x76a3fbed1290>]}
[0m22:37:17.890275 [debug] [MainThread]: Flushing usage events
[0m22:37:18.043639 [debug] [MainThread]: An error was encountered while trying to flush usage events
[0m22:38:38.745858 [debug] [MainThread]: Sending event: {'category': 'dbt', 'action': 'invocation', 'label': 'start', 'context': [<snowplow_tracker.self_describing_json.SelfDescribingJson object at 0x75f0fa600a50>, <snowplow_tracker.self_describing_json.SelfDescribingJson object at 0x75f0fa54ec90>, <snowplow_tracker.self_describing_json.SelfDescribingJson object at 0x75f0fa422390>]}


============================== 22:38:38.751929 | be0a67c3-1292-488d-b39c-7e51b7a09ea3 ==============================
[0m22:38:38.751929 [info ] [MainThread]: Running with dbt=1.11.7
[0m22:38:38.752655 [debug] [MainThread]: running dbt with arguments {'partial_parse': 'True', 'empty': 'False', 'log_cache_events': 'False', 'use_experimental_parser': 'False', 'warn_error': 'None', 'cache_selected_only': 'False', 'log_path': '/usr/app/dbt/capstone_support/logs', 'use_colors': 'True', 'quiet': 'False', 'send_anonymous_usage_stats': 'True', 'indirect_selection': 'eager', 'version_check': 'True', 'static_parser': 'True', 'warn_error_options': 'WarnErrorOptionsV2(error=[], warn=[], silence=[])', 'fail_fast': 'False', 'debug': 'False', 'introspect': 'True', 'target_path': 'None', 'invocation_command': 'dbt run --profiles-dir /usr/app/dbt', 'no_print': 'None', 'write_json': 'True', 'printer_width': '80', 'log_format': 'default', 'profiles_dir': '/usr/app/dbt'}
[0m22:38:38.994457 [debug] [MainThread]: Sending event: {'category': 'dbt', 'action': 'project_id', 'label': 'be0a67c3-1292-488d-b39c-7e51b7a09ea3', 'context': [<snowplow_tracker.self_describing_json.SelfDescribingJson object at 0x75f0fa3e6990>]}
[0m22:38:39.064912 [debug] [MainThread]: Sending event: {'category': 'dbt', 'action': 'adapter_info', 'label': 'be0a67c3-1292-488d-b39c-7e51b7a09ea3', 'context': [<snowplow_tracker.self_describing_json.SelfDescribingJson object at 0x75f0fd54a7d0>]}
[0m22:38:39.067438 [info ] [MainThread]: Registered adapter: duckdb=1.10.1
[0m22:38:39.206832 [debug] [MainThread]: checksum: b80718358155fc17c3559352095564dd56ada1cc1a1c0ef2e62c857e71583775, vars: {}, profile: , target: , version: 1.11.7
[0m22:38:39.357506 [info ] [MainThread]: Unable to do partial parsing because a project dependency has been added
[0m22:38:39.358184 [debug] [MainThread]: Sending event: {'category': 'dbt', 'action': 'partial_parser', 'label': 'be0a67c3-1292-488d-b39c-7e51b7a09ea3', 'context': [<snowplow_tracker.self_describing_json.SelfDescribingJson object at 0x75f0f524ed90>]}
[0m22:38:41.550098 [warn ] [MainThread]: [[33mWARNING[0m][MissingArgumentsPropertyInGenericTestDeprecation]: Deprecated
functionality
Found top-level arguments to test `accepted_values` defined on 'stg_tickets' in
package 'customer_support_tickets' (models/staging/schema.yml). Arguments to
generic tests should be nested under the `arguments` property.
[0m22:38:41.554622 [debug] [MainThread]: Sending event: {'category': 'dbt', 'action': 'deprecation', 'label': 'be0a67c3-1292-488d-b39c-7e51b7a09ea3', 'property_': 'warn', 'context': [<snowplow_tracker.self_describing_json.SelfDescribingJson object at 0x75f0f4ca7a90>]}
[0m22:38:42.178225 [debug] [MainThread]: Sending event: {'category': 'dbt', 'action': 'load_project', 'label': 'be0a67c3-1292-488d-b39c-7e51b7a09ea3', 'context': [<snowplow_tracker.self_describing_json.SelfDescribingJson object at 0x75f0f495d150>]}
[0m22:38:42.285292 [debug] [MainThread]: Wrote artifact WritableManifest to /usr/app/dbt/capstone_support/target/manifest.json
[0m22:38:42.287209 [debug] [MainThread]: Wrote artifact SemanticManifest to /usr/app/dbt/capstone_support/target/semantic_manifest.json
[0m22:38:42.314336 [debug] [MainThread]: Sending event: {'category': 'dbt', 'action': 'resource_counts', 'label': 'be0a67c3-1292-488d-b39c-7e51b7a09ea3', 'context': [<snowplow_tracker.self_describing_json.SelfDescribingJson object at 0x75f0fc0c8f10>]}
[0m22:38:42.314843 [info ] [MainThread]: Found 6 models, 1 seed, 3 data tests, 1 source, 618 macros
[0m22:38:42.315430 [debug] [MainThread]: Sending event: {'category': 'dbt', 'action': 'runnable_timing', 'label': 'be0a67c3-1292-488d-b39c-7e51b7a09ea3', 'context': [<snowplow_tracker.self_describing_json.SelfDescribingJson object at 0x75f0f4aeaa10>]}
[0m22:38:42.317502 [info ] [MainThread]: 
[0m22:38:42.317988 [info ] [MainThread]: Concurrency: 4 threads (target='dev')
[0m22:38:42.318460 [info ] [MainThread]: 
[0m22:38:42.319127 [debug] [MainThread]: Acquiring new duckdb connection 'master'
[0m22:38:42.325858 [debug] [ThreadPool]: Acquiring new duckdb connection 'list_support'
[0m22:38:42.326437 [debug] [ThreadPool]: Acquiring new duckdb connection 'list_support'
[0m22:38:42.370367 [debug] [ThreadPool]: Using duckdb connection "list_support"
[0m22:38:42.370730 [debug] [ThreadPool]: Using duckdb connection "list_support"
[0m22:38:42.371087 [debug] [ThreadPool]: On list_support: /* {"app": "dbt", "dbt_version": "1.11.7", "profile_name": "customer_support_tickets", "target_name": "dev", "connection_name": "list_support"} */

    
    select schema_name
    from system.information_schema.schemata
    
    where lower(catalog_name) = '"support"'
    
  
  
[0m22:38:42.371524 [debug] [ThreadPool]: On list_support: /* {"app": "dbt", "dbt_version": "1.11.7", "profile_name": "customer_support_tickets", "target_name": "dev", "connection_name": "list_support"} */

    
    select schema_name
    from system.information_schema.schemata
    
    where lower(catalog_name) = '"support"'
    
  
  
[0m22:38:42.371867 [debug] [ThreadPool]: Opening a new connection, currently in state init
[0m22:38:42.372228 [debug] [ThreadPool]: Opening a new connection, currently in state init
[0m22:38:42.388518 [debug] [ThreadPool]: SQL status: OK in 0.017 seconds
[0m22:38:42.389951 [debug] [ThreadPool]: On list_support: Close
[0m22:38:42.390729 [debug] [ThreadPool]: SQL status: OK in 0.018 seconds
[0m22:38:42.392133 [debug] [ThreadPool]: On list_support: Close
[0m22:38:42.392918 [debug] [ThreadPool]: Re-using an available connection from the pool (formerly list_support, now create_support_main_marts)
[0m22:38:42.393896 [debug] [ThreadPool]: Creating schema "database: "support"
schema: "main_marts"
"
[0m22:38:42.393321 [debug] [ThreadPool]: Re-using an available connection from the pool (formerly list_support, now create_support_main_staging)
[0m22:38:42.400535 [debug] [ThreadPool]: Using duckdb connection "create_support_main_marts"
[0m22:38:42.401151 [debug] [ThreadPool]: Creating schema "database: "support"
schema: "main_staging"
"
[0m22:38:42.401536 [debug] [ThreadPool]: On create_support_main_marts: /* {"app": "dbt", "dbt_version": "1.11.7", "profile_name": "customer_support_tickets", "target_name": "dev", "connection_name": "create_support_main_marts"} */

    
        select type from duckdb_databases()
        where lower(database_name)='support'
        and type='sqlite'
    
  
[0m22:38:42.403473 [debug] [ThreadPool]: Using duckdb connection "create_support_main_staging"
[0m22:38:42.403810 [debug] [ThreadPool]: Opening a new connection, currently in state closed
[0m22:38:42.404233 [debug] [ThreadPool]: On create_support_main_staging: /* {"app": "dbt", "dbt_version": "1.11.7", "profile_name": "customer_support_tickets", "target_name": "dev", "connection_name": "create_support_main_staging"} */

    
        select type from duckdb_databases()
        where lower(database_name)='support'
        and type='sqlite'
    
  
[0m22:38:42.404781 [debug] [ThreadPool]: Opening a new connection, currently in state closed
[0m22:38:42.405529 [debug] [ThreadPool]: SQL status: OK in 0.002 seconds
[0m22:38:42.405907 [debug] [ThreadPool]: SQL status: OK in 0.001 seconds
[0m22:38:42.407085 [debug] [ThreadPool]: Using duckdb connection "create_support_main_marts"
[0m22:38:42.408140 [debug] [ThreadPool]: Using duckdb connection "create_support_main_staging"
[0m22:38:42.408475 [debug] [ThreadPool]: On create_support_main_marts: BEGIN
[0m22:38:42.408807 [debug] [ThreadPool]: On create_support_main_staging: BEGIN
[0m22:38:42.409470 [debug] [ThreadPool]: SQL status: OK in 0.000 seconds
[0m22:38:42.409854 [debug] [ThreadPool]: SQL status: OK in 0.000 seconds
[0m22:38:42.410150 [debug] [ThreadPool]: Using duckdb connection "create_support_main_marts"
[0m22:38:42.410473 [debug] [ThreadPool]: Using duckdb connection "create_support_main_staging"
[0m22:38:42.410829 [debug] [ThreadPool]: On create_support_main_marts: /* {"app": "dbt", "dbt_version": "1.11.7", "profile_name": "customer_support_tickets", "target_name": "dev", "connection_name": "create_support_main_marts"} */

    
    
        create schema if not exists "support"."main_marts"
    
[0m22:38:42.411212 [debug] [ThreadPool]: On create_support_main_staging: /* {"app": "dbt", "dbt_version": "1.11.7", "profile_name": "customer_support_tickets", "target_name": "dev", "connection_name": "create_support_main_staging"} */

    
    
        create schema if not exists "support"."main_staging"
    
[0m22:38:42.411833 [debug] [ThreadPool]: SQL status: OK in 0.000 seconds
[0m22:38:42.412332 [debug] [ThreadPool]: SQL status: OK in 0.001 seconds
[0m22:38:42.413005 [debug] [ThreadPool]: On create_support_main_marts: COMMIT
[0m22:38:42.413783 [debug] [ThreadPool]: On create_support_main_staging: COMMIT
[0m22:38:42.414138 [debug] [ThreadPool]: Using duckdb connection "create_support_main_marts"
[0m22:38:42.414503 [debug] [ThreadPool]: Using duckdb connection "create_support_main_staging"
[0m22:38:42.414848 [debug] [ThreadPool]: On create_support_main_marts: COMMIT
[0m22:38:42.415214 [debug] [ThreadPool]: On create_support_main_staging: COMMIT
[0m22:38:42.415870 [debug] [ThreadPool]: SQL status: OK in 0.000 seconds
[0m22:38:42.416265 [debug] [ThreadPool]: On create_support_main_marts: Close
[0m22:38:42.416518 [debug] [ThreadPool]: SQL status: OK in 0.001 seconds
[0m22:38:42.417184 [debug] [ThreadPool]: On create_support_main_staging: Close
[0m22:38:42.418728 [debug] [ThreadPool]: Re-using an available connection from the pool (formerly create_support_main_staging, now list_support_main_marts)
[0m22:38:42.419291 [debug] [ThreadPool]: Re-using an available connection from the pool (formerly create_support_main_marts, now list_support_main_staging)
[0m22:38:42.424255 [debug] [ThreadPool]: Using duckdb connection "list_support_main_marts"
[0m22:38:42.424646 [debug] [ThreadPool]: Acquiring new duckdb connection 'list_support_main'
[0m22:38:42.426604 [debug] [ThreadPool]: Using duckdb connection "list_support_main_staging"
[0m22:38:42.426961 [debug] [ThreadPool]: On list_support_main_marts: BEGIN
[0m22:38:42.429877 [debug] [ThreadPool]: Using duckdb connection "list_support_main"
[0m22:38:42.430255 [debug] [ThreadPool]: On list_support_main_staging: BEGIN
[0m22:38:42.430608 [debug] [ThreadPool]: Opening a new connection, currently in state closed
[0m22:38:42.430960 [debug] [ThreadPool]: On list_support_main: BEGIN
[0m22:38:42.431315 [debug] [ThreadPool]: Opening a new connection, currently in state closed
[0m22:38:42.431982 [debug] [ThreadPool]: Opening a new connection, currently in state init
[0m22:38:42.432431 [debug] [ThreadPool]: SQL status: OK in 0.002 seconds
[0m22:38:42.433173 [debug] [ThreadPool]: SQL status: OK in 0.002 seconds
[0m22:38:42.433540 [debug] [ThreadPool]: SQL status: OK in 0.002 seconds
[0m22:38:42.433832 [debug] [ThreadPool]: Using duckdb connection "list_support_main_marts"
[0m22:38:42.434172 [debug] [ThreadPool]: Using duckdb connection "list_support_main_staging"
[0m22:38:42.434512 [debug] [ThreadPool]: Using duckdb connection "list_support_main"
[0m22:38:42.434895 [debug] [ThreadPool]: On list_support_main_marts: /* {"app": "dbt", "dbt_version": "1.11.7", "profile_name": "customer_support_tickets", "target_name": "dev", "connection_name": "list_support_main_marts"} */
select
      'support' as database,
      table_name as name,
      table_schema as schema,
      CASE table_type
        WHEN 'BASE TABLE' THEN 'table'
        WHEN 'VIEW' THEN 'view'
        WHEN 'LOCAL TEMPORARY' THEN 'table'
        END as type
    from system.information_schema.tables
    where lower(table_schema) = 'main_marts'
    and lower(table_catalog) = 'support'
  
[0m22:38:42.435312 [debug] [ThreadPool]: On list_support_main_staging: /* {"app": "dbt", "dbt_version": "1.11.7", "profile_name": "customer_support_tickets", "target_name": "dev", "connection_name": "list_support_main_staging"} */
select
      'support' as database,
      table_name as name,
      table_schema as schema,
      CASE table_type
        WHEN 'BASE TABLE' THEN 'table'
        WHEN 'VIEW' THEN 'view'
        WHEN 'LOCAL TEMPORARY' THEN 'table'
        END as type
    from system.information_schema.tables
    where lower(table_schema) = 'main_staging'
    and lower(table_catalog) = 'support'
  
[0m22:38:42.435680 [debug] [ThreadPool]: On list_support_main: /* {"app": "dbt", "dbt_version": "1.11.7", "profile_name": "customer_support_tickets", "target_name": "dev", "connection_name": "list_support_main"} */
select
      'support' as database,
      table_name as name,
      table_schema as schema,
      CASE table_type
        WHEN 'BASE TABLE' THEN 'table'
        WHEN 'VIEW' THEN 'view'
        WHEN 'LOCAL TEMPORARY' THEN 'table'
        END as type
    from system.information_schema.tables
    where lower(table_schema) = 'main'
    and lower(table_catalog) = 'support'
  
[0m22:38:42.440606 [debug] [ThreadPool]: SQL status: OK in 0.005 seconds
[0m22:38:42.441404 [debug] [ThreadPool]: SQL status: OK in 0.005 seconds
[0m22:38:42.441860 [debug] [ThreadPool]: SQL status: OK in 0.004 seconds
[0m22:38:42.443077 [debug] [ThreadPool]: On list_support_main_marts: ROLLBACK
[0m22:38:42.444247 [debug] [ThreadPool]: On list_support_main_staging: ROLLBACK
[0m22:38:42.445634 [debug] [ThreadPool]: On list_support_main: ROLLBACK
[0m22:38:42.446708 [debug] [ThreadPool]: Failed to rollback 'list_support_main_marts'
[0m22:38:42.447182 [debug] [ThreadPool]: Failed to rollback 'list_support_main'
[0m22:38:42.447502 [debug] [ThreadPool]: Failed to rollback 'list_support_main_staging'
[0m22:38:42.447827 [debug] [ThreadPool]: On list_support_main_marts: Close
[0m22:38:42.448188 [debug] [ThreadPool]: On list_support_main: Close
[0m22:38:42.448535 [debug] [ThreadPool]: On list_support_main_staging: Close
[0m22:38:42.451896 [debug] [MainThread]: Sending event: {'category': 'dbt', 'action': 'runnable_timing', 'label': 'be0a67c3-1292-488d-b39c-7e51b7a09ea3', 'context': [<snowplow_tracker.self_describing_json.SelfDescribingJson object at 0x75f0f47a6790>]}
[0m22:38:42.452412 [debug] [MainThread]: Using duckdb connection "master"
[0m22:38:42.452726 [debug] [MainThread]: On master: BEGIN
[0m22:38:42.453028 [debug] [MainThread]: Opening a new connection, currently in state init
[0m22:38:42.453796 [debug] [MainThread]: SQL status: OK in 0.001 seconds
[0m22:38:42.454084 [debug] [MainThread]: On master: COMMIT
[0m22:38:42.454427 [debug] [MainThread]: Using duckdb connection "master"
[0m22:38:42.454705 [debug] [MainThread]: On master: COMMIT
[0m22:38:42.455208 [debug] [MainThread]: SQL status: OK in 0.000 seconds
[0m22:38:42.455508 [debug] [MainThread]: On master: Close
[0m22:38:42.507187 [debug] [Thread-1 (]: Began running node model.customer_support_tickets.stg_tickets
[0m22:38:42.507622 [debug] [Thread-2 (]: Began running node model.customer_support_tickets.stg_users
[0m22:38:42.508284 [info ] [Thread-1 (]: 1 of 6 START sql view model main_staging.stg_tickets ........................... [RUN]
[0m22:38:42.509223 [info ] [Thread-2 (]: 2 of 6 START sql view model main_staging.stg_users ............................. [RUN]
[0m22:38:42.510272 [debug] [Thread-1 (]: Re-using an available connection from the pool (formerly list_support_main_staging, now model.customer_support_tickets.stg_tickets)
[0m22:38:42.510763 [debug] [Thread-2 (]: Re-using an available connection from the pool (formerly list_support_main, now model.customer_support_tickets.stg_users)
[0m22:38:42.511198 [debug] [Thread-1 (]: Began compiling node model.customer_support_tickets.stg_tickets
[0m22:38:42.511611 [debug] [Thread-2 (]: Began compiling node model.customer_support_tickets.stg_users
[0m22:38:42.521283 [debug] [Thread-1 (]: Writing injected SQL for node "model.customer_support_tickets.stg_tickets"
[0m22:38:42.525352 [debug] [Thread-2 (]: Writing injected SQL for node "model.customer_support_tickets.stg_users"
[0m22:38:42.526056 [debug] [Thread-1 (]: Began executing node model.customer_support_tickets.stg_tickets
[0m22:38:42.532047 [debug] [Thread-2 (]: Began executing node model.customer_support_tickets.stg_users
[0m22:38:42.560745 [debug] [Thread-1 (]: Writing runtime sql for node "model.customer_support_tickets.stg_tickets"
[0m22:38:42.562840 [debug] [Thread-2 (]: Writing runtime sql for node "model.customer_support_tickets.stg_users"
[0m22:38:42.563607 [debug] [Thread-1 (]: Using duckdb connection "model.customer_support_tickets.stg_tickets"
[0m22:38:42.564139 [debug] [Thread-1 (]: On model.customer_support_tickets.stg_tickets: BEGIN
[0m22:38:42.564711 [debug] [Thread-2 (]: Using duckdb connection "model.customer_support_tickets.stg_users"
[0m22:38:42.565015 [debug] [Thread-1 (]: Opening a new connection, currently in state closed
[0m22:38:42.565436 [debug] [Thread-2 (]: On model.customer_support_tickets.stg_users: BEGIN
[0m22:38:42.566147 [debug] [Thread-2 (]: Opening a new connection, currently in state closed
[0m22:38:42.566630 [debug] [Thread-1 (]: SQL status: OK in 0.002 seconds
[0m22:38:42.567200 [debug] [Thread-1 (]: Using duckdb connection "model.customer_support_tickets.stg_tickets"
[0m22:38:42.567655 [debug] [Thread-1 (]: On model.customer_support_tickets.stg_tickets: /* {"app": "dbt", "dbt_version": "1.11.7", "profile_name": "customer_support_tickets", "target_name": "dev", "node_id": "model.customer_support_tickets.stg_tickets"} */

  
  create view "support"."main_staging"."stg_tickets__dbt_tmp" as (
    

with source as (
    select * from "support"."raw"."customer_support_tickets"
),

cleaned as (
    select
        -- La clave subrogada va ACÁ adentro del select
        md5(cast(coalesce(cast("Customer Name" as TEXT), '_dbt_utils_surrogate_key_null_') || '-' || coalesce(cast("Customer Email" as TEXT), '_dbt_utils_surrogate_key_null_') as TEXT)) as customer_id,
        cast("Ticket ID"           as varchar)  as ticket_id,
        lower(trim("Customer Name"))            as customer_name,
        cast("Customer Age"        as integer)  as customer_age,
        lower(trim("Customer Gender"))          as customer_gender,
        lower(trim("Product Purchased"))        as product_purchased,
        cast("Date of Purchase"    as date)     as purchase_date,
        lower(trim("Ticket Type"))              as ticket_type,
        lower(trim("Ticket Subject"))           as ticket_subject,
        lower(trim("Ticket Status"))            as ticket_status,
        lower(trim("Ticket Priority"))          as ticket_priority,
        lower(trim("Ticket Channel"))           as ticket_channel,
        epoch(cast("First Response Time" as timestamp)) / 3600.0  as first_response_hrs,
        epoch(cast("Time to Resolution"  as timestamp)) / 3600.0  as resolution_hrs,
        cast("Customer Satisfaction Rating" as double) as satisfaction_rating,
        _ingested_at
    from source
)

select * from cleaned
  );

[0m22:38:42.568101 [debug] [Thread-2 (]: SQL status: OK in 0.002 seconds
[0m22:38:42.568804 [debug] [Thread-2 (]: Using duckdb connection "model.customer_support_tickets.stg_users"
[0m22:38:42.569316 [debug] [Thread-2 (]: On model.customer_support_tickets.stg_users: /* {"app": "dbt", "dbt_version": "1.11.7", "profile_name": "customer_support_tickets", "target_name": "dev", "node_id": "model.customer_support_tickets.stg_users"} */

  
  create view "support"."main_staging"."stg_users__dbt_tmp" as (
    

with source as (
    select * from "support"."raw"."customer_support_tickets"
)

select
    distinct
    md5(cast(coalesce(cast("Customer Name" as TEXT), '_dbt_utils_surrogate_key_null_') || '-' || coalesce(cast("Customer Email" as TEXT), '_dbt_utils_surrogate_key_null_') as TEXT)) as user_id,
    "Customer Name" as name,
    "Customer Email" as email
from "support"."raw"."customer_support_tickets"
  );

[0m22:38:42.570396 [debug] [Thread-1 (]: SQL status: OK in 0.002 seconds
[0m22:38:42.570782 [debug] [Thread-2 (]: SQL status: OK in 0.001 seconds
[0m22:38:42.576271 [debug] [Thread-1 (]: Using duckdb connection "model.customer_support_tickets.stg_tickets"
[0m22:38:42.578924 [debug] [Thread-2 (]: Using duckdb connection "model.customer_support_tickets.stg_users"
[0m22:38:42.579385 [debug] [Thread-1 (]: On model.customer_support_tickets.stg_tickets: /* {"app": "dbt", "dbt_version": "1.11.7", "profile_name": "customer_support_tickets", "target_name": "dev", "node_id": "model.customer_support_tickets.stg_tickets"} */
alter view "support"."main_staging"."stg_tickets" rename to "stg_tickets__dbt_backup"
[0m22:38:42.579795 [debug] [Thread-2 (]: On model.customer_support_tickets.stg_users: /* {"app": "dbt", "dbt_version": "1.11.7", "profile_name": "customer_support_tickets", "target_name": "dev", "node_id": "model.customer_support_tickets.stg_users"} */
alter view "support"."main_staging"."stg_users" rename to "stg_users__dbt_backup"
[0m22:38:42.580621 [debug] [Thread-2 (]: SQL status: OK in 0.000 seconds
[0m22:38:42.581027 [debug] [Thread-1 (]: SQL status: OK in 0.001 seconds
[0m22:38:42.586035 [debug] [Thread-2 (]: Using duckdb connection "model.customer_support_tickets.stg_users"
[0m22:38:42.588759 [debug] [Thread-1 (]: Using duckdb connection "model.customer_support_tickets.stg_tickets"
[0m22:38:42.589230 [debug] [Thread-2 (]: On model.customer_support_tickets.stg_users: /* {"app": "dbt", "dbt_version": "1.11.7", "profile_name": "customer_support_tickets", "target_name": "dev", "node_id": "model.customer_support_tickets.stg_users"} */
alter view "support"."main_staging"."stg_users__dbt_tmp" rename to "stg_users"
[0m22:38:42.589647 [debug] [Thread-1 (]: On model.customer_support_tickets.stg_tickets: /* {"app": "dbt", "dbt_version": "1.11.7", "profile_name": "customer_support_tickets", "target_name": "dev", "node_id": "model.customer_support_tickets.stg_tickets"} */
alter view "support"."main_staging"."stg_tickets__dbt_tmp" rename to "stg_tickets"
[0m22:38:42.590498 [debug] [Thread-2 (]: SQL status: OK in 0.000 seconds
[0m22:38:42.595999 [debug] [Thread-1 (]: SQL status: OK in 0.006 seconds
[0m22:38:42.603143 [debug] [Thread-2 (]: On model.customer_support_tickets.stg_users: COMMIT
[0m22:38:42.604268 [debug] [Thread-1 (]: On model.customer_support_tickets.stg_tickets: COMMIT
[0m22:38:42.604680 [debug] [Thread-2 (]: Using duckdb connection "model.customer_support_tickets.stg_users"
[0m22:38:42.605105 [debug] [Thread-1 (]: Using duckdb connection "model.customer_support_tickets.stg_tickets"
[0m22:38:42.605528 [debug] [Thread-2 (]: On model.customer_support_tickets.stg_users: COMMIT
[0m22:38:42.605938 [debug] [Thread-1 (]: On model.customer_support_tickets.stg_tickets: COMMIT
[0m22:38:42.609881 [debug] [Thread-2 (]: SQL status: OK in 0.003 seconds
[0m22:38:42.615897 [debug] [Thread-2 (]: Using duckdb connection "model.customer_support_tickets.stg_users"
[0m22:38:42.616358 [debug] [Thread-1 (]: SQL status: OK in 0.010 seconds
[0m22:38:42.616677 [debug] [Thread-2 (]: On model.customer_support_tickets.stg_users: /* {"app": "dbt", "dbt_version": "1.11.7", "profile_name": "customer_support_tickets", "target_name": "dev", "node_id": "model.customer_support_tickets.stg_users"} */

      drop view if exists "support"."main_staging"."stg_users__dbt_backup" cascade
    
[0m22:38:42.618957 [debug] [Thread-1 (]: Using duckdb connection "model.customer_support_tickets.stg_tickets"
[0m22:38:42.619565 [debug] [Thread-1 (]: On model.customer_support_tickets.stg_tickets: /* {"app": "dbt", "dbt_version": "1.11.7", "profile_name": "customer_support_tickets", "target_name": "dev", "node_id": "model.customer_support_tickets.stg_tickets"} */

      drop view if exists "support"."main_staging"."stg_tickets__dbt_backup" cascade
    
[0m22:38:42.621324 [debug] [Thread-2 (]: SQL status: OK in 0.002 seconds
[0m22:38:42.623766 [debug] [Thread-2 (]: On model.customer_support_tickets.stg_users: Close
[0m22:38:42.624188 [debug] [Thread-1 (]: SQL status: OK in 0.004 seconds
[0m22:38:42.626507 [debug] [Thread-1 (]: On model.customer_support_tickets.stg_tickets: Close
[0m22:38:42.627323 [debug] [Thread-2 (]: Sending event: {'category': 'dbt', 'action': 'run_model', 'label': 'be0a67c3-1292-488d-b39c-7e51b7a09ea3', 'context': [<snowplow_tracker.self_describing_json.SelfDescribingJson object at 0x75f0f4695b50>]}
[0m22:38:42.627605 [debug] [Thread-1 (]: Sending event: {'category': 'dbt', 'action': 'run_model', 'label': 'be0a67c3-1292-488d-b39c-7e51b7a09ea3', 'context': [<snowplow_tracker.self_describing_json.SelfDescribingJson object at 0x75f0f46d7190>]}
[0m22:38:42.628273 [info ] [Thread-2 (]: 2 of 6 OK created sql view model main_staging.stg_users ........................ [[32mOK[0m in 0.11s]
[0m22:38:42.629167 [info ] [Thread-1 (]: 1 of 6 OK created sql view model main_staging.stg_tickets ...................... [[32mOK[0m in 0.12s]
[0m22:38:42.630084 [debug] [Thread-2 (]: Finished running node model.customer_support_tickets.stg_users
[0m22:38:42.630797 [debug] [Thread-1 (]: Finished running node model.customer_support_tickets.stg_tickets
[0m22:38:42.632161 [debug] [Thread-4 (]: Began running node model.customer_support_tickets.mart_cx_satisfaction
[0m22:38:42.632732 [info ] [Thread-4 (]: 3 of 6 START sql table model main_marts.mart_cx_satisfaction ................... [RUN]
[0m22:38:42.633550 [debug] [Thread-4 (]: Acquiring new duckdb connection 'model.customer_support_tickets.mart_cx_satisfaction'
[0m22:38:42.634005 [debug] [Thread-3 (]: Began running node model.customer_support_tickets.mart_fairness
[0m22:38:42.636426 [info ] [Thread-3 (]: 4 of 6 START sql table model main_marts.mart_fairness .......................... [RUN]
[0m22:38:42.637005 [debug] [Thread-3 (]: Re-using an available connection from the pool (formerly list_support_main_marts, now model.customer_support_tickets.mart_fairness)
[0m22:38:42.635624 [debug] [Thread-1 (]: Began running node model.customer_support_tickets.mart_priority_subjects
[0m22:38:42.637510 [debug] [Thread-3 (]: Began compiling node model.customer_support_tickets.mart_fairness
[0m22:38:42.634471 [debug] [Thread-2 (]: Began running node model.customer_support_tickets.mart_operations_sla
[0m22:38:42.634863 [debug] [Thread-4 (]: Began compiling node model.customer_support_tickets.mart_cx_satisfaction
[0m22:38:42.638480 [info ] [Thread-1 (]: 6 of 6 START sql table model main_marts.mart_priority_subjects ................. [RUN]
[0m22:38:42.642610 [debug] [Thread-3 (]: Writing injected SQL for node "model.customer_support_tickets.mart_fairness"
[0m22:38:42.643171 [info ] [Thread-2 (]: 5 of 6 START sql table model main_marts.mart_operations_sla .................... [RUN]
[0m22:38:42.647566 [debug] [Thread-4 (]: Writing injected SQL for node "model.customer_support_tickets.mart_cx_satisfaction"
[0m22:38:42.648058 [debug] [Thread-1 (]: Re-using an available connection from the pool (formerly model.customer_support_tickets.stg_tickets, now model.customer_support_tickets.mart_priority_subjects)
[0m22:38:42.648675 [debug] [Thread-2 (]: Re-using an available connection from the pool (formerly model.customer_support_tickets.stg_users, now model.customer_support_tickets.mart_operations_sla)
[0m22:38:42.649431 [debug] [Thread-4 (]: Began executing node model.customer_support_tickets.mart_cx_satisfaction
[0m22:38:42.649900 [debug] [Thread-1 (]: Began compiling node model.customer_support_tickets.mart_priority_subjects
[0m22:38:42.650249 [debug] [Thread-3 (]: Began executing node model.customer_support_tickets.mart_fairness
[0m22:38:42.650770 [debug] [Thread-2 (]: Began compiling node model.customer_support_tickets.mart_operations_sla
[0m22:38:42.670854 [debug] [Thread-1 (]: Writing injected SQL for node "model.customer_support_tickets.mart_priority_subjects"
[0m22:38:42.673807 [debug] [Thread-4 (]: Writing runtime sql for node "model.customer_support_tickets.mart_cx_satisfaction"
[0m22:38:42.676854 [debug] [Thread-3 (]: Writing runtime sql for node "model.customer_support_tickets.mart_fairness"
[0m22:38:42.679704 [debug] [Thread-2 (]: Writing injected SQL for node "model.customer_support_tickets.mart_operations_sla"
[0m22:38:42.680663 [debug] [Thread-4 (]: Using duckdb connection "model.customer_support_tickets.mart_cx_satisfaction"
[0m22:38:42.681271 [debug] [Thread-1 (]: Began executing node model.customer_support_tickets.mart_priority_subjects
[0m22:38:42.681958 [debug] [Thread-2 (]: Began executing node model.customer_support_tickets.mart_operations_sla
[0m22:38:42.682346 [debug] [Thread-4 (]: On model.customer_support_tickets.mart_cx_satisfaction: BEGIN
[0m22:38:42.685369 [debug] [Thread-1 (]: Writing runtime sql for node "model.customer_support_tickets.mart_priority_subjects"
[0m22:38:42.688368 [debug] [Thread-2 (]: Writing runtime sql for node "model.customer_support_tickets.mart_operations_sla"
[0m22:38:42.688719 [debug] [Thread-3 (]: Using duckdb connection "model.customer_support_tickets.mart_fairness"
[0m22:38:42.689146 [debug] [Thread-4 (]: Opening a new connection, currently in state init
[0m22:38:42.690001 [debug] [Thread-2 (]: Using duckdb connection "model.customer_support_tickets.mart_operations_sla"
[0m22:38:42.690600 [debug] [Thread-1 (]: Using duckdb connection "model.customer_support_tickets.mart_priority_subjects"
[0m22:38:42.690907 [debug] [Thread-3 (]: On model.customer_support_tickets.mart_fairness: BEGIN
[0m22:38:42.691605 [debug] [Thread-2 (]: On model.customer_support_tickets.mart_operations_sla: BEGIN
[0m22:38:42.692140 [debug] [Thread-4 (]: SQL status: OK in 0.003 seconds
[0m22:38:42.692449 [debug] [Thread-1 (]: On model.customer_support_tickets.mart_priority_subjects: BEGIN
[0m22:38:42.692830 [debug] [Thread-3 (]: Opening a new connection, currently in state closed
[0m22:38:42.693256 [debug] [Thread-2 (]: Opening a new connection, currently in state closed
[0m22:38:42.693671 [debug] [Thread-4 (]: Using duckdb connection "model.customer_support_tickets.mart_cx_satisfaction"
[0m22:38:42.694102 [debug] [Thread-1 (]: Opening a new connection, currently in state closed
[0m22:38:42.695039 [debug] [Thread-2 (]: SQL status: OK in 0.002 seconds
[0m22:38:42.695462 [debug] [Thread-4 (]: On model.customer_support_tickets.mart_cx_satisfaction: /* {"app": "dbt", "dbt_version": "1.11.7", "profile_name": "customer_support_tickets", "target_name": "dev", "node_id": "model.customer_support_tickets.mart_cx_satisfaction"} */

  
    
    

    create  table
      "support"."main_marts"."mart_cx_satisfaction__dbt_tmp"
  
    as (
      

-- Dashboard 3: Priority Matrix + CX
-- Responde:
--   - Correlación edad-satisfacción
--   - Canal con mayor satisfacción
--   - Producto con más quejas críticas
--   - Diferencia de satisfacción por género
--   - Tickets con mayor resolution_hrs → peor rating

with base as (
    select * from "support"."main_staging"."stg_tickets"
),

enriched as (
    select
        *,
        case
            when customer_age < 25               then 'Gen Z (<25)'
            when customer_age between 25 and 34  then 'Millennial (25-34)'
            when customer_age between 35 and 44  then 'Gen X (35-44)'
            when customer_age between 45 and 59  then 'Boomer (45-59)'
            else                                      'Senior (60+)'
        end as age_segment,

        -- Bucket de resolución para scatter en Superset
        case
            when resolution_hrs < 6   then '0-6h'
            when resolution_hrs < 24  then '6-24h'
            when resolution_hrs < 72  then '1-3 days'
            else                           '3+ days'
        end as resolution_bucket

    from base
)

select
    ticket_channel,
    ticket_priority,
    ticket_type,
    ticket_status,
    product_purchased,
    customer_gender,
    age_segment,
    resolution_bucket,

    count(*)                as total_tickets,
    avg(satisfaction_rating) as avg_satisfaction,
    avg(resolution_hrs)      as avg_resolution_hrs,
    avg(first_response_hrs)  as avg_first_response_hrs,

    -- Para Priority Matrix heatmap
    sum(case when ticket_priority = 'critical' then 1 else 0 end) as critical_count,
    sum(case when ticket_status   = 'closed'   then 1 else 0 end) as closed_count,

    round(
        100.0 * sum(case when ticket_status='closed' then 1 else 0 end) / count(*)
    , 1) as pct_closed

from enriched
group by 1,2,3,4,5,6,7,8
    );
  
  
[0m22:38:42.695885 [debug] [Thread-3 (]: SQL status: OK in 0.003 seconds
[0m22:38:42.697703 [debug] [Thread-3 (]: Using duckdb connection "model.customer_support_tickets.mart_fairness"
[0m22:38:42.698511 [debug] [Thread-3 (]: On model.customer_support_tickets.mart_fairness: /* {"app": "dbt", "dbt_version": "1.11.7", "profile_name": "customer_support_tickets", "target_name": "dev", "node_id": "model.customer_support_tickets.mart_fairness"} */

  
    
    

    create  table
      "support"."main_marts"."mart_fairness__dbt_tmp"
  
    as (
      

-- Dashboard 6: Fairness / Bias
-- Responde:
--   - Diferencias sistemáticas en resolución por género
--   - Tickets de grupos demográficos con prioridad diferente
--   - Sesgo en asignación de prioridades por canal

with base as (
    select * from "support"."main_staging"."stg_tickets"
),

enriched as (
    select
        *,
        case
            when customer_age < 25               then 'Gen Z (<25)'
            when customer_age between 25 and 34  then 'Millennial (25-34)'
            when customer_age between 35 and 44  then 'Gen X (35-44)'
            when customer_age between 45 and 59  then 'Boomer (45-59)'
            else                                      'Senior (60+)'
        end as age_segment
    from base
),

-- Baseline global para calcular desvíos
global_avg as (
    select
        avg(resolution_hrs)      as global_avg_resolution,
        avg(first_response_hrs)  as global_avg_frt,
        avg(satisfaction_rating) as global_avg_sat
    from base
)

select
    e.customer_gender,
    e.age_segment,
    e.ticket_channel,
    e.ticket_priority,

    count(*)                     as ticket_count,
    avg(e.resolution_hrs)        as avg_resolution_hrs,
    avg(e.first_response_hrs)    as avg_first_response_hrs,
    avg(e.satisfaction_rating)   as avg_satisfaction,

    -- Desvío respecto al promedio global (+ = peor servicio, - = mejor)
    avg(e.resolution_hrs)    - max(g.global_avg_resolution) as resolution_bias,
    avg(e.first_response_hrs)- max(g.global_avg_frt)        as frt_bias,
    avg(e.satisfaction_rating)-max(g.global_avg_sat)        as satisfaction_bias,

    -- % de tickets asignados a prioridad Critical por grupo
    round(
        100.0 * sum(case when e.ticket_priority='critical' then 1 else 0 end) / count(*)
    , 1) as pct_critical,

    round(
        100.0 * sum(case when e.ticket_status='closed' then 1 else 0 end) / count(*)
    , 1) as pct_resolved

from enriched e
cross join global_avg g
group by 1,2,3,4
    );
  
  
[0m22:38:42.697226 [debug] [Thread-1 (]: SQL status: OK in 0.003 seconds
[0m22:38:42.696469 [debug] [Thread-2 (]: Using duckdb connection "model.customer_support_tickets.mart_operations_sla"
[0m22:38:42.700364 [debug] [Thread-2 (]: On model.customer_support_tickets.mart_operations_sla: /* {"app": "dbt", "dbt_version": "1.11.7", "profile_name": "customer_support_tickets", "target_name": "dev", "node_id": "model.customer_support_tickets.mart_operations_sla"} */

  
    
    

    create  table
      "support"."main_marts"."mart_operations_sla__dbt_tmp"
  
    as (
      

-- Dashboard 1 & 2: Operations Overview + Channel Performance
-- Responde:
--   - Tiempo promedio de primera respuesta por canal
--   - % tickets resueltos en < 24 horas
--   - Backlog actual (open + pending)
--   - % tickets Critical sin resolver
--   - Carga por día de semana y mes

with base as (
    select * from "support"."main_staging"."stg_tickets"
),

per_channel as (
    select
        ticket_channel,
        ticket_priority,
        ticket_status,
        ticket_type,

        extract('dow'   from purchase_date) as day_of_week,
        strftime(purchase_date, '%A')       as day_name,
        extract('month' from purchase_date) as month_num,
        strftime(purchase_date, '%B')       as month_name,
        extract('year'  from purchase_date) as year,

        first_response_hrs,
        resolution_hrs,
        satisfaction_rating,

        -- SLA flags
        case when resolution_hrs <= 24 then 1 else 0 end          as resolved_under_24h,
        case when ticket_status in ('open','pending customer response')
             then 1 else 0 end                                     as is_backlog,
        case when ticket_priority = 'critical'
              and ticket_status != 'closed' then 1 else 0 end      as is_critical_unresolved

    from base
)

select
    ticket_channel,
    ticket_priority,
    ticket_status,
    ticket_type,
    day_of_week,
    day_name,
    month_num,
    month_name,
    year,

    count(*)                                  as total_tickets,
    avg(first_response_hrs)                   as avg_first_response_hrs,
    avg(resolution_hrs)                       as avg_resolution_hrs,
    avg(satisfaction_rating)                  as avg_satisfaction,

    sum(resolved_under_24h)                   as tickets_resolved_under_24h,
    round(
        100.0 * sum(resolved_under_24h) / count(*), 1
    )                                         as pct_resolved_under_24h,

    sum(is_backlog)                           as backlog_count,
    sum(is_critical_unresolved)               as critical_unresolved_count,

    round(
        100.0 * sum(is_critical_unresolved)
            / nullif(sum(case when ticket_priority='critical' then 1 end), 0)
    , 1)                                      as pct_critical_unresolved

from per_channel
group by 1,2,3,4,5,6,7,8,9
    );
  
  
[0m22:38:42.699462 [debug] [Thread-1 (]: Using duckdb connection "model.customer_support_tickets.mart_priority_subjects"
[0m22:38:42.701637 [debug] [Thread-1 (]: On model.customer_support_tickets.mart_priority_subjects: /* {"app": "dbt", "dbt_version": "1.11.7", "profile_name": "customer_support_tickets", "target_name": "dev", "node_id": "model.customer_support_tickets.mart_priority_subjects"} */

  
    
    

    create  table
      "support"."main_marts"."mart_priority_subjects__dbt_tmp"
  
    as (
      

-- Dashboard 3 & 5: Priority Matrix + Product Complaints
-- Responde:
--   - Subjects más frecuentes como Critical
--   - Sistema de prioridades vs satisfacción real
--   - Tipo de ticket con mayor tasa de escalamiento
--   - Productos con más tickets críticos

with base as (
    select * from "support"."main_staging"."stg_tickets"
)

select
    ticket_subject,
    ticket_type,
    ticket_priority,
    product_purchased,

    count(*)                     as total_tickets,
    avg(satisfaction_rating)     as avg_satisfaction,
    avg(resolution_hrs)          as avg_resolution_hrs,

    -- % no resueltos (proxy de escalamiento)
    round(
        100.0 * sum(case when ticket_status != 'closed' then 1 else 0 end) / count(*)
    , 1) as pct_unresolved,

    sum(case when ticket_priority = 'critical' then 1 else 0 end) as critical_count,
    sum(case when ticket_priority = 'high'     then 1 else 0 end) as high_count,

    -- ¿La prioridad asignada coincide con la satisfacción?
    -- Si critical tiene alta satisfacción, el sistema de prioridades es inconsistente
    case
        when avg(satisfaction_rating) >= 4
         and ticket_priority in ('critical','high') then 'Prioridad sobreasignada'
        when avg(satisfaction_rating) <= 2
         and ticket_priority in ('low','medium')    then 'Prioridad subasignada'
        else 'Consistente'
    end as priority_alignment

from base
group by 1,2,3,4
order by critical_count desc
    );
  
  
[0m22:38:42.733988 [debug] [Thread-3 (]: SQL status: OK in 0.035 seconds
[0m22:38:42.745479 [debug] [Thread-3 (]: Using duckdb connection "model.customer_support_tickets.mart_fairness"
[0m22:38:42.746036 [debug] [Thread-3 (]: On model.customer_support_tickets.mart_fairness: /* {"app": "dbt", "dbt_version": "1.11.7", "profile_name": "customer_support_tickets", "target_name": "dev", "node_id": "model.customer_support_tickets.mart_fairness"} */

    SELECT index_name
    FROM duckdb_indexes()
    WHERE schema_name = 'main_marts'
      AND table_name = 'mart_fairness'
  
[0m22:38:42.747276 [debug] [Thread-3 (]: SQL status: OK in 0.001 seconds
[0m22:38:42.751002 [debug] [Thread-3 (]: Using duckdb connection "model.customer_support_tickets.mart_fairness"
[0m22:38:42.753427 [debug] [Thread-3 (]: On model.customer_support_tickets.mart_fairness: /* {"app": "dbt", "dbt_version": "1.11.7", "profile_name": "customer_support_tickets", "target_name": "dev", "node_id": "model.customer_support_tickets.mart_fairness"} */

    SELECT COUNT(*) as remaining_indexes
    FROM duckdb_indexes()
    WHERE schema_name = 'main_marts'
      AND table_name = 'mart_fairness'
  
[0m22:38:42.754097 [debug] [Thread-4 (]: SQL status: OK in 0.057 seconds
[0m22:38:42.757063 [debug] [Thread-4 (]: Using duckdb connection "model.customer_support_tickets.mart_cx_satisfaction"
[0m22:38:42.759777 [debug] [Thread-3 (]: SQL status: OK in 0.006 seconds
[0m22:38:42.762494 [debug] [Thread-4 (]: On model.customer_support_tickets.mart_cx_satisfaction: /* {"app": "dbt", "dbt_version": "1.11.7", "profile_name": "customer_support_tickets", "target_name": "dev", "node_id": "model.customer_support_tickets.mart_cx_satisfaction"} */

    SELECT index_name
    FROM duckdb_indexes()
    WHERE schema_name = 'main_marts'
      AND table_name = 'mart_cx_satisfaction'
  
[0m22:38:42.768243 [debug] [Thread-4 (]: SQL status: OK in 0.001 seconds
[0m22:38:42.769713 [debug] [Thread-4 (]: Using duckdb connection "model.customer_support_tickets.mart_cx_satisfaction"
[0m22:38:42.767069 [debug] [Thread-3 (]: Using duckdb connection "model.customer_support_tickets.mart_fairness"
[0m22:38:42.770188 [debug] [Thread-1 (]: SQL status: OK in 0.067 seconds
[0m22:38:42.771253 [debug] [Thread-3 (]: On model.customer_support_tickets.mart_fairness: /* {"app": "dbt", "dbt_version": "1.11.7", "profile_name": "customer_support_tickets", "target_name": "dev", "node_id": "model.customer_support_tickets.mart_fairness"} */
alter table "support"."main_marts"."mart_fairness" rename to "mart_fairness__dbt_backup"
[0m22:38:42.770693 [debug] [Thread-4 (]: On model.customer_support_tickets.mart_cx_satisfaction: /* {"app": "dbt", "dbt_version": "1.11.7", "profile_name": "customer_support_tickets", "target_name": "dev", "node_id": "model.customer_support_tickets.mart_cx_satisfaction"} */

    SELECT COUNT(*) as remaining_indexes
    FROM duckdb_indexes()
    WHERE schema_name = 'main_marts'
      AND table_name = 'mart_cx_satisfaction'
  
[0m22:38:42.772496 [debug] [Thread-1 (]: Using duckdb connection "model.customer_support_tickets.mart_priority_subjects"
[0m22:38:42.774277 [debug] [Thread-1 (]: On model.customer_support_tickets.mart_priority_subjects: /* {"app": "dbt", "dbt_version": "1.11.7", "profile_name": "customer_support_tickets", "target_name": "dev", "node_id": "model.customer_support_tickets.mart_priority_subjects"} */

    SELECT index_name
    FROM duckdb_indexes()
    WHERE schema_name = 'main_marts'
      AND table_name = 'mart_priority_subjects'
  
[0m22:38:42.773640 [debug] [Thread-3 (]: SQL status: OK in 0.001 seconds
[0m22:38:42.773150 [debug] [Thread-2 (]: SQL status: OK in 0.072 seconds
[0m22:38:42.775040 [debug] [Thread-4 (]: SQL status: OK in 0.001 seconds
[0m22:38:42.775457 [debug] [Thread-1 (]: SQL status: OK in 0.001 seconds
[0m22:38:42.778808 [debug] [Thread-3 (]: Using duckdb connection "model.customer_support_tickets.mart_fairness"
[0m22:38:42.779842 [debug] [Thread-2 (]: Using duckdb connection "model.customer_support_tickets.mart_operations_sla"
[0m22:38:42.783062 [debug] [Thread-4 (]: Using duckdb connection "model.customer_support_tickets.mart_cx_satisfaction"
[0m22:38:42.784273 [debug] [Thread-1 (]: Using duckdb connection "model.customer_support_tickets.mart_priority_subjects"
[0m22:38:42.784608 [debug] [Thread-3 (]: On model.customer_support_tickets.mart_fairness: /* {"app": "dbt", "dbt_version": "1.11.7", "profile_name": "customer_support_tickets", "target_name": "dev", "node_id": "model.customer_support_tickets.mart_fairness"} */
alter table "support"."main_marts"."mart_fairness__dbt_tmp" rename to "mart_fairness"
[0m22:38:42.785045 [debug] [Thread-2 (]: On model.customer_support_tickets.mart_operations_sla: /* {"app": "dbt", "dbt_version": "1.11.7", "profile_name": "customer_support_tickets", "target_name": "dev", "node_id": "model.customer_support_tickets.mart_operations_sla"} */

    SELECT index_name
    FROM duckdb_indexes()
    WHERE schema_name = 'main_marts'
      AND table_name = 'mart_operations_sla'
  
[0m22:38:42.785592 [debug] [Thread-4 (]: On model.customer_support_tickets.mart_cx_satisfaction: /* {"app": "dbt", "dbt_version": "1.11.7", "profile_name": "customer_support_tickets", "target_name": "dev", "node_id": "model.customer_support_tickets.mart_cx_satisfaction"} */
alter table "support"."main_marts"."mart_cx_satisfaction" rename to "mart_cx_satisfaction__dbt_backup"
[0m22:38:42.786084 [debug] [Thread-1 (]: On model.customer_support_tickets.mart_priority_subjects: /* {"app": "dbt", "dbt_version": "1.11.7", "profile_name": "customer_support_tickets", "target_name": "dev", "node_id": "model.customer_support_tickets.mart_priority_subjects"} */

    SELECT COUNT(*) as remaining_indexes
    FROM duckdb_indexes()
    WHERE schema_name = 'main_marts'
      AND table_name = 'mart_priority_subjects'
  
[0m22:38:42.787170 [debug] [Thread-3 (]: SQL status: OK in 0.001 seconds
[0m22:38:42.787588 [debug] [Thread-2 (]: SQL status: OK in 0.001 seconds
[0m22:38:42.792751 [debug] [Thread-3 (]: On model.customer_support_tickets.mart_fairness: COMMIT
[0m22:38:42.793325 [debug] [Thread-1 (]: SQL status: OK in 0.005 seconds
[0m22:38:42.793711 [debug] [Thread-4 (]: SQL status: OK in 0.006 seconds
[0m22:38:42.794807 [debug] [Thread-2 (]: Using duckdb connection "model.customer_support_tickets.mart_operations_sla"
[0m22:38:42.795161 [debug] [Thread-3 (]: Using duckdb connection "model.customer_support_tickets.mart_fairness"
[0m22:38:42.799650 [debug] [Thread-1 (]: Using duckdb connection "model.customer_support_tickets.mart_priority_subjects"
[0m22:38:42.802347 [debug] [Thread-4 (]: Using duckdb connection "model.customer_support_tickets.mart_cx_satisfaction"
[0m22:38:42.802867 [debug] [Thread-2 (]: On model.customer_support_tickets.mart_operations_sla: /* {"app": "dbt", "dbt_version": "1.11.7", "profile_name": "customer_support_tickets", "target_name": "dev", "node_id": "model.customer_support_tickets.mart_operations_sla"} */

    SELECT COUNT(*) as remaining_indexes
    FROM duckdb_indexes()
    WHERE schema_name = 'main_marts'
      AND table_name = 'mart_operations_sla'
  
[0m22:38:42.803370 [debug] [Thread-3 (]: On model.customer_support_tickets.mart_fairness: COMMIT
[0m22:38:42.803801 [debug] [Thread-1 (]: On model.customer_support_tickets.mart_priority_subjects: /* {"app": "dbt", "dbt_version": "1.11.7", "profile_name": "customer_support_tickets", "target_name": "dev", "node_id": "model.customer_support_tickets.mart_priority_subjects"} */
alter table "support"."main_marts"."mart_priority_subjects" rename to "mart_priority_subjects__dbt_backup"
[0m22:38:42.805789 [debug] [Thread-2 (]: SQL status: OK in 0.001 seconds
[0m22:38:42.804230 [debug] [Thread-4 (]: On model.customer_support_tickets.mart_cx_satisfaction: /* {"app": "dbt", "dbt_version": "1.11.7", "profile_name": "customer_support_tickets", "target_name": "dev", "node_id": "model.customer_support_tickets.mart_cx_satisfaction"} */
alter table "support"."main_marts"."mart_cx_satisfaction__dbt_tmp" rename to "mart_cx_satisfaction"
[0m22:38:42.806499 [debug] [Thread-1 (]: SQL status: OK in 0.001 seconds
[0m22:38:42.810609 [debug] [Thread-2 (]: Using duckdb connection "model.customer_support_tickets.mart_operations_sla"
[0m22:38:42.811067 [debug] [Thread-3 (]: SQL status: OK in 0.006 seconds
[0m22:38:42.814293 [debug] [Thread-1 (]: Using duckdb connection "model.customer_support_tickets.mart_priority_subjects"
[0m22:38:42.814603 [debug] [Thread-4 (]: SQL status: OK in 0.003 seconds
[0m22:38:42.815038 [debug] [Thread-2 (]: On model.customer_support_tickets.mart_operations_sla: /* {"app": "dbt", "dbt_version": "1.11.7", "profile_name": "customer_support_tickets", "target_name": "dev", "node_id": "model.customer_support_tickets.mart_operations_sla"} */
alter table "support"."main_marts"."mart_operations_sla" rename to "mart_operations_sla__dbt_backup"
[0m22:38:42.817361 [debug] [Thread-3 (]: Using duckdb connection "model.customer_support_tickets.mart_fairness"
[0m22:38:42.817802 [debug] [Thread-1 (]: On model.customer_support_tickets.mart_priority_subjects: /* {"app": "dbt", "dbt_version": "1.11.7", "profile_name": "customer_support_tickets", "target_name": "dev", "node_id": "model.customer_support_tickets.mart_priority_subjects"} */
alter table "support"."main_marts"."mart_priority_subjects__dbt_tmp" rename to "mart_priority_subjects"
[0m22:38:42.819180 [debug] [Thread-4 (]: On model.customer_support_tickets.mart_cx_satisfaction: COMMIT
[0m22:38:42.819865 [debug] [Thread-3 (]: On model.customer_support_tickets.mart_fairness: /* {"app": "dbt", "dbt_version": "1.11.7", "profile_name": "customer_support_tickets", "target_name": "dev", "node_id": "model.customer_support_tickets.mart_fairness"} */

      drop table if exists "support"."main_marts"."mart_fairness__dbt_backup" cascade
    
[0m22:38:42.820405 [debug] [Thread-2 (]: SQL status: OK in 0.001 seconds
[0m22:38:42.820945 [debug] [Thread-4 (]: Using duckdb connection "model.customer_support_tickets.mart_cx_satisfaction"
[0m22:38:42.821462 [debug] [Thread-1 (]: SQL status: OK in 0.001 seconds
[0m22:38:42.825020 [debug] [Thread-4 (]: On model.customer_support_tickets.mart_cx_satisfaction: COMMIT
[0m22:38:42.824510 [debug] [Thread-2 (]: Using duckdb connection "model.customer_support_tickets.mart_operations_sla"
[0m22:38:42.827698 [debug] [Thread-2 (]: On model.customer_support_tickets.mart_operations_sla: /* {"app": "dbt", "dbt_version": "1.11.7", "profile_name": "customer_support_tickets", "target_name": "dev", "node_id": "model.customer_support_tickets.mart_operations_sla"} */
alter table "support"."main_marts"."mart_operations_sla__dbt_tmp" rename to "mart_operations_sla"
[0m22:38:42.828513 [debug] [Thread-2 (]: SQL status: OK in 0.000 seconds
[0m22:38:42.827011 [debug] [Thread-3 (]: SQL status: OK in 0.005 seconds
[0m22:38:42.826709 [debug] [Thread-1 (]: On model.customer_support_tickets.mart_priority_subjects: COMMIT
[0m22:38:42.830453 [debug] [Thread-2 (]: On model.customer_support_tickets.mart_operations_sla: COMMIT
[0m22:38:42.833523 [debug] [Thread-2 (]: Using duckdb connection "model.customer_support_tickets.mart_operations_sla"
[0m22:38:42.833970 [debug] [Thread-2 (]: On model.customer_support_tickets.mart_operations_sla: COMMIT
[0m22:38:42.832455 [debug] [Thread-3 (]: On model.customer_support_tickets.mart_fairness: Close
[0m22:38:42.834988 [debug] [Thread-3 (]: Sending event: {'category': 'dbt', 'action': 'run_model', 'label': 'be0a67c3-1292-488d-b39c-7e51b7a09ea3', 'context': [<snowplow_tracker.self_describing_json.SelfDescribingJson object at 0x75f0f46caf50>]}
[0m22:38:42.832963 [debug] [Thread-1 (]: Using duckdb connection "model.customer_support_tickets.mart_priority_subjects"
[0m22:38:42.836419 [debug] [Thread-1 (]: On model.customer_support_tickets.mart_priority_subjects: COMMIT
[0m22:38:42.835814 [info ] [Thread-3 (]: 4 of 6 OK created sql table model main_marts.mart_fairness ..................... [[32mOK[0m in 0.20s]
[0m22:38:42.837533 [debug] [Thread-3 (]: Finished running node model.customer_support_tickets.mart_fairness
[0m22:38:42.858635 [debug] [Thread-4 (]: SQL status: OK in 0.031 seconds
[0m22:38:42.866880 [debug] [Thread-4 (]: Using duckdb connection "model.customer_support_tickets.mart_cx_satisfaction"
[0m22:38:42.869098 [debug] [Thread-4 (]: On model.customer_support_tickets.mart_cx_satisfaction: /* {"app": "dbt", "dbt_version": "1.11.7", "profile_name": "customer_support_tickets", "target_name": "dev", "node_id": "model.customer_support_tickets.mart_cx_satisfaction"} */

      drop table if exists "support"."main_marts"."mart_cx_satisfaction__dbt_backup" cascade
    
[0m22:38:42.879918 [debug] [Thread-1 (]: SQL status: OK in 0.043 seconds
[0m22:38:42.884274 [debug] [Thread-1 (]: Using duckdb connection "model.customer_support_tickets.mart_priority_subjects"
[0m22:38:42.884787 [debug] [Thread-1 (]: On model.customer_support_tickets.mart_priority_subjects: /* {"app": "dbt", "dbt_version": "1.11.7", "profile_name": "customer_support_tickets", "target_name": "dev", "node_id": "model.customer_support_tickets.mart_priority_subjects"} */

      drop table if exists "support"."main_marts"."mart_priority_subjects__dbt_backup" cascade
    
[0m22:38:42.907145 [debug] [Thread-2 (]: SQL status: OK in 0.073 seconds
[0m22:38:42.910492 [debug] [Thread-2 (]: Using duckdb connection "model.customer_support_tickets.mart_operations_sla"
[0m22:38:42.910862 [debug] [Thread-4 (]: SQL status: OK in 0.041 seconds
[0m22:38:42.911281 [debug] [Thread-1 (]: SQL status: OK in 0.026 seconds
[0m22:38:42.911600 [debug] [Thread-2 (]: On model.customer_support_tickets.mart_operations_sla: /* {"app": "dbt", "dbt_version": "1.11.7", "profile_name": "customer_support_tickets", "target_name": "dev", "node_id": "model.customer_support_tickets.mart_operations_sla"} */

      drop table if exists "support"."main_marts"."mart_operations_sla__dbt_backup" cascade
    
[0m22:38:42.912892 [debug] [Thread-4 (]: On model.customer_support_tickets.mart_cx_satisfaction: Close
[0m22:38:42.914038 [debug] [Thread-1 (]: On model.customer_support_tickets.mart_priority_subjects: Close
[0m22:38:42.915301 [debug] [Thread-1 (]: Sending event: {'category': 'dbt', 'action': 'run_model', 'label': 'be0a67c3-1292-488d-b39c-7e51b7a09ea3', 'context': [<snowplow_tracker.self_describing_json.SelfDescribingJson object at 0x75f0f469c8d0>]}
[0m22:38:42.915879 [debug] [Thread-4 (]: Sending event: {'category': 'dbt', 'action': 'run_model', 'label': 'be0a67c3-1292-488d-b39c-7e51b7a09ea3', 'context': [<snowplow_tracker.self_describing_json.SelfDescribingJson object at 0x75f0f4bc0f50>]}
[0m22:38:42.916384 [debug] [Thread-2 (]: SQL status: OK in 0.002 seconds
[0m22:38:42.916941 [info ] [Thread-1 (]: 6 of 6 OK created sql table model main_marts.mart_priority_subjects ............ [[32mOK[0m in 0.27s]
[0m22:38:42.920703 [debug] [Thread-1 (]: Finished running node model.customer_support_tickets.mart_priority_subjects
[0m22:38:42.919761 [debug] [Thread-2 (]: On model.customer_support_tickets.mart_operations_sla: Close
[0m22:38:42.917908 [info ] [Thread-4 (]: 3 of 6 OK created sql table model main_marts.mart_cx_satisfaction .............. [[32mOK[0m in 0.28s]
[0m22:38:42.922053 [debug] [Thread-4 (]: Finished running node model.customer_support_tickets.mart_cx_satisfaction
[0m22:38:42.922728 [debug] [Thread-2 (]: Sending event: {'category': 'dbt', 'action': 'run_model', 'label': 'be0a67c3-1292-488d-b39c-7e51b7a09ea3', 'context': [<snowplow_tracker.self_describing_json.SelfDescribingJson object at 0x75f0f4694050>]}
[0m22:38:42.923428 [info ] [Thread-2 (]: 5 of 6 OK created sql table model main_marts.mart_operations_sla ............... [[32mOK[0m in 0.27s]
[0m22:38:42.924346 [debug] [Thread-2 (]: Finished running node model.customer_support_tickets.mart_operations_sla
[0m22:38:42.926767 [debug] [MainThread]: Using duckdb connection "master"
[0m22:38:42.927072 [debug] [MainThread]: On master: BEGIN
[0m22:38:42.927389 [debug] [MainThread]: Opening a new connection, currently in state closed
[0m22:38:42.927966 [debug] [MainThread]: SQL status: OK in 0.001 seconds
[0m22:38:42.928296 [debug] [MainThread]: On master: COMMIT
[0m22:38:42.928595 [debug] [MainThread]: Using duckdb connection "master"
[0m22:38:42.928871 [debug] [MainThread]: On master: COMMIT
[0m22:38:42.929432 [debug] [MainThread]: SQL status: OK in 0.000 seconds
[0m22:38:42.929740 [debug] [MainThread]: On master: Close
[0m22:38:42.930170 [debug] [MainThread]: Connection 'master' was properly closed.
[0m22:38:42.930455 [debug] [MainThread]: Connection 'model.customer_support_tickets.mart_priority_subjects' was properly closed.
[0m22:38:42.930875 [debug] [MainThread]: Connection 'model.customer_support_tickets.mart_fairness' was properly closed.
[0m22:38:42.931265 [debug] [MainThread]: Connection 'model.customer_support_tickets.mart_operations_sla' was properly closed.
[0m22:38:42.931591 [debug] [MainThread]: Connection 'model.customer_support_tickets.mart_cx_satisfaction' was properly closed.
[0m22:38:42.932103 [info ] [MainThread]: 
[0m22:38:42.932532 [info ] [MainThread]: Finished running 4 table models, 2 view models in 0 hours 0 minutes and 0.61 seconds (0.61s).
[0m22:38:42.934347 [debug] [MainThread]: Command end result
[0m22:38:42.968093 [debug] [MainThread]: Wrote artifact WritableManifest to /usr/app/dbt/capstone_support/target/manifest.json
[0m22:38:42.969890 [debug] [MainThread]: Wrote artifact SemanticManifest to /usr/app/dbt/capstone_support/target/semantic_manifest.json
[0m22:38:42.975428 [debug] [MainThread]: Wrote artifact RunExecutionResult to /usr/app/dbt/capstone_support/target/run_results.json
[0m22:38:42.975741 [info ] [MainThread]: 
[0m22:38:42.976447 [info ] [MainThread]: [32mCompleted successfully[0m
[0m22:38:42.976996 [info ] [MainThread]: 
[0m22:38:42.977608 [info ] [MainThread]: Done. PASS=6 WARN=0 ERROR=0 SKIP=0 NO-OP=0 TOTAL=6
[0m22:38:42.978384 [warn ] [MainThread]: [[33mWARNING[0m][DeprecationsSummary]: Deprecated functionality
Summary of encountered deprecations:
- MissingArgumentsPropertyInGenericTestDeprecation: 1 occurrence
To see all deprecation instances instead of just the first occurrence of each,
run command again with the `--show-all-deprecations` flag. You may also need to
run with `--no-partial-parse` as some deprecations are only encountered during
parsing.
[0m22:38:42.979586 [debug] [MainThread]: Resource report: {"command_name": "run", "command_success": true, "command_wall_clock_time": 4.2900643, "process_in_blocks": "15976", "process_kernel_time": 0.551401, "process_mem_max_rss": "205788", "process_out_blocks": "14992", "process_user_time": 4.808143}
[0m22:38:42.980183 [debug] [MainThread]: Command `dbt run` succeeded at 22:38:42.980027 after 4.29 seconds
[0m22:38:42.980588 [debug] [MainThread]: Sending event: {'category': 'dbt', 'action': 'invocation', 'label': 'end', 'context': [<snowplow_tracker.self_describing_json.SelfDescribingJson object at 0x75f0fa825690>, <snowplow_tracker.self_describing_json.SelfDescribingJson object at 0x75f0fa3c7510>, <snowplow_tracker.self_describing_json.SelfDescribingJson object at 0x75f0fa3c5ad0>]}
[0m22:38:42.980989 [debug] [MainThread]: Flushing usage events
[0m22:38:43.159682 [debug] [MainThread]: An error was encountered while trying to flush usage events
[0m22:41:37.568915 [debug] [MainThread]: Sending event: {'category': 'dbt', 'action': 'invocation', 'label': 'start', 'context': [<snowplow_tracker.self_describing_json.SelfDescribingJson object at 0x7fea6c107b90>, <snowplow_tracker.self_describing_json.SelfDescribingJson object at 0x7fea6c1126d0>, <snowplow_tracker.self_describing_json.SelfDescribingJson object at 0x7fea6c112c50>]}


============================== 22:41:37.576567 | 644baf5b-82a3-4d4a-9579-116ab93a0fc6 ==============================
[0m22:41:37.576567 [info ] [MainThread]: Running with dbt=1.11.7
[0m22:41:37.577471 [debug] [MainThread]: running dbt with arguments {'debug': 'False', 'partial_parse': 'True', 'use_experimental_parser': 'False', 'quiet': 'False', 'target_path': 'None', 'static_parser': 'True', 'log_format': 'default', 'indirect_selection': 'eager', 'version_check': 'True', 'printer_width': '80', 'warn_error_options': 'WarnErrorOptionsV2(error=[], warn=[], silence=[])', 'log_path': '/usr/app/dbt/capstone_support/logs', 'empty': 'None', 'write_json': 'True', 'warn_error': 'None', 'log_cache_events': 'False', 'profiles_dir': '/usr/app/dbt', 'cache_selected_only': 'False', 'fail_fast': 'False', 'use_colors': 'True', 'invocation_command': 'dbt test --profiles-dir /usr/app/dbt', 'no_print': 'None', 'send_anonymous_usage_stats': 'True', 'introspect': 'True'}
[0m22:41:37.958614 [debug] [MainThread]: Sending event: {'category': 'dbt', 'action': 'project_id', 'label': '644baf5b-82a3-4d4a-9579-116ab93a0fc6', 'context': [<snowplow_tracker.self_describing_json.SelfDescribingJson object at 0x7fea68522090>]}
[0m22:41:38.019576 [debug] [MainThread]: Sending event: {'category': 'dbt', 'action': 'adapter_info', 'label': '644baf5b-82a3-4d4a-9579-116ab93a0fc6', 'context': [<snowplow_tracker.self_describing_json.SelfDescribingJson object at 0x7fea6f23c6d0>]}
[0m22:41:38.021551 [info ] [MainThread]: Registered adapter: duckdb=1.10.1
[0m22:41:38.158088 [debug] [MainThread]: checksum: b80718358155fc17c3559352095564dd56ada1cc1a1c0ef2e62c857e71583775, vars: {}, profile: , target: , version: 1.11.7
[0m22:41:38.335453 [debug] [MainThread]: Partial parsing enabled: 0 files deleted, 0 files added, 0 files changed.
[0m22:41:38.335924 [debug] [MainThread]: Nothing changed, skipping partial parsing.
[0m22:41:38.336289 [debug] [MainThread]: Partial parsing enabled, no changes found, skipping parsing
[0m22:41:38.390409 [debug] [MainThread]: Sending event: {'category': 'dbt', 'action': 'load_project', 'label': '644baf5b-82a3-4d4a-9579-116ab93a0fc6', 'context': [<snowplow_tracker.self_describing_json.SelfDescribingJson object at 0x7fea66f06ad0>]}
[0m22:41:38.554296 [debug] [MainThread]: Wrote artifact WritableManifest to /usr/app/dbt/capstone_support/target/manifest.json
[0m22:41:38.556227 [debug] [MainThread]: Wrote artifact SemanticManifest to /usr/app/dbt/capstone_support/target/semantic_manifest.json
[0m22:41:38.585162 [debug] [MainThread]: Sending event: {'category': 'dbt', 'action': 'resource_counts', 'label': '644baf5b-82a3-4d4a-9579-116ab93a0fc6', 'context': [<snowplow_tracker.self_describing_json.SelfDescribingJson object at 0x7fea68439d90>]}
[0m22:41:38.585703 [info ] [MainThread]: Found 6 models, 1 seed, 3 data tests, 1 source, 618 macros
[0m22:41:38.586129 [debug] [MainThread]: Sending event: {'category': 'dbt', 'action': 'runnable_timing', 'label': '644baf5b-82a3-4d4a-9579-116ab93a0fc6', 'context': [<snowplow_tracker.self_describing_json.SelfDescribingJson object at 0x7fea673b6c50>]}
[0m22:41:38.588411 [info ] [MainThread]: 
[0m22:41:38.588860 [info ] [MainThread]: Concurrency: 4 threads (target='dev')
[0m22:41:38.589319 [info ] [MainThread]: 
[0m22:41:38.590037 [debug] [MainThread]: Acquiring new duckdb connection 'master'
[0m22:41:38.597488 [debug] [ThreadPool]: Acquiring new duckdb connection 'list_support_main'
[0m22:41:38.604946 [debug] [ThreadPool]: Acquiring new duckdb connection 'list_support_main_marts'
[0m22:41:38.611388 [debug] [ThreadPool]: Acquiring new duckdb connection 'list_support_main_staging'
[0m22:41:38.649844 [debug] [ThreadPool]: Using duckdb connection "list_support_main"
[0m22:41:38.650263 [debug] [ThreadPool]: On list_support_main: BEGIN
[0m22:41:38.650603 [debug] [ThreadPool]: Using duckdb connection "list_support_main_marts"
[0m22:41:38.650992 [debug] [ThreadPool]: Using duckdb connection "list_support_main_staging"
[0m22:41:38.651322 [debug] [ThreadPool]: Opening a new connection, currently in state init
[0m22:41:38.651700 [debug] [ThreadPool]: On list_support_main_marts: BEGIN
[0m22:41:38.652086 [debug] [ThreadPool]: On list_support_main_staging: BEGIN
[0m22:41:38.652726 [debug] [ThreadPool]: Opening a new connection, currently in state init
[0m22:41:38.653138 [debug] [ThreadPool]: Opening a new connection, currently in state init
[0m22:41:38.706555 [debug] [ThreadPool]: SQL status: OK in 0.055 seconds
[0m22:41:38.707132 [debug] [ThreadPool]: Using duckdb connection "list_support_main"
[0m22:41:38.707488 [debug] [ThreadPool]: On list_support_main: /* {"app": "dbt", "dbt_version": "1.11.7", "profile_name": "customer_support_tickets", "target_name": "dev", "connection_name": "list_support_main"} */
select
      'support' as database,
      table_name as name,
      table_schema as schema,
      CASE table_type
        WHEN 'BASE TABLE' THEN 'table'
        WHEN 'VIEW' THEN 'view'
        WHEN 'LOCAL TEMPORARY' THEN 'table'
        END as type
    from system.information_schema.tables
    where lower(table_schema) = 'main'
    and lower(table_catalog) = 'support'
  
[0m22:41:38.709628 [debug] [ThreadPool]: SQL status: OK in 0.057 seconds
[0m22:41:38.710047 [debug] [ThreadPool]: Using duckdb connection "list_support_main_marts"
[0m22:41:38.710569 [debug] [ThreadPool]: On list_support_main_marts: /* {"app": "dbt", "dbt_version": "1.11.7", "profile_name": "customer_support_tickets", "target_name": "dev", "connection_name": "list_support_main_marts"} */
select
      'support' as database,
      table_name as name,
      table_schema as schema,
      CASE table_type
        WHEN 'BASE TABLE' THEN 'table'
        WHEN 'VIEW' THEN 'view'
        WHEN 'LOCAL TEMPORARY' THEN 'table'
        END as type
    from system.information_schema.tables
    where lower(table_schema) = 'main_marts'
    and lower(table_catalog) = 'support'
  
[0m22:41:38.711003 [debug] [ThreadPool]: SQL status: OK in 0.058 seconds
[0m22:41:38.711565 [debug] [ThreadPool]: Using duckdb connection "list_support_main_staging"
[0m22:41:38.711985 [debug] [ThreadPool]: On list_support_main_staging: /* {"app": "dbt", "dbt_version": "1.11.7", "profile_name": "customer_support_tickets", "target_name": "dev", "connection_name": "list_support_main_staging"} */
select
      'support' as database,
      table_name as name,
      table_schema as schema,
      CASE table_type
        WHEN 'BASE TABLE' THEN 'table'
        WHEN 'VIEW' THEN 'view'
        WHEN 'LOCAL TEMPORARY' THEN 'table'
        END as type
    from system.information_schema.tables
    where lower(table_schema) = 'main_staging'
    and lower(table_catalog) = 'support'
  
[0m22:41:38.718980 [debug] [ThreadPool]: SQL status: OK in 0.011 seconds
[0m22:41:38.720549 [debug] [ThreadPool]: SQL status: OK in 0.008 seconds
[0m22:41:38.722480 [debug] [ThreadPool]: On list_support_main_staging: ROLLBACK
[0m22:41:38.723973 [debug] [ThreadPool]: On list_support_main: ROLLBACK
[0m22:41:38.724558 [debug] [ThreadPool]: SQL status: OK in 0.013 seconds
[0m22:41:38.725468 [debug] [ThreadPool]: Failed to rollback 'list_support_main_staging'
[0m22:41:38.725879 [debug] [ThreadPool]: Failed to rollback 'list_support_main'
[0m22:41:38.727006 [debug] [ThreadPool]: On list_support_main_marts: ROLLBACK
[0m22:41:38.727374 [debug] [ThreadPool]: On list_support_main_staging: Close
[0m22:41:38.727717 [debug] [ThreadPool]: On list_support_main: Close
[0m22:41:38.728216 [debug] [ThreadPool]: Failed to rollback 'list_support_main_marts'
[0m22:41:38.730374 [debug] [ThreadPool]: On list_support_main_marts: Close
[0m22:41:38.731762 [debug] [MainThread]: Sending event: {'category': 'dbt', 'action': 'runnable_timing', 'label': '644baf5b-82a3-4d4a-9579-116ab93a0fc6', 'context': [<snowplow_tracker.self_describing_json.SelfDescribingJson object at 0x7fea6715e890>]}
[0m22:41:38.732330 [debug] [MainThread]: Using duckdb connection "master"
[0m22:41:38.732617 [debug] [MainThread]: On master: BEGIN
[0m22:41:38.732902 [debug] [MainThread]: Opening a new connection, currently in state init
[0m22:41:38.733456 [debug] [MainThread]: SQL status: OK in 0.001 seconds
[0m22:41:38.733744 [debug] [MainThread]: On master: COMMIT
[0m22:41:38.734048 [debug] [MainThread]: Using duckdb connection "master"
[0m22:41:38.734363 [debug] [MainThread]: On master: COMMIT
[0m22:41:38.734807 [debug] [MainThread]: SQL status: OK in 0.000 seconds
[0m22:41:38.735097 [debug] [MainThread]: On master: Close
[0m22:41:38.753807 [debug] [Thread-1 (]: Began running node test.customer_support_tickets.accepted_values_stg_tickets_ticket_priority__low__medium__high__critical.0e0198c81b
[0m22:41:38.754204 [debug] [Thread-2 (]: Began running node test.customer_support_tickets.not_null_stg_tickets_ticket_id.7a49eb141c
[0m22:41:38.754675 [debug] [Thread-3 (]: Began running node test.customer_support_tickets.unique_stg_tickets_ticket_id.8a1a5dfba4
[0m22:41:38.755081 [info ] [Thread-1 (]: 1 of 3 START test accepted_values_stg_tickets_ticket_priority__low__medium__high__critical  [RUN]
[0m22:41:38.755938 [info ] [Thread-2 (]: 2 of 3 START test not_null_stg_tickets_ticket_id ............................... [RUN]
[0m22:41:38.756851 [info ] [Thread-3 (]: 3 of 3 START test unique_stg_tickets_ticket_id ................................. [RUN]
[0m22:41:38.757679 [debug] [Thread-1 (]: Re-using an available connection from the pool (formerly list_support_main_marts, now test.customer_support_tickets.accepted_values_stg_tickets_ticket_priority__low__medium__high__critical.0e0198c81b)
[0m22:41:38.758235 [debug] [Thread-2 (]: Re-using an available connection from the pool (formerly list_support_main, now test.customer_support_tickets.not_null_stg_tickets_ticket_id.7a49eb141c)
[0m22:41:38.758766 [debug] [Thread-3 (]: Re-using an available connection from the pool (formerly list_support_main_staging, now test.customer_support_tickets.unique_stg_tickets_ticket_id.8a1a5dfba4)
[0m22:41:38.759298 [debug] [Thread-1 (]: Began compiling node test.customer_support_tickets.accepted_values_stg_tickets_ticket_priority__low__medium__high__critical.0e0198c81b
[0m22:41:38.759793 [debug] [Thread-2 (]: Began compiling node test.customer_support_tickets.not_null_stg_tickets_ticket_id.7a49eb141c
[0m22:41:38.760237 [debug] [Thread-3 (]: Began compiling node test.customer_support_tickets.unique_stg_tickets_ticket_id.8a1a5dfba4
[0m22:41:38.785176 [debug] [Thread-1 (]: Writing injected SQL for node "test.customer_support_tickets.accepted_values_stg_tickets_ticket_priority__low__medium__high__critical.0e0198c81b"
[0m22:41:38.789416 [debug] [Thread-2 (]: Writing injected SQL for node "test.customer_support_tickets.not_null_stg_tickets_ticket_id.7a49eb141c"
[0m22:41:38.796526 [debug] [Thread-3 (]: Writing injected SQL for node "test.customer_support_tickets.unique_stg_tickets_ticket_id.8a1a5dfba4"
[0m22:41:38.802231 [debug] [Thread-3 (]: Began executing node test.customer_support_tickets.unique_stg_tickets_ticket_id.8a1a5dfba4
[0m22:41:38.802749 [debug] [Thread-2 (]: Began executing node test.customer_support_tickets.not_null_stg_tickets_ticket_id.7a49eb141c
[0m22:41:38.803089 [debug] [Thread-1 (]: Began executing node test.customer_support_tickets.accepted_values_stg_tickets_ticket_priority__low__medium__high__critical.0e0198c81b
[0m22:41:38.819295 [debug] [Thread-3 (]: Writing runtime sql for node "test.customer_support_tickets.unique_stg_tickets_ticket_id.8a1a5dfba4"
[0m22:41:38.821623 [debug] [Thread-2 (]: Writing runtime sql for node "test.customer_support_tickets.not_null_stg_tickets_ticket_id.7a49eb141c"
[0m22:41:38.823746 [debug] [Thread-1 (]: Writing runtime sql for node "test.customer_support_tickets.accepted_values_stg_tickets_ticket_priority__low__medium__high__critical.0e0198c81b"
[0m22:41:38.824536 [debug] [Thread-3 (]: Using duckdb connection "test.customer_support_tickets.unique_stg_tickets_ticket_id.8a1a5dfba4"
[0m22:41:38.825357 [debug] [Thread-3 (]: On test.customer_support_tickets.unique_stg_tickets_ticket_id.8a1a5dfba4: BEGIN
[0m22:41:38.826511 [debug] [Thread-3 (]: Opening a new connection, currently in state closed
[0m22:41:38.826226 [debug] [Thread-1 (]: Using duckdb connection "test.customer_support_tickets.accepted_values_stg_tickets_ticket_priority__low__medium__high__critical.0e0198c81b"
[0m22:41:38.825845 [debug] [Thread-2 (]: Using duckdb connection "test.customer_support_tickets.not_null_stg_tickets_ticket_id.7a49eb141c"
[0m22:41:38.827292 [debug] [Thread-1 (]: On test.customer_support_tickets.accepted_values_stg_tickets_ticket_priority__low__medium__high__critical.0e0198c81b: BEGIN
[0m22:41:38.827694 [debug] [Thread-3 (]: SQL status: OK in 0.001 seconds
[0m22:41:38.828072 [debug] [Thread-2 (]: On test.customer_support_tickets.not_null_stg_tickets_ticket_id.7a49eb141c: BEGIN
[0m22:41:38.828508 [debug] [Thread-1 (]: Opening a new connection, currently in state closed
[0m22:41:38.829942 [debug] [Thread-1 (]: SQL status: OK in 0.001 seconds
[0m22:41:38.830366 [debug] [Thread-1 (]: Using duckdb connection "test.customer_support_tickets.accepted_values_stg_tickets_ticket_priority__low__medium__high__critical.0e0198c81b"
[0m22:41:38.830781 [debug] [Thread-1 (]: On test.customer_support_tickets.accepted_values_stg_tickets_ticket_priority__low__medium__high__critical.0e0198c81b: /* {"app": "dbt", "dbt_version": "1.11.7", "profile_name": "customer_support_tickets", "target_name": "dev", "node_id": "test.customer_support_tickets.accepted_values_stg_tickets_ticket_priority__low__medium__high__critical.0e0198c81b"} */

    
    select
      count(*) as failures,
      count(*) != 0 as should_warn,
      count(*) != 0 as should_error
    from (
      
    
  
    
    

with all_values as (

    select
        ticket_priority as value_field,
        count(*) as n_records

    from "support"."main_staging"."stg_tickets"
    group by ticket_priority

)

select *
from all_values
where value_field not in (
    'low','medium','high','critical'
)



  
  
      
    ) dbt_internal_test
[0m22:41:38.829317 [debug] [Thread-2 (]: Opening a new connection, currently in state closed
[0m22:41:38.828912 [debug] [Thread-3 (]: Using duckdb connection "test.customer_support_tickets.unique_stg_tickets_ticket_id.8a1a5dfba4"
[0m22:41:38.833355 [debug] [Thread-3 (]: On test.customer_support_tickets.unique_stg_tickets_ticket_id.8a1a5dfba4: /* {"app": "dbt", "dbt_version": "1.11.7", "profile_name": "customer_support_tickets", "target_name": "dev", "node_id": "test.customer_support_tickets.unique_stg_tickets_ticket_id.8a1a5dfba4"} */

    
    select
      count(*) as failures,
      count(*) != 0 as should_warn,
      count(*) != 0 as should_error
    from (
      
    
  
    
    

select
    ticket_id as unique_field,
    count(*) as n_records

from "support"."main_staging"."stg_tickets"
where ticket_id is not null
group by ticket_id
having count(*) > 1



  
  
      
    ) dbt_internal_test
[0m22:41:38.832065 [debug] [Thread-2 (]: SQL status: OK in 0.003 seconds
[0m22:41:38.835067 [debug] [Thread-2 (]: Using duckdb connection "test.customer_support_tickets.not_null_stg_tickets_ticket_id.7a49eb141c"
[0m22:41:38.835964 [debug] [Thread-2 (]: On test.customer_support_tickets.not_null_stg_tickets_ticket_id.7a49eb141c: /* {"app": "dbt", "dbt_version": "1.11.7", "profile_name": "customer_support_tickets", "target_name": "dev", "node_id": "test.customer_support_tickets.not_null_stg_tickets_ticket_id.7a49eb141c"} */

    
    select
      count(*) as failures,
      count(*) != 0 as should_warn,
      count(*) != 0 as should_error
    from (
      
    
  
    
    



select ticket_id
from "support"."main_staging"."stg_tickets"
where ticket_id is null



  
  
      
    ) dbt_internal_test
[0m22:41:38.853824 [debug] [Thread-1 (]: SQL status: OK in 0.022 seconds
[0m22:41:38.854640 [debug] [Thread-2 (]: SQL status: OK in 0.018 seconds
[0m22:41:38.859970 [debug] [Thread-1 (]: On test.customer_support_tickets.accepted_values_stg_tickets_ticket_priority__low__medium__high__critical.0e0198c81b: ROLLBACK
[0m22:41:38.860432 [debug] [Thread-3 (]: SQL status: OK in 0.026 seconds
[0m22:41:38.861718 [debug] [Thread-2 (]: On test.customer_support_tickets.not_null_stg_tickets_ticket_id.7a49eb141c: ROLLBACK
[0m22:41:38.862246 [debug] [Thread-1 (]: Failed to rollback 'test.customer_support_tickets.accepted_values_stg_tickets_ticket_priority__low__medium__high__critical.0e0198c81b'
[0m22:41:38.863500 [debug] [Thread-3 (]: On test.customer_support_tickets.unique_stg_tickets_ticket_id.8a1a5dfba4: ROLLBACK
[0m22:41:38.864065 [debug] [Thread-2 (]: Failed to rollback 'test.customer_support_tickets.not_null_stg_tickets_ticket_id.7a49eb141c'
[0m22:41:38.864595 [debug] [Thread-1 (]: On test.customer_support_tickets.accepted_values_stg_tickets_ticket_priority__low__medium__high__critical.0e0198c81b: Close
[0m22:41:38.865145 [debug] [Thread-3 (]: Failed to rollback 'test.customer_support_tickets.unique_stg_tickets_ticket_id.8a1a5dfba4'
[0m22:41:38.865557 [debug] [Thread-2 (]: On test.customer_support_tickets.not_null_stg_tickets_ticket_id.7a49eb141c: Close
[0m22:41:38.866268 [info ] [Thread-1 (]: 1 of 3 PASS accepted_values_stg_tickets_ticket_priority__low__medium__high__critical  [[32mPASS[0m in 0.11s]
[0m22:41:38.866944 [debug] [Thread-3 (]: On test.customer_support_tickets.unique_stg_tickets_ticket_id.8a1a5dfba4: Close
[0m22:41:38.867644 [info ] [Thread-2 (]: 2 of 3 PASS not_null_stg_tickets_ticket_id ..................................... [[32mPASS[0m in 0.11s]
[0m22:41:38.868571 [debug] [Thread-1 (]: Finished running node test.customer_support_tickets.accepted_values_stg_tickets_ticket_priority__low__medium__high__critical.0e0198c81b
[0m22:41:38.869270 [info ] [Thread-3 (]: 3 of 3 PASS unique_stg_tickets_ticket_id ....................................... [[32mPASS[0m in 0.11s]
[0m22:41:38.870179 [debug] [Thread-2 (]: Finished running node test.customer_support_tickets.not_null_stg_tickets_ticket_id.7a49eb141c
[0m22:41:38.871231 [debug] [Thread-3 (]: Finished running node test.customer_support_tickets.unique_stg_tickets_ticket_id.8a1a5dfba4
[0m22:41:38.873516 [debug] [MainThread]: Using duckdb connection "master"
[0m22:41:38.874067 [debug] [MainThread]: On master: BEGIN
[0m22:41:38.874515 [debug] [MainThread]: Opening a new connection, currently in state closed
[0m22:41:38.875832 [debug] [MainThread]: SQL status: OK in 0.001 seconds
[0m22:41:38.876226 [debug] [MainThread]: On master: COMMIT
[0m22:41:38.876585 [debug] [MainThread]: Using duckdb connection "master"
[0m22:41:38.876916 [debug] [MainThread]: On master: COMMIT
[0m22:41:38.877429 [debug] [MainThread]: SQL status: OK in 0.000 seconds
[0m22:41:38.877737 [debug] [MainThread]: On master: Close
[0m22:41:38.878170 [debug] [MainThread]: Connection 'master' was properly closed.
[0m22:41:38.878456 [debug] [MainThread]: Connection 'test.customer_support_tickets.not_null_stg_tickets_ticket_id.7a49eb141c' was properly closed.
[0m22:41:38.878740 [debug] [MainThread]: Connection 'test.customer_support_tickets.accepted_values_stg_tickets_ticket_priority__low__medium__high__critical.0e0198c81b' was properly closed.
[0m22:41:38.879014 [debug] [MainThread]: Connection 'test.customer_support_tickets.unique_stg_tickets_ticket_id.8a1a5dfba4' was properly closed.
[0m22:41:38.879391 [info ] [MainThread]: 
[0m22:41:38.879990 [info ] [MainThread]: Finished running 3 data tests in 0 hours 0 minutes and 0.29 seconds (0.29s).
[0m22:41:38.881088 [debug] [MainThread]: Command end result
[0m22:41:38.913304 [debug] [MainThread]: Wrote artifact WritableManifest to /usr/app/dbt/capstone_support/target/manifest.json
[0m22:41:38.915132 [debug] [MainThread]: Wrote artifact SemanticManifest to /usr/app/dbt/capstone_support/target/semantic_manifest.json
[0m22:41:38.921474 [debug] [MainThread]: Wrote artifact RunExecutionResult to /usr/app/dbt/capstone_support/target/run_results.json
[0m22:41:38.921827 [info ] [MainThread]: 
[0m22:41:38.922449 [info ] [MainThread]: [32mCompleted successfully[0m
[0m22:41:38.922928 [info ] [MainThread]: 
[0m22:41:38.923510 [info ] [MainThread]: Done. PASS=3 WARN=0 ERROR=0 SKIP=0 NO-OP=0 TOTAL=3
[0m22:41:38.924860 [debug] [MainThread]: Resource report: {"command_name": "test", "command_success": true, "command_wall_clock_time": 1.4266697, "process_in_blocks": "104104", "process_kernel_time": 0.519663, "process_mem_max_rss": "171212", "process_out_blocks": "6360", "process_user_time": 2.487665}
[0m22:41:38.925478 [debug] [MainThread]: Command `dbt test` succeeded at 22:41:38.925340 after 1.43 seconds
[0m22:41:38.925879 [debug] [MainThread]: Sending event: {'category': 'dbt', 'action': 'invocation', 'label': 'end', 'context': [<snowplow_tracker.self_describing_json.SelfDescribingJson object at 0x7fea6c435790>, <snowplow_tracker.self_describing_json.SelfDescribingJson object at 0x7fea6c435890>, <snowplow_tracker.self_describing_json.SelfDescribingJson object at 0x7fea70c64690>]}
[0m22:41:38.926353 [debug] [MainThread]: Flushing usage events
[0m22:41:39.061513 [debug] [MainThread]: An error was encountered while trying to flush usage events
[0m22:41:53.067085 [debug] [MainThread]: Sending event: {'category': 'dbt', 'action': 'invocation', 'label': 'start', 'context': [<snowplow_tracker.self_describing_json.SelfDescribingJson object at 0x796e0ce5bf50>, <snowplow_tracker.self_describing_json.SelfDescribingJson object at 0x796e0ce4dd50>, <snowplow_tracker.self_describing_json.SelfDescribingJson object at 0x796e0ce5b750>]}


============================== 22:41:53.074169 | 9e950c6b-a44c-45a5-8c1e-67e8ed697570 ==============================
[0m22:41:53.074169 [info ] [MainThread]: Running with dbt=1.11.7
[0m22:41:53.075040 [debug] [MainThread]: running dbt with arguments {'use_experimental_parser': 'False', 'log_path': '/usr/app/dbt/capstone_support/logs', 'invocation_command': 'dbt docs generate --profiles-dir /usr/app/dbt', 'printer_width': '80', 'target_path': 'None', 'fail_fast': 'False', 'indirect_selection': 'eager', 'version_check': 'True', 'write_json': 'True', 'quiet': 'False', 'use_colors': 'True', 'warn_error_options': 'WarnErrorOptionsV2(error=[], warn=[], silence=[])', 'partial_parse': 'True', 'log_format': 'default', 'debug': 'False', 'send_anonymous_usage_stats': 'True', 'introspect': 'True', 'static_parser': 'True', 'profiles_dir': '/usr/app/dbt', 'empty': 'None', 'no_print': 'None', 'warn_error': 'None', 'log_cache_events': 'False', 'cache_selected_only': 'False'}
[0m22:41:53.315243 [debug] [MainThread]: Sending event: {'category': 'dbt', 'action': 'project_id', 'label': '9e950c6b-a44c-45a5-8c1e-67e8ed697570', 'context': [<snowplow_tracker.self_describing_json.SelfDescribingJson object at 0x796e09106ad0>]}
[0m22:41:53.395525 [debug] [MainThread]: Sending event: {'category': 'dbt', 'action': 'adapter_info', 'label': '9e950c6b-a44c-45a5-8c1e-67e8ed697570', 'context': [<snowplow_tracker.self_describing_json.SelfDescribingJson object at 0x796e0ff666d0>]}
[0m22:41:53.398064 [info ] [MainThread]: Registered adapter: duckdb=1.10.1
[0m22:41:53.564945 [debug] [MainThread]: checksum: b80718358155fc17c3559352095564dd56ada1cc1a1c0ef2e62c857e71583775, vars: {}, profile: , target: , version: 1.11.7
[0m22:41:53.726497 [debug] [MainThread]: Partial parsing enabled: 0 files deleted, 0 files added, 0 files changed.
[0m22:41:53.726972 [debug] [MainThread]: Nothing changed, skipping partial parsing.
[0m22:41:53.727302 [debug] [MainThread]: Partial parsing enabled, no changes found, skipping parsing
[0m22:41:53.781712 [debug] [MainThread]: Sending event: {'category': 'dbt', 'action': 'load_project', 'label': '9e950c6b-a44c-45a5-8c1e-67e8ed697570', 'context': [<snowplow_tracker.self_describing_json.SelfDescribingJson object at 0x796e07c4f650>]}
[0m22:41:53.799958 [debug] [MainThread]: Sending event: {'category': 'dbt', 'action': 'resource_counts', 'label': '9e950c6b-a44c-45a5-8c1e-67e8ed697570', 'context': [<snowplow_tracker.self_describing_json.SelfDescribingJson object at 0x796e07d19ed0>]}
[0m22:41:53.800452 [info ] [MainThread]: Found 6 models, 1 seed, 3 data tests, 1 source, 618 macros
[0m22:41:53.800815 [debug] [MainThread]: Sending event: {'category': 'dbt', 'action': 'runnable_timing', 'label': '9e950c6b-a44c-45a5-8c1e-67e8ed697570', 'context': [<snowplow_tracker.self_describing_json.SelfDescribingJson object at 0x796e07c49390>]}
[0m22:41:53.802923 [info ] [MainThread]: 
[0m22:41:53.803484 [info ] [MainThread]: Concurrency: 4 threads (target='dev')
[0m22:41:53.803917 [info ] [MainThread]: 
[0m22:41:53.804570 [debug] [MainThread]: Acquiring new duckdb connection 'master'
[0m22:41:53.811151 [debug] [ThreadPool]: Acquiring new duckdb connection 'list_support_main'
[0m22:41:53.811902 [debug] [ThreadPool]: Acquiring new duckdb connection 'list_support_main_marts'
[0m22:41:53.819097 [debug] [ThreadPool]: Acquiring new duckdb connection 'list_support_main_staging'
[0m22:41:53.928987 [debug] [ThreadPool]: Using duckdb connection "list_support_main"
[0m22:41:53.929391 [debug] [ThreadPool]: Using duckdb connection "list_support_main_marts"
[0m22:41:53.929768 [debug] [ThreadPool]: Using duckdb connection "list_support_main_staging"
[0m22:41:53.930062 [debug] [ThreadPool]: On list_support_main: BEGIN
[0m22:41:53.930413 [debug] [ThreadPool]: On list_support_main_marts: BEGIN
[0m22:41:53.930747 [debug] [ThreadPool]: On list_support_main_staging: BEGIN
[0m22:41:53.931100 [debug] [ThreadPool]: Opening a new connection, currently in state init
[0m22:41:53.931455 [debug] [ThreadPool]: Opening a new connection, currently in state init
[0m22:41:53.931792 [debug] [ThreadPool]: Opening a new connection, currently in state init
[0m22:41:53.946835 [debug] [ThreadPool]: SQL status: OK in 0.015 seconds
[0m22:41:53.947215 [debug] [ThreadPool]: Using duckdb connection "list_support_main_marts"
[0m22:41:53.947772 [debug] [ThreadPool]: On list_support_main_marts: /* {"app": "dbt", "dbt_version": "1.11.7", "profile_name": "customer_support_tickets", "target_name": "dev", "connection_name": "list_support_main_marts"} */
select
      'support' as database,
      table_name as name,
      table_schema as schema,
      CASE table_type
        WHEN 'BASE TABLE' THEN 'table'
        WHEN 'VIEW' THEN 'view'
        WHEN 'LOCAL TEMPORARY' THEN 'table'
        END as type
    from system.information_schema.tables
    where lower(table_schema) = 'main_marts'
    and lower(table_catalog) = 'support'
  
[0m22:41:53.948080 [debug] [ThreadPool]: SQL status: OK in 0.017 seconds
[0m22:41:53.949025 [debug] [ThreadPool]: Using duckdb connection "list_support_main"
[0m22:41:53.949456 [debug] [ThreadPool]: On list_support_main: /* {"app": "dbt", "dbt_version": "1.11.7", "profile_name": "customer_support_tickets", "target_name": "dev", "connection_name": "list_support_main"} */
select
      'support' as database,
      table_name as name,
      table_schema as schema,
      CASE table_type
        WHEN 'BASE TABLE' THEN 'table'
        WHEN 'VIEW' THEN 'view'
        WHEN 'LOCAL TEMPORARY' THEN 'table'
        END as type
    from system.information_schema.tables
    where lower(table_schema) = 'main'
    and lower(table_catalog) = 'support'
  
[0m22:41:53.948630 [debug] [ThreadPool]: SQL status: OK in 0.017 seconds
[0m22:41:53.950769 [debug] [ThreadPool]: Using duckdb connection "list_support_main_staging"
[0m22:41:53.951252 [debug] [ThreadPool]: On list_support_main_staging: /* {"app": "dbt", "dbt_version": "1.11.7", "profile_name": "customer_support_tickets", "target_name": "dev", "connection_name": "list_support_main_staging"} */
select
      'support' as database,
      table_name as name,
      table_schema as schema,
      CASE table_type
        WHEN 'BASE TABLE' THEN 'table'
        WHEN 'VIEW' THEN 'view'
        WHEN 'LOCAL TEMPORARY' THEN 'table'
        END as type
    from system.information_schema.tables
    where lower(table_schema) = 'main_staging'
    and lower(table_catalog) = 'support'
  
[0m22:41:53.954014 [debug] [ThreadPool]: SQL status: OK in 0.006 seconds
[0m22:41:53.956389 [debug] [ThreadPool]: On list_support_main_marts: ROLLBACK
[0m22:41:53.956744 [debug] [ThreadPool]: SQL status: OK in 0.007 seconds
[0m22:41:53.957141 [debug] [ThreadPool]: SQL status: OK in 0.005 seconds
[0m22:41:53.958066 [debug] [ThreadPool]: Failed to rollback 'list_support_main_marts'
[0m22:41:53.959462 [debug] [ThreadPool]: On list_support_main: ROLLBACK
[0m22:41:53.960565 [debug] [ThreadPool]: On list_support_main_staging: ROLLBACK
[0m22:41:53.960835 [debug] [ThreadPool]: On list_support_main_marts: Close
[0m22:41:53.961305 [debug] [ThreadPool]: Failed to rollback 'list_support_main'
[0m22:41:53.961757 [debug] [ThreadPool]: Failed to rollback 'list_support_main_staging'
[0m22:41:53.963050 [debug] [ThreadPool]: On list_support_main: Close
[0m22:41:53.963430 [debug] [ThreadPool]: On list_support_main_staging: Close
[0m22:41:53.965648 [debug] [MainThread]: Sending event: {'category': 'dbt', 'action': 'runnable_timing', 'label': '9e950c6b-a44c-45a5-8c1e-67e8ed697570', 'context': [<snowplow_tracker.self_describing_json.SelfDescribingJson object at 0x796e0cd08750>]}
[0m22:41:53.974374 [debug] [Thread-1 (]: Began running node model.customer_support_tickets.stg_tickets
[0m22:41:53.974917 [debug] [Thread-2 (]: Began running node model.customer_support_tickets.stg_users
[0m22:41:53.975384 [debug] [Thread-3 (]: Began running node seed.customer_support_tickets.customer_support_tickets
[0m22:41:53.975794 [debug] [Thread-1 (]: Re-using an available connection from the pool (formerly list_support_main, now model.customer_support_tickets.stg_tickets)
[0m22:41:53.976279 [debug] [Thread-2 (]: Re-using an available connection from the pool (formerly list_support_main_staging, now model.customer_support_tickets.stg_users)
[0m22:41:53.976709 [debug] [Thread-3 (]: Re-using an available connection from the pool (formerly list_support_main_marts, now seed.customer_support_tickets.customer_support_tickets)
[0m22:41:53.977104 [debug] [Thread-1 (]: Began compiling node model.customer_support_tickets.stg_tickets
[0m22:41:53.977542 [debug] [Thread-2 (]: Began compiling node model.customer_support_tickets.stg_users
[0m22:41:53.977924 [debug] [Thread-3 (]: Began compiling node seed.customer_support_tickets.customer_support_tickets
[0m22:41:53.998332 [debug] [Thread-1 (]: Writing injected SQL for node "model.customer_support_tickets.stg_tickets"
[0m22:41:54.002051 [debug] [Thread-2 (]: Writing injected SQL for node "model.customer_support_tickets.stg_users"
[0m22:41:54.003933 [debug] [Thread-3 (]: Began executing node seed.customer_support_tickets.customer_support_tickets
[0m22:41:54.004761 [debug] [Thread-2 (]: Began executing node model.customer_support_tickets.stg_users
[0m22:41:54.005683 [debug] [Thread-3 (]: Finished running node seed.customer_support_tickets.customer_support_tickets
[0m22:41:54.005978 [debug] [Thread-1 (]: Began executing node model.customer_support_tickets.stg_tickets
[0m22:41:54.006652 [debug] [Thread-2 (]: Finished running node model.customer_support_tickets.stg_users
[0m22:41:54.007472 [debug] [Thread-1 (]: Finished running node model.customer_support_tickets.stg_tickets
[0m22:41:54.008550 [debug] [Thread-4 (]: Began running node model.customer_support_tickets.mart_cx_satisfaction
[0m22:41:54.008880 [debug] [Thread-3 (]: Began running node model.customer_support_tickets.mart_fairness
[0m22:41:54.009310 [debug] [Thread-2 (]: Began running node model.customer_support_tickets.mart_operations_sla
[0m22:41:54.009709 [debug] [Thread-4 (]: Acquiring new duckdb connection 'model.customer_support_tickets.mart_cx_satisfaction'
[0m22:41:54.010011 [debug] [Thread-1 (]: Began running node model.customer_support_tickets.mart_priority_subjects
[0m22:41:54.010465 [debug] [Thread-3 (]: Re-using an available connection from the pool (formerly seed.customer_support_tickets.customer_support_tickets, now model.customer_support_tickets.mart_fairness)
[0m22:41:54.010864 [debug] [Thread-2 (]: Re-using an available connection from the pool (formerly model.customer_support_tickets.stg_users, now model.customer_support_tickets.mart_operations_sla)
[0m22:41:54.011284 [debug] [Thread-4 (]: Began compiling node model.customer_support_tickets.mart_cx_satisfaction
[0m22:41:54.011676 [debug] [Thread-1 (]: Re-using an available connection from the pool (formerly model.customer_support_tickets.stg_tickets, now model.customer_support_tickets.mart_priority_subjects)
[0m22:41:54.012078 [debug] [Thread-3 (]: Began compiling node model.customer_support_tickets.mart_fairness
[0m22:41:54.012500 [debug] [Thread-2 (]: Began compiling node model.customer_support_tickets.mart_operations_sla
[0m22:41:54.015391 [debug] [Thread-4 (]: Writing injected SQL for node "model.customer_support_tickets.mart_cx_satisfaction"
[0m22:41:54.015799 [debug] [Thread-1 (]: Began compiling node model.customer_support_tickets.mart_priority_subjects
[0m22:41:54.018595 [debug] [Thread-3 (]: Writing injected SQL for node "model.customer_support_tickets.mart_fairness"
[0m22:41:54.021493 [debug] [Thread-2 (]: Writing injected SQL for node "model.customer_support_tickets.mart_operations_sla"
[0m22:41:54.026377 [debug] [Thread-1 (]: Writing injected SQL for node "model.customer_support_tickets.mart_priority_subjects"
[0m22:41:54.027625 [debug] [Thread-3 (]: Began executing node model.customer_support_tickets.mart_fairness
[0m22:41:54.022489 [debug] [Thread-4 (]: Began executing node model.customer_support_tickets.mart_cx_satisfaction
[0m22:41:54.029973 [debug] [Thread-3 (]: Finished running node model.customer_support_tickets.mart_fairness
[0m22:41:54.028841 [debug] [Thread-2 (]: Began executing node model.customer_support_tickets.mart_operations_sla
[0m22:41:54.028461 [debug] [Thread-1 (]: Began executing node model.customer_support_tickets.mart_priority_subjects
[0m22:41:54.033281 [debug] [Thread-1 (]: Finished running node model.customer_support_tickets.mart_priority_subjects
[0m22:41:54.031407 [debug] [Thread-3 (]: Began running node test.customer_support_tickets.accepted_values_stg_tickets_ticket_priority__low__medium__high__critical.0e0198c81b
[0m22:41:54.032384 [debug] [Thread-2 (]: Finished running node model.customer_support_tickets.mart_operations_sla
[0m22:41:54.030935 [debug] [Thread-4 (]: Finished running node model.customer_support_tickets.mart_cx_satisfaction
[0m22:41:54.033778 [debug] [Thread-1 (]: Began running node test.customer_support_tickets.not_null_stg_tickets_ticket_id.7a49eb141c
[0m22:41:54.034286 [debug] [Thread-3 (]: Re-using an available connection from the pool (formerly model.customer_support_tickets.mart_fairness, now test.customer_support_tickets.accepted_values_stg_tickets_ticket_priority__low__medium__high__critical.0e0198c81b)
[0m22:41:54.034751 [debug] [Thread-2 (]: Began running node test.customer_support_tickets.unique_stg_tickets_ticket_id.8a1a5dfba4
[0m22:41:54.035316 [debug] [Thread-1 (]: Re-using an available connection from the pool (formerly model.customer_support_tickets.mart_priority_subjects, now test.customer_support_tickets.not_null_stg_tickets_ticket_id.7a49eb141c)
[0m22:41:54.035774 [debug] [Thread-3 (]: Began compiling node test.customer_support_tickets.accepted_values_stg_tickets_ticket_priority__low__medium__high__critical.0e0198c81b
[0m22:41:54.036207 [debug] [Thread-2 (]: Re-using an available connection from the pool (formerly model.customer_support_tickets.mart_operations_sla, now test.customer_support_tickets.unique_stg_tickets_ticket_id.8a1a5dfba4)
[0m22:41:54.036621 [debug] [Thread-1 (]: Began compiling node test.customer_support_tickets.not_null_stg_tickets_ticket_id.7a49eb141c
[0m22:41:54.048297 [debug] [Thread-3 (]: Writing injected SQL for node "test.customer_support_tickets.accepted_values_stg_tickets_ticket_priority__low__medium__high__critical.0e0198c81b"
[0m22:41:54.048624 [debug] [Thread-2 (]: Began compiling node test.customer_support_tickets.unique_stg_tickets_ticket_id.8a1a5dfba4
[0m22:41:54.056965 [debug] [Thread-1 (]: Writing injected SQL for node "test.customer_support_tickets.not_null_stg_tickets_ticket_id.7a49eb141c"
[0m22:41:54.057643 [debug] [Thread-3 (]: Began executing node test.customer_support_tickets.accepted_values_stg_tickets_ticket_priority__low__medium__high__critical.0e0198c81b
[0m22:41:54.062924 [debug] [Thread-2 (]: Writing injected SQL for node "test.customer_support_tickets.unique_stg_tickets_ticket_id.8a1a5dfba4"
[0m22:41:54.063599 [debug] [Thread-1 (]: Began executing node test.customer_support_tickets.not_null_stg_tickets_ticket_id.7a49eb141c
[0m22:41:54.064290 [debug] [Thread-3 (]: Finished running node test.customer_support_tickets.accepted_values_stg_tickets_ticket_priority__low__medium__high__critical.0e0198c81b
[0m22:41:54.064889 [debug] [Thread-2 (]: Began executing node test.customer_support_tickets.unique_stg_tickets_ticket_id.8a1a5dfba4
[0m22:41:54.065587 [debug] [Thread-1 (]: Finished running node test.customer_support_tickets.not_null_stg_tickets_ticket_id.7a49eb141c
[0m22:41:54.066331 [debug] [Thread-2 (]: Finished running node test.customer_support_tickets.unique_stg_tickets_ticket_id.8a1a5dfba4
[0m22:41:54.067850 [debug] [MainThread]: Connection 'master' was properly closed.
[0m22:41:54.068142 [debug] [MainThread]: Connection 'test.customer_support_tickets.not_null_stg_tickets_ticket_id.7a49eb141c' was properly closed.
[0m22:41:54.068424 [debug] [MainThread]: Connection 'test.customer_support_tickets.accepted_values_stg_tickets_ticket_priority__low__medium__high__critical.0e0198c81b' was properly closed.
[0m22:41:54.068688 [debug] [MainThread]: Connection 'test.customer_support_tickets.unique_stg_tickets_ticket_id.8a1a5dfba4' was properly closed.
[0m22:41:54.068948 [debug] [MainThread]: Connection 'model.customer_support_tickets.mart_cx_satisfaction' was properly closed.
[0m22:41:54.070594 [debug] [MainThread]: Command end result
[0m22:41:54.182677 [debug] [MainThread]: Wrote artifact WritableManifest to /usr/app/dbt/capstone_support/target/manifest.json
[0m22:41:54.186182 [debug] [MainThread]: Wrote artifact SemanticManifest to /usr/app/dbt/capstone_support/target/semantic_manifest.json
[0m22:41:54.212854 [debug] [MainThread]: Wrote artifact RunExecutionResult to /usr/app/dbt/capstone_support/target/run_results.json
[0m22:41:54.219610 [debug] [MainThread]: Acquiring new duckdb connection 'generate_catalog'
[0m22:41:54.219949 [info ] [MainThread]: Building catalog
[0m22:41:54.240411 [debug] [ThreadPool]: Acquiring new duckdb connection 'support.information_schema'
[0m22:41:54.247648 [debug] [ThreadPool]: Using duckdb connection "support.information_schema"
[0m22:41:54.247967 [debug] [ThreadPool]: On support.information_schema: BEGIN
[0m22:41:54.248306 [debug] [ThreadPool]: Opening a new connection, currently in state init
[0m22:41:54.249057 [debug] [ThreadPool]: SQL status: OK in 0.001 seconds
[0m22:41:54.249382 [debug] [ThreadPool]: Using duckdb connection "support.information_schema"
[0m22:41:54.249746 [debug] [ThreadPool]: On support.information_schema: /* {"app": "dbt", "dbt_version": "1.11.7", "profile_name": "customer_support_tickets", "target_name": "dev", "connection_name": "support.information_schema"} */
with relations AS (
      select
        t.table_name
        , t.database_name
        , t.schema_name
        , 'BASE TABLE' as table_type
        , t.comment as table_comment
      from duckdb_tables() t
      WHERE t.database_name = 'support'
      UNION ALL
      SELECT v.view_name as table_name
      , v.database_name
      , v.schema_name
      , 'VIEW' as table_type
      , v.comment as table_comment
      from duckdb_views() v
      WHERE v.database_name = 'support'
    )
    select
        'support' as table_database,
        r.schema_name as table_schema,
        r.table_name,
        r.table_type,
        r.table_comment,
        c.column_name,
        c.column_index as column_index,
        c.data_type as column_type,
        c.comment as column_comment,
        NULL as table_owner
    FROM relations r JOIN duckdb_columns() c ON r.schema_name = c.schema_name AND r.table_name = c.table_name
    WHERE (upper(r.schema_name) = upper('main_marts') or upper(r.schema_name) = upper('main') or upper(r.schema_name) = upper('main_staging') or upper(r.schema_name) = upper('raw'))
    ORDER BY
        r.schema_name,
        r.table_name,
        c.column_index
[0m22:41:54.264887 [debug] [ThreadPool]: SQL status: OK in 0.015 seconds
[0m22:41:54.270824 [debug] [ThreadPool]: On support.information_schema: ROLLBACK
[0m22:41:54.271346 [debug] [ThreadPool]: Failed to rollback 'support.information_schema'
[0m22:41:54.271632 [debug] [ThreadPool]: On support.information_schema: Close
[0m22:41:54.286350 [debug] [MainThread]: Wrote artifact CatalogArtifact to /usr/app/dbt/capstone_support/target/catalog.json
[0m22:41:54.318943 [debug] [MainThread]: Wrote artifact WritableManifest to /usr/app/dbt/capstone_support/target/manifest.json
[0m22:41:54.320833 [debug] [MainThread]: Wrote artifact SemanticManifest to /usr/app/dbt/capstone_support/target/semantic_manifest.json
[0m22:41:54.321198 [info ] [MainThread]: Catalog written to /usr/app/dbt/capstone_support/target/catalog.json
[0m22:41:54.322478 [debug] [MainThread]: Resource report: {"command_name": "generate", "command_success": true, "command_wall_clock_time": 1.31265, "process_in_blocks": "5728", "process_kernel_time": 0.478589, "process_mem_max_rss": "170264", "process_out_blocks": "9832", "process_user_time": 2.480953}
[0m22:41:54.322961 [debug] [MainThread]: Command `dbt docs generate` succeeded at 22:41:54.322859 after 1.31 seconds
[0m22:41:54.323288 [debug] [MainThread]: Connection 'generate_catalog' was properly closed.
[0m22:41:54.323543 [debug] [MainThread]: Connection 'support.information_schema' was properly closed.
[0m22:41:54.323883 [debug] [MainThread]: Sending event: {'category': 'dbt', 'action': 'invocation', 'label': 'end', 'context': [<snowplow_tracker.self_describing_json.SelfDescribingJson object at 0x796e0d26c290>, <snowplow_tracker.self_describing_json.SelfDescribingJson object at 0x796e0deaa1d0>, <snowplow_tracker.self_describing_json.SelfDescribingJson object at 0x796e11990850>]}
[0m22:41:54.324274 [debug] [MainThread]: Flushing usage events
[0m22:41:54.437813 [debug] [MainThread]: An error was encountered while trying to flush usage events
[0m22:41:57.903620 [debug] [MainThread]: Sending event: {'category': 'dbt', 'action': 'invocation', 'label': 'start', 'context': [<snowplow_tracker.self_describing_json.SelfDescribingJson object at 0x7f61a7cc7dd0>, <snowplow_tracker.self_describing_json.SelfDescribingJson object at 0x7f61a5bfbb10>, <snowplow_tracker.self_describing_json.SelfDescribingJson object at 0x7f61a4b6ee90>]}


============================== 22:41:57.910250 | 87c056d8-1f0d-449b-95c2-f0d898eb7931 ==============================
[0m22:41:57.910250 [info ] [MainThread]: Running with dbt=1.11.7
[0m22:41:57.911159 [debug] [MainThread]: running dbt with arguments {'use_colors': 'True', 'introspect': 'True', 'fail_fast': 'False', 'log_format': 'default', 'target_path': 'None', 'log_path': '/usr/app/dbt/capstone_support/logs', 'printer_width': '80', 'partial_parse': 'True', 'static_parser': 'True', 'version_check': 'True', 'empty': 'None', 'use_experimental_parser': 'False', 'profiles_dir': '/usr/app/dbt', 'warn_error_options': 'WarnErrorOptionsV2(error=[], warn=[], silence=[])', 'send_anonymous_usage_stats': 'True', 'debug': 'False', 'quiet': 'False', 'warn_error': 'None', 'write_json': 'True', 'cache_selected_only': 'False', 'no_print': 'None', 'log_cache_events': 'False', 'indirect_selection': 'eager', 'invocation_command': 'dbt docs serve --port 8081 --profiles-dir /usr/app/dbt'}
[0m22:41:58.194995 [debug] [MainThread]: Sending event: {'category': 'dbt', 'action': 'project_id', 'label': '87c056d8-1f0d-449b-95c2-f0d898eb7931', 'context': [<snowplow_tracker.self_describing_json.SelfDescribingJson object at 0x7f61a4c02610>]}
[0m22:41:58.267907 [debug] [MainThread]: Sending event: {'category': 'dbt', 'action': 'adapter_info', 'label': '87c056d8-1f0d-449b-95c2-f0d898eb7931', 'context': [<snowplow_tracker.self_describing_json.SelfDescribingJson object at 0x7f61a7ce2f50>]}
